{
	"format_version": "1.16.100",
	"minecraft:block": {
		"description": {
			"identifier": "nubs:auto_blue_floor",
			"is_experimental": false,
			"register_to_creative_menu": true
		},
		"components": {
			"minecraft:destroy_time": 2,
			"minecraft:friction": 0.6,
			"minecraft:map_color": "#FFFFFF",
			"minecraft:flammable": {
				"flame_odds": 0,
				"burn_odds": 0
			},
			"minecraft:block_light_absorption": 15,
			"minecraft:block_light_emission": 0,
			"minecraft:explosion_resistance": 6,
			"minecraft:on_placed": {
				"event": "load"
			},
			"minecraft:creative_category": {
				"group": "commands",
				"category": "commands"
			}
		},
		"events": {
			"load": {
				"run_command": {
					"command": [
						"structure load mystructure:blue_platform_0 ~ ~ ~",
						"fill ~ ~ ~ ~ ~ ~ concrete 11"
					]
				}
			}
		}
	}
}