{
	"format_version": "1.20.20",
	"minecraft:block": {
		"description": {
			"identifier": "nubs:rusty_steel_tile_plate",
			"menu_category": {
				"group": "itemGroup.name.copper",
				"category": "construction"
			}
		},
		"components": {
			"minecraft:destructible_by_mining": {
				"seconds_to_destroy": 0.5
			},
			"minecraft:destructible_by_explosion": false,
			"minecraft:geometry": "geometry.carpet",
			"minecraft:material_instances": {
				"*": {
					"texture": "nubs_rusty_steel_tile",
					"render_method": "opaque"
				}
			},
			"minecraft:collision_box": {
				"origin": [
					-8,
					0,
					-8
				],
				"size": [
					16,
					1,
					16
				]
			},
			"minecraft:selection_box": {
				"origin": [
					-8,
					0,
					-8
				],
				"size": [
					16,
					1,
					16
				]
			}
		},
		"events": {}
	}
}