{
	"format_version": "1.20.20",
	"minecraft:block": {
		"description": {
			"identifier": "nubs:rotten_warped_planks",
			"menu_category": {
				"group": "itemGroup.name.planks",
				"category": "construction"
			},
			"states": {
				"nubs:rot": [
					0,
					1,
					2,
					3,
					4
				],
				"nubs:stored_rot": [
					0,
					1,
					2,
					3,
					4
				]
			}
		},
		"components": {
			"minecraft:destructible_by_mining": {
				"seconds_to_destroy": 0.5
			},
			"minecraft:destructible_by_explosion": true,
			"minecraft:flammable": true,
			"minecraft:material_instances": {
				"*": {
					"texture": "nubs_rotten_warped_planks_0",
					"render_method": "opaque"
				}
			},
			"minecraft:on_step_on": {
				"event": "nubs:rot"
			},
			"minecraft:loot": "loot_tables/blocks/rotten_planks.json",
			"minecraft:on_interact": {
				"event": "nubs:fix_block",
				"target": "self",
				"condition": "query.equipped_item_any_tag('slot.weapon.mainhand','nails')"
			}
		},
		"permutations": [
			{
				"condition": "query.block_state('nubs:rot') == 0",
				"components": {
					"minecraft:geometry": "geometry.custom_block",
					"minecraft:material_instances": {
						"*": {
							"texture": "nubs_rotten_warped_planks_0",
							"render_method": "opaque"
						}
					},
					"minecraft:queued_ticking": {
						"looping": false,
						"interval_range": [
							0,
							0
						],
						"on_tick": {
							"event": "placeholder"
						}
					}
				}
			},
			{
				"condition": "query.block_state('nubs:rot') == 1",
				"components": {
					"minecraft:geometry": "geometry.custom_block",
					"minecraft:material_instances": {
						"*": {
							"texture": "nubs_rotten_warped_planks_1",
							"render_method": "opaque"
						}
					},
					"minecraft:queued_ticking": {
						"looping": false,
						"interval_range": [
							10,
							10
						],
						"on_tick": {
							"event": "nubs:rot"
						}
					},
					"minecraft:on_step_off": {
						"event": "nubs:stored_1"
					}
				}
			},
			{
				"condition": "query.block_state('nubs:rot') == 2",
				"components": {
					"minecraft:geometry": "geometry.custom_block",
					"minecraft:material_instances": {
						"*": {
							"texture": "nubs_rotten_warped_planks_2",
							"render_method": "opaque"
						}
					},
					"minecraft:queued_ticking": {
						"looping": false,
						"interval_range": [
							5,
							5
						],
						"on_tick": {
							"event": "nubs:rot"
						}
					},
					"minecraft:on_step_off": {
						"event": "nubs:stored_2"
					}
				}
			},
			{
				"condition": "query.block_state('nubs:rot') == 3",
				"components": {
					"minecraft:geometry": "geometry.custom_block",
					"minecraft:material_instances": {
						"*": {
							"texture": "nubs_rotten_warped_planks_3",
							"render_method": "opaque"
						}
					},
					"minecraft:queued_ticking": {
						"looping": false,
						"interval_range": [
							2.5,
							2.5
						],
						"on_tick": {
							"event": "nubs:rot"
						}
					},
					"minecraft:on_step_off": {
						"event": "nubs:stored_3"
					}
				}
			},
			{
				"condition": "query.block_state('nubs:rot') == 4",
				"components": {
					"minecraft:geometry": "geometry.custom_block",
					"minecraft:material_instances": {
						"*": {
							"texture": "nubs_rotten_warped_planks_4",
							"render_method": "opaque"
						}
					},
					"minecraft:queued_ticking": {
						"looping": false,
						"interval_range": [
							1.25,
							1.25
						],
						"on_tick": {
							"event": "nubs:break"
						}
					},
					"minecraft:on_step_off": {
						"event": "nubs:stored_4"
					}
				}
			},
			{
				"condition": "query.block_state('nubs:stored_rot') == 1",
				"components": {
					"minecraft:geometry": "geometry.custom_block",
					"minecraft:material_instances": {
						"*": {
							"texture": "nubs_rotten_warped_planks_1",
							"render_method": "opaque"
						}
					},
					"minecraft:queued_ticking": {
						"looping": false,
						"interval_range": [
							10,
							10
						],
						"on_tick": {
							"event": "placeholder"
						}
					},
					"minecraft:on_step_on": {
						"event": "nubs:weaken_2"
					}
				}
			},
			{
				"condition": "query.block_state('nubs:stored_rot') == 2",
				"components": {
					"minecraft:geometry": "geometry.custom_block",
					"minecraft:material_instances": {
						"*": {
							"texture": "nubs_rotten_warped_planks_2",
							"render_method": "opaque"
						}
					},
					"minecraft:queued_ticking": {
						"looping": false,
						"interval_range": [
							5,
							5
						],
						"on_tick": {
							"event": "placeholder"
						}
					},
					"minecraft:on_step_on": {
						"event": "nubs:weaken_3"
					}
				}
			},
			{
				"condition": "query.block_state('nubs:stored_rot') == 3",
				"components": {
					"minecraft:geometry": "geometry.custom_block",
					"minecraft:material_instances": {
						"*": {
							"texture": "nubs_rotten_warped_planks_3",
							"render_method": "opaque"
						}
					},
					"minecraft:queued_ticking": {
						"looping": false,
						"interval_range": [
							2.5,
							2.5
						],
						"on_tick": {
							"event": "placeholder"
						}
					},
					"minecraft:on_step_on": {
						"event": "nubs:weaken_4"
					}
				}
			},
			{
				"condition": "query.block_state('nubs:stored_rot') == 4",
				"components": {
					"minecraft:geometry": "geometry.custom_block",
					"minecraft:material_instances": {
						"*": {
							"texture": "nubs_rotten_warped_planks_4",
							"render_method": "opaque"
						}
					},
					"minecraft:queued_ticking": {
						"looping": false,
						"interval_range": [
							1.25,
							1.25
						],
						"on_tick": {
							"event": "placeholder"
						}
					},
					"minecraft:on_step_on": {
						"event": "nubs:break"
					}
				}
			}
		],
		"events": {
			"nubs:fix_block": {
				"swing": {},
				"decrement_stack": {},
				"run_command": {
					"command": [
						"setblock ~~~ nubs:warped_planks"
					]
				}
			},
			"nubs:rot": {
				"sequence": [
					{
						"set_block_state": {
							"nubs:rot": "(query.block_state('nubs:rot')<4) ? query.block_state('nubs:rot')+1"
						}
					},
					{
						"set_block_state": {
							"nubs:stored_rot": 0
						}
					},
					{
						"run_command": {
							"command": [
								"playsound step.wood @a[r=10]"
							]
						}
					}
				]
			},
			"nubs:stored_1": {
				"sequence": [
					{
						"set_block_state": {
							"nubs:rot": 0
						}
					},
					{
						"set_block_state": {
							"nubs:stored_rot": 1
						}
					}
				]
			},
			"nubs:stored_2": {
				"sequence": [
					{
						"set_block_state": {
							"nubs:rot": 0
						}
					},
					{
						"set_block_state": {
							"nubs:stored_rot": 2
						}
					}
				]
			},
			"nubs:stored_3": {
				"sequence": [
					{
						"set_block_state": {
							"nubs:rot": 0
						}
					},
					{
						"set_block_state": {
							"nubs:stored_rot": 3
						}
					}
				]
			},
			"nubs:stored_4": {
				"sequence": [
					{
						"set_block_state": {
							"nubs:rot": 0
						}
					},
					{
						"set_block_state": {
							"nubs:stored_rot": 4
						}
					}
				]
			},
			"nubs:weaken_2": {
				"sequence": [
					{
						"set_block_state": {
							"nubs:rot": 2
						}
					},
					{
						"set_block_state": {
							"nubs:stored_rot": 0
						}
					},
					{
						"run_command": {
							"command": [
								"playsound step.wood @a[r=10]"
							]
						}
					}
				]
			},
			"nubs:weaken_3": {
				"sequence": [
					{
						"set_block_state": {
							"nubs:rot": 3
						}
					},
					{
						"set_block_state": {
							"nubs:stored_rot": 0
						}
					},
					{
						"run_command": {
							"command": [
								"playsound step.wood @a[r=10]"
							]
						}
					}
				]
			},
			"nubs:weaken_4": {
				"sequence": [
					{
						"set_block_state": {
							"nubs:rot": 4
						}
					},
					{
						"set_block_state": {
							"nubs:stored_rot": 0
						}
					},
					{
						"run_command": {
							"command": [
								"playsound step.wood @a[r=10]"
							]
						}
					}
				]
			},
			"nubs:break": {
				"run_command": {
					"command": [
						"setblock ~~~ air destroy"
					]
				}
			},
			"placeholder": {}
		}
	}
}