{
	"format_version": "1.12.0",
	"minecraft:geometry": [
		{
			"description": {
				"identifier": "geometry.alligator",
				"texture_width": 64,
				"texture_height": 64,
				"visible_bounds_width": 5,
				"visible_bounds_height": 2.5,
				"visible_bounds_offset": [
					0,
					0.75,
					0
				]
			},
			"bones": [
				{
					"name": "alligator",
					"pivot": [
						5,
						2,
						-8
					]
				},
				{
					"name": "upper",
					"parent": "alligator",
					"pivot": [
						5,
						2,
						-8
					],
					"cubes": [
						{
							"origin": [
								-5,
								2,
								-8
							],
							"size": [
								10,
								5,
								10
							],
							"uv": [
								0,
								0
							]
						},
						{
							"origin": [
								2,
								7,
								-8
							],
							"size": [
								0,
								3,
								10
							],
							"pivot": [
								2,
								7,
								-3
							],
							"rotation": [
								0,
								0,
								15
							],
							"uv": [
								25,
								5
							]
						},
						{
							"origin": [
								-2,
								7,
								-8
							],
							"size": [
								0,
								3,
								10
							],
							"pivot": [
								-2,
								7,
								-3
							],
							"rotation": [
								0,
								0,
								-15
							],
							"uv": [
								19,
								22
							]
						}
					]
				},
				{
					"name": "head",
					"parent": "upper",
					"pivot": [
						0,
						4,
						-8
					]
				},
				{
					"name": "upperjaw",
					"parent": "head",
					"pivot": [
						0,
						4,
						-8
					],
					"cubes": [
						{
							"origin": [
								-3,
								4,
								-17
							],
							"size": [
								6,
								3,
								9
							],
							"uv": [
								25,
								20
							]
						},
						{
							"origin": [
								-3,
								6.5,
								-11
							],
							"size": [
								2,
								1,
								1
							],
							"pivot": [
								-2,
								7,
								-10.5
							],
							"rotation": [
								0,
								90,
								0
							],
							"uv": [
								0,
								15
							]
						},
						{
							"origin": [
								1,
								6.5,
								-11
							],
							"size": [
								2,
								1,
								1
							],
							"pivot": [
								2,
								7,
								-10.5
							],
							"rotation": [
								0,
								-90,
								0
							],
							"uv": [
								0,
								8
							]
						}
					]
				},
				{
					"name": "lowerjaw",
					"parent": "head",
					"pivot": [
						0,
						4,
						-8
					],
					"cubes": [
						{
							"origin": [
								-2,
								2,
								-16
							],
							"size": [
								4,
								2,
								8
							],
							"uv": [
								30,
								0
							]
						}
					]
				},
				{
					"name": "leg0",
					"parent": "upper",
					"pivot": [
						5,
						5,
						-5
					],
					"cubes": [
						{
							"origin": [
								4,
								0,
								-7
							],
							"size": [
								2,
								5,
								3
							],
							"uv": [
								14,
								45
							]
						}
					]
				},
				{
					"name": "leg1",
					"parent": "upper",
					"pivot": [
						-5,
						5,
						-5
					],
					"cubes": [
						{
							"origin": [
								-6,
								0,
								-7
							],
							"size": [
								2,
								5,
								3
							],
							"uv": [
								0,
								0
							]
						}
					]
				},
				{
					"name": "lower",
					"parent": "alligator",
					"pivot": [
						0,
						5,
						2
					],
					"cubes": [
						{
							"origin": [
								-4,
								2,
								2
							],
							"size": [
								8,
								5,
								9
							],
							"uv": [
								0,
								15
							]
						},
						{
							"origin": [
								-2,
								7,
								2
							],
							"size": [
								0,
								3,
								9
							],
							"pivot": [
								-2,
								7,
								6.5
							],
							"rotation": [
								0,
								0,
								-15
							],
							"uv": [
								18,
								33
							]
						},
						{
							"origin": [
								2,
								7,
								2
							],
							"size": [
								0,
								3,
								9
							],
							"pivot": [
								2,
								7,
								6.5
							],
							"rotation": [
								0,
								0,
								15
							],
							"uv": [
								0,
								31
							]
						}
					]
				},
				{
					"name": "leg2",
					"parent": "lower",
					"pivot": [
						4,
						5,
						5
					],
					"cubes": [
						{
							"origin": [
								3,
								2,
								3
							],
							"size": [
								3,
								3,
								4
							],
							"uv": [
								0,
								43
							]
						},
						{
							"origin": [
								3,
								0,
								4
							],
							"size": [
								3,
								2,
								3
							],
							"uv": [
								46,
								20
							]
						}
					]
				},
				{
					"name": "leg3",
					"parent": "lower",
					"pivot": [
						-4,
						5,
						5
					],
					"cubes": [
						{
							"origin": [
								-6,
								2,
								3
							],
							"size": [
								3,
								3,
								4
							],
							"uv": [
								32,
								42
							]
						},
						{
							"origin": [
								-6,
								0,
								4
							],
							"size": [
								3,
								2,
								3
							],
							"uv": [
								46,
								0
							]
						}
					]
				},
				{
					"name": "tail",
					"parent": "lower",
					"pivot": [
						0,
						4,
						13
					],
					"cubes": [
						{
							"origin": [
								-3,
								2,
								11
							],
							"size": [
								6,
								4,
								7
							],
							"uv": [
								0,
								29
							]
						}
					]
				},
				{
					"name": "midtail",
					"parent": "tail",
					"pivot": [
						0,
						4,
						18
					],
					"cubes": [
						{
							"origin": [
								-2,
								2,
								18
							],
							"size": [
								4,
								3,
								7
							],
							"uv": [
								32,
								32
							]
						}
					]
				},
				{
					"name": "tailend",
					"parent": "midtail",
					"pivot": [
						0,
						3,
						22
					],
					"cubes": [
						{
							"origin": [
								-1,
								2,
								25
							],
							"size": [
								2,
								2,
								5
							],
							"uv": [
								40,
								13
							]
						}
					]
				}
			]
		}
	]
}