{
	"format_version": "1.16.0",
	"minecraft:geometry": [
		{
			"description": {
				"identifier": "geometry.automatic_pistol_silencer_empty",
				"texture_width": 32,
				"texture_height": 32,
				"visible_bounds_width": 3,
				"visible_bounds_height": 2.5,
				"visible_bounds_offset": [
					0,
					0.75,
					0
				]
			},
			"bones": [
				{
					"name": "root",
					"pivot": [
						0,
						0,
						1
					],
					"binding": "q.item_slot_to_bone_name(c.item_slot)"
				},
				{
					"name": "gun",
					"parent": "root",
					"pivot": [
						0,
						0,
						0
					],
					"cubes": [
						{
							"origin": [
								-1,
								0,
								4
							],
							"size": [
								2,
								5,
								3
							],
							"inflate": -0.1,
							"pivot": [
								0,
								4,
								5
							],
							"rotation": [
								15,
								0,
								0
							],
							"uv": [
								10,
								10
							]
						},
						{
							"origin": [
								0,
								1,
								1.5
							],
							"size": [
								0,
								3,
								4
							],
							"uv": [
								0,
								0
							]
						},
						{
							"origin": [
								-1,
								4,
								-1
							],
							"size": [
								2,
								2,
								8
							],
							"uv": [
								0,
								0
							]
						},
						{
							"origin": [
								0,
								5.75,
								-1
							],
							"size": [
								0,
								1,
								1
							],
							"uv": [
								0,
								1
							]
						},
						{
							"origin": [
								-0.5,
								4.5,
								-4
							],
							"size": [
								1,
								1,
								8
							],
							"uv": [
								0,
								10
							]
						}
					]
				},
				{
					"name": "bolt",
					"parent": "gun",
					"pivot": [
						1,
						5,
						5.5
					],
					"cubes": [
						{
							"origin": [
								0,
								4.5,
								5
							],
							"size": [
								2,
								1,
								1
							],
							"inflate": -0.2,
							"uv": [
								0,
								0
							]
						}
					]
				},
				{
					"name": "silencer",
					"parent": "gun",
					"pivot": [
						0,
						5,
						-6.5
					],
					"rotation": [
						0,
						0,
						45
					],
					"cubes": [
						{
							"origin": [
								-1.5,
								3.5,
								-10.5
							],
							"size": [
								3,
								3,
								8
							],
							"inflate": -0.5,
							"uv": [
								10,
								21
							]
						}
					]
				}
			]
		}
	]
}