{
	"format_version": "1.16.0",
	"minecraft:geometry": [
		{
			"description": {
				"identifier": "geometry.automatic_rifle_stockless_empty",
				"texture_width": 64,
				"texture_height": 64,
				"visible_bounds_width": 3,
				"visible_bounds_height": 2.5,
				"visible_bounds_offset": [
					0,
					0.75,
					0
				]
			},
			"bones": [
				{
					"name": "root",
					"pivot": [
						0,
						0,
						0
					],
					"binding": "q.item_slot_to_bone_name(c.item_slot)",
					"cubes": [
						{
							"origin": [
								-1,
								0,
								3
							],
							"size": [
								2,
								5,
								3
							],
							"inflate": -0.1,
							"pivot": [
								0,
								4,
								4
							],
							"rotation": [
								20,
								0,
								0
							],
							"uv": [
								0,
								0
							]
						},
						{
							"origin": [
								0,
								2,
								0.1
							],
							"size": [
								0,
								5,
								3
							],
							"pivot": [
								0,
								4,
								4
							],
							"rotation": [
								20,
								0,
								0
							],
							"uv": [
								0,
								5
							]
						},
						{
							"origin": [
								-1,
								4,
								-7
							],
							"size": [
								2,
								3,
								14
							],
							"uv": [
								0,
								18
							]
						},
						{
							"origin": [
								-0.5,
								5.2,
								-15
							],
							"size": [
								1,
								1,
								8
							],
							"uv": [
								24,
								29
							]
						},
						{
							"origin": [
								-1,
								7,
								-1
							],
							"size": [
								2,
								1,
								8
							],
							"uv": [
								20,
								0
							]
						},
						{
							"origin": [
								-0.5,
								8,
								4
							],
							"size": [
								0,
								1,
								2
							],
							"uv": [
								10,
								1
							]
						},
						{
							"origin": [
								0,
								7,
								-16
							],
							"size": [
								0,
								2,
								1
							],
							"uv": [
								0,
								0
							]
						},
						{
							"origin": [
								0.5,
								8,
								4
							],
							"size": [
								0,
								1,
								2
							],
							"uv": [
								7,
								0
							]
						},
						{
							"origin": [
								-1,
								6,
								-16.8
							],
							"size": [
								2,
								2,
								16
							],
							"inflate": -0.2,
							"uv": [
								0,
								0
							]
						}
					]
				}
			]
		}
	]
}