{
	"format_version": "1.12.0",
	"minecraft:geometry": [
		{
			"description": {
				"identifier": "geometry.blueshroom",
				"texture_width": 32,
				"texture_height": 32,
				"visible_bounds_width": 2,
				"visible_bounds_height": 2.5,
				"visible_bounds_offset": [
					0,
					0.75,
					0
				]
			},
			"bones": [
				{
					"name": "bone",
					"pivot": [
						0,
						0,
						0
					],
					"cubes": [
						{
							"origin": [
								-3,
								0,
								-3
							],
							"size": [
								2,
								4,
								2
							],
							"uv": [
								14,
								10
							]
						},
						{
							"origin": [
								3,
								0,
								3
							],
							"size": [
								2,
								2,
								2
							],
							"uv": [
								12,
								0
							]
						},
						{
							"origin": [
								-4,
								4,
								-4
							],
							"size": [
								4,
								8,
								4
							],
							"uv": [
								0,
								0
							]
						},
						{
							"origin": [
								2,
								2,
								2
							],
							"size": [
								4,
								6,
								4
							],
							"uv": [
								0,
								12
							]
						}
					]
				}
			]
		}
	]
}