{
	"format_version": "1.12.0",
	"minecraft:geometry": [
		{
			"description": {
				"identifier": "geometry.boards",
				"texture_width": 16,
				"texture_height": 16,
				"visible_bounds_width": 2,
				"visible_bounds_height": 2.5,
				"visible_bounds_offset": [
					0,
					0.75,
					0
				]
			},
			"bones": [
				{
					"name": "bone",
					"pivot": [
						0,
						8,
						0
					],
					"cubes": [
						{
							"origin": [
								-8,
								0,
								7
							],
							"size": [
								16,
								4,
								1
							],
							"uv": {
								"north": {
									"uv": [
										0,
										1
									],
									"uv_size": [
										16,
										4
									]
								},
								"east": {
									"uv": [
										15,
										0
									],
									"uv_size": [
										1,
										4
									]
								},
								"south": {
									"uv": [
										0,
										1
									],
									"uv_size": [
										16,
										4
									]
								},
								"west": {
									"uv": [
										15,
										0
									],
									"uv_size": [
										1,
										4
									]
								},
								"up": {
									"uv": [
										16,
										4
									],
									"uv_size": [
										-16,
										-1
									]
								},
								"down": {
									"uv": [
										16,
										4
									],
									"uv_size": [
										-16,
										-1
									]
								}
							}
						},
						{
							"origin": [
								-8,
								12,
								7
							],
							"size": [
								16,
								4,
								1
							],
							"uv": {
								"north": {
									"uv": [
										0,
										1
									],
									"uv_size": [
										16,
										4
									]
								},
								"east": {
									"uv": [
										15,
										0
									],
									"uv_size": [
										1,
										4
									]
								},
								"south": {
									"uv": [
										0,
										1
									],
									"uv_size": [
										16,
										4
									]
								},
								"west": {
									"uv": [
										15,
										0
									],
									"uv_size": [
										1,
										4
									]
								},
								"up": {
									"uv": [
										16,
										4
									],
									"uv_size": [
										-16,
										-1
									]
								},
								"down": {
									"uv": [
										16,
										4
									],
									"uv_size": [
										-16,
										-1
									]
								}
							}
						},
						{
							"origin": [
								-8,
								6,
								7
							],
							"size": [
								16,
								4,
								1
							],
							"uv": {
								"north": {
									"uv": [
										0,
										1
									],
									"uv_size": [
										16,
										4
									]
								},
								"east": {
									"uv": [
										15,
										0
									],
									"uv_size": [
										1,
										4
									]
								},
								"south": {
									"uv": [
										0,
										1
									],
									"uv_size": [
										16,
										4
									]
								},
								"west": {
									"uv": [
										15,
										0
									],
									"uv_size": [
										1,
										4
									]
								},
								"up": {
									"uv": [
										16,
										4
									],
									"uv_size": [
										-16,
										-1
									]
								},
								"down": {
									"uv": [
										16,
										4
									],
									"uv_size": [
										-16,
										-1
									]
								}
							}
						},
						{
							"origin": [
								-2.34315,
								3.65685,
								6
							],
							"size": [
								16,
								4,
								1
							],
							"pivot": [
								0,
								0,
								0
							],
							"rotation": [
								0,
								0,
								-45
							],
							"uv": {
								"north": {
									"uv": [
										0,
										1
									],
									"uv_size": [
										16,
										4
									]
								},
								"east": {
									"uv": [
										15,
										0
									],
									"uv_size": [
										1,
										4
									]
								},
								"south": {
									"uv": [
										0,
										1
									],
									"uv_size": [
										16,
										4
									]
								},
								"west": {
									"uv": [
										15,
										0
									],
									"uv_size": [
										1,
										4
									]
								},
								"up": {
									"uv": [
										16,
										4
									],
									"uv_size": [
										-16,
										-1
									]
								},
								"down": {
									"uv": [
										16,
										4
									],
									"uv_size": [
										-16,
										-1
									]
								}
							}
						}
					]
				}
			]
		}
	]
}