{
	"format_version": "1.12.0",
	"minecraft:geometry": [
		{
			"description": {
				"identifier": "geometry.boat_geometry",
				"texture_width": 128,
				"texture_height": 64,
				"visible_bounds_width": 5,
				"visible_bounds_height": 3,
				"visible_bounds_offset": [
					0,
					0.5,
					0
				]
			},
			"bones": [
				{
					"name": "boat",
					"pivot": [
						0,
						-5,
						0
					]
				},
				{
					"name": "paddle_right",
					"parent": "boat",
					"pivot": [
						4,
						9,
						9
					],
					"cubes": [
						{
							"origin": [
								-9.5,
								14,
								-5.5
							],
							"size": [
								2,
								2,
								18
							],
							"pivot": [
								-1,
								0,
								-5
							],
							"rotation": [
								142.5,
								130,
								180
							],
							"uv": {
								"north": {
									"uv": [
										80,
										18
									],
									"uv_size": [
										2,
										2
									]
								},
								"east": {
									"uv": [
										62,
										18
									],
									"uv_size": [
										18,
										2
									]
								},
								"south": {
									"uv": [
										100,
										18
									],
									"uv_size": [
										2,
										2
									]
								},
								"west": {
									"uv": [
										82,
										18
									],
									"uv_size": [
										18,
										2
									]
								},
								"up": {
									"uv": [
										80,
										0
									],
									"uv_size": [
										2,
										18
									]
								},
								"down": {
									"uv": [
										82,
										18
									],
									"uv_size": [
										2,
										-18
									]
								}
							}
						},
						{
							"origin": [
								-9.49,
								13,
								8.5
							],
							"size": [
								1,
								6,
								7
							],
							"pivot": [
								-1,
								0,
								-5
							],
							"rotation": [
								142.5,
								130,
								180
							],
							"uv": {
								"north": {
									"uv": [
										69,
										7
									],
									"uv_size": [
										1,
										6
									]
								},
								"east": {
									"uv": [
										62,
										7
									],
									"uv_size": [
										7,
										6
									]
								},
								"south": {
									"uv": [
										77,
										7
									],
									"uv_size": [
										1,
										6
									]
								},
								"west": {
									"uv": [
										70,
										7
									],
									"uv_size": [
										7,
										6
									]
								},
								"up": {
									"uv": [
										69,
										0
									],
									"uv_size": [
										1,
										7
									]
								},
								"down": {
									"uv": [
										70,
										7
									],
									"uv_size": [
										1,
										-7
									]
								}
							}
						}
					]
				},
				{
					"name": "paddle_left",
					"parent": "boat",
					"pivot": [
						4,
						9,
						-9
					],
					"cubes": [
						{
							"origin": [
								-1.5,
								10,
								-10.5
							],
							"size": [
								2,
								2,
								18
							],
							"pivot": [
								-1,
								0,
								-5
							],
							"rotation": [
								142.5,
								57.5,
								180
							],
							"uv": {
								"north": {
									"uv": [
										80,
										18
									],
									"uv_size": [
										2,
										2
									]
								},
								"east": {
									"uv": [
										62,
										18
									],
									"uv_size": [
										18,
										2
									]
								},
								"south": {
									"uv": [
										100,
										18
									],
									"uv_size": [
										2,
										2
									]
								},
								"west": {
									"uv": [
										82,
										18
									],
									"uv_size": [
										18,
										2
									]
								},
								"up": {
									"uv": [
										80,
										0
									],
									"uv_size": [
										2,
										18
									]
								},
								"down": {
									"uv": [
										82,
										18
									],
									"uv_size": [
										2,
										-18
									]
								}
							}
						},
						{
							"origin": [
								-0.49,
								9,
								3.5
							],
							"size": [
								1,
								6,
								7
							],
							"pivot": [
								-1,
								0,
								-5
							],
							"rotation": [
								142.5,
								57.5,
								180
							],
							"uv": {
								"north": {
									"uv": [
										69,
										7
									],
									"uv_size": [
										1,
										6
									]
								},
								"east": {
									"uv": [
										62,
										7
									],
									"uv_size": [
										7,
										6
									]
								},
								"south": {
									"uv": [
										77,
										7
									],
									"uv_size": [
										1,
										6
									]
								},
								"west": {
									"uv": [
										70,
										7
									],
									"uv_size": [
										7,
										6
									]
								},
								"up": {
									"uv": [
										69,
										0
									],
									"uv_size": [
										1,
										7
									]
								},
								"down": {
									"uv": [
										70,
										7
									],
									"uv_size": [
										1,
										-7
									]
								}
							}
						}
					]
				},
				{
					"name": "left",
					"parent": "boat",
					"pivot": [
						0,
						19,
						9
					],
					"cubes": [
						{
							"origin": [
								-14,
								3,
								8
							],
							"size": [
								28,
								6,
								2
							],
							"uv": {
								"north": {
									"uv": [
										30,
										45
									],
									"uv_size": [
										-28,
										6
									]
								},
								"east": {
									"uv": [
										32,
										45
									],
									"uv_size": [
										-2,
										6
									]
								},
								"south": {
									"uv": [
										60,
										45
									],
									"uv_size": [
										-28,
										6
									]
								},
								"west": {
									"uv": [
										2,
										45
									],
									"uv_size": [
										-2,
										6
									]
								},
								"up": {
									"uv": [
										30,
										43
									],
									"uv_size": [
										-28,
										2
									]
								},
								"down": {
									"uv": [
										58,
										45
									],
									"uv_size": [
										-28,
										-2
									]
								}
							}
						}
					]
				},
				{
					"name": "right",
					"parent": "boat",
					"pivot": [
						0,
						19,
						-9
					],
					"rotation": [
						0,
						-180,
						0
					],
					"cubes": [
						{
							"origin": [
								-14,
								3,
								-10
							],
							"size": [
								28,
								6,
								2
							],
							"uv": {
								"north": {
									"uv": [
										30,
										37
									],
									"uv_size": [
										-28,
										6
									]
								},
								"east": {
									"uv": [
										32,
										37
									],
									"uv_size": [
										-2,
										6
									]
								},
								"south": {
									"uv": [
										60,
										37
									],
									"uv_size": [
										-28,
										6
									]
								},
								"west": {
									"uv": [
										2,
										37
									],
									"uv_size": [
										-2,
										6
									]
								},
								"up": {
									"uv": [
										30,
										35
									],
									"uv_size": [
										-28,
										2
									]
								},
								"down": {
									"uv": [
										58,
										37
									],
									"uv_size": [
										-28,
										-2
									]
								}
							}
						}
					]
				},
				{
					"name": "front",
					"parent": "boat",
					"pivot": [
						15,
						19,
						0
					],
					"rotation": [
						0,
						90,
						0
					],
					"cubes": [
						{
							"origin": [
								7,
								3,
								-1
							],
							"size": [
								16,
								6,
								2
							],
							"uv": {
								"north": {
									"uv": [
										18,
										29
									],
									"uv_size": [
										-16,
										6
									]
								},
								"east": {
									"uv": [
										20,
										29
									],
									"uv_size": [
										-2,
										6
									]
								},
								"south": {
									"uv": [
										36,
										29
									],
									"uv_size": [
										-16,
										6
									]
								},
								"west": {
									"uv": [
										2,
										29
									],
									"uv_size": [
										-2,
										6
									]
								},
								"up": {
									"uv": [
										18,
										27
									],
									"uv_size": [
										-16,
										2
									]
								},
								"down": {
									"uv": [
										34,
										29
									],
									"uv_size": [
										-16,
										-2
									]
								}
							}
						}
					]
				},
				{
					"name": "back",
					"parent": "boat",
					"pivot": [
						-15,
						19,
						0
					],
					"rotation": [
						0,
						-90,
						0
					],
					"cubes": [
						{
							"origin": [
								-24,
								3,
								-1
							],
							"size": [
								18,
								6,
								2
							],
							"uv": {
								"north": {
									"uv": [
										20,
										21
									],
									"uv_size": [
										-18,
										6
									]
								},
								"east": {
									"uv": [
										22,
										21
									],
									"uv_size": [
										-2,
										6
									]
								},
								"south": {
									"uv": [
										40,
										21
									],
									"uv_size": [
										-18,
										6
									]
								},
								"west": {
									"uv": [
										2,
										21
									],
									"uv_size": [
										-2,
										6
									]
								},
								"up": {
									"uv": [
										20,
										19
									],
									"uv_size": [
										-18,
										2
									]
								},
								"down": {
									"uv": [
										38,
										21
									],
									"uv_size": [
										-18,
										-2
									]
								}
							}
						}
					]
				},
				{
					"name": "bottom",
					"parent": "boat",
					"pivot": [
						0,
						13,
						0
					],
					"rotation": [
						90,
						0,
						0
					],
					"cubes": [
						{
							"origin": [
								-14,
								5,
								-13
							],
							"size": [
								28,
								16,
								3
							],
							"uv": {
								"north": {
									"uv": [
										31,
										3
									],
									"uv_size": [
										-28,
										16
									]
								},
								"east": {
									"uv": [
										34,
										3
									],
									"uv_size": [
										-3,
										16
									]
								},
								"south": {
									"uv": [
										62,
										3
									],
									"uv_size": [
										-28,
										16
									]
								},
								"west": {
									"uv": [
										3,
										3
									],
									"uv_size": [
										-3,
										16
									]
								},
								"up": {
									"uv": [
										31,
										0
									],
									"uv_size": [
										-28,
										3
									]
								},
								"down": {
									"uv": [
										59,
										3
									],
									"uv_size": [
										-28,
										-3
									]
								}
							}
						}
					]
				},
				{
					"name": "water",
					"parent": "boat",
					"pivot": [
						0,
						-5,
						0
					],
					"cubes": [
						{
							"origin": [
								-14,
								3,
								-8
							],
							"size": [
								28,
								6,
								16
							],
							"uv": {
								"north": {
									"uv": [
										112,
										0
									],
									"uv_size": [
										16,
										6
									]
								},
								"east": {
									"uv": [
										100,
										0
									],
									"uv_size": [
										28,
										6
									]
								},
								"south": {
									"uv": [
										112,
										22
									],
									"uv_size": [
										16,
										6
									]
								},
								"west": {
									"uv": [
										100,
										0
									],
									"uv_size": [
										28,
										6
									]
								},
								"up": {
									"uv": [
										112,
										0
									],
									"uv_size": [
										16,
										28
									]
								},
								"down": {
									"uv": [
										112,
										28
									],
									"uv_size": [
										16,
										-28
									]
								}
							}
						}
					]
				}
			]
		}
	]
}