{
	"format_version": "1.12.0",
	"minecraft:geometry": [
		{
			"description": {
				"identifier": "geometry.bomb",
				"texture_width": 64,
				"texture_height": 64,
				"visible_bounds_width": 3,
				"visible_bounds_height": 2.5,
				"visible_bounds_offset": [
					0,
					0.75,
					0
				]
			},
			"bones": [
				{
					"name": "root",
					"pivot": [
						0,
						0,
						0
					]
				},
				{
					"name": "bomb",
					"parent": "root",
					"pivot": [
						0,
						0,
						0
					],
					"cubes": [
						{
							"origin": [
								-3,
								0,
								-3
							],
							"size": [
								6,
								10,
								6
							],
							"pivot": [
								0,
								5,
								0
							],
							"rotation": [
								0,
								-45,
								0
							],
							"uv": [
								5,
								4
							]
						},
						{
							"origin": [
								-2,
								10,
								-2
							],
							"size": [
								4,
								4,
								4
							],
							"uv": [
								0,
								24
							]
						},
						{
							"origin": [
								1,
								11,
								2
							],
							"size": [
								1,
								5,
								3
							],
							"uv": [
								27,
								27
							]
						},
						{
							"origin": [
								-2,
								11,
								-5
							],
							"size": [
								1,
								5,
								3
							],
							"uv": [
								17,
								25
							]
						},
						{
							"origin": [
								2,
								11,
								-2
							],
							"size": [
								3,
								5,
								1
							],
							"uv": [
								30,
								0
							]
						},
						{
							"origin": [
								-5,
								11,
								1
							],
							"size": [
								3,
								5,
								1
							],
							"uv": [
								0,
								0
							]
						}
					]
				}
			]
		}
	]
}