{
	"format_version": "1.12.0",
	"minecraft:geometry": [
		{
			"description": {
				"identifier": "geometry.brachyura",
				"texture_width": 128,
				"texture_height": 128,
				"visible_bounds_width": 4,
				"visible_bounds_height": 2.5,
				"visible_bounds_offset": [
					0,
					0.75,
					0
				]
			},
			"bones": [
				{
					"name": "bone",
					"pivot": [
						2,
						1,
						-8
					]
				},
				{
					"name": "upperbody",
					"parent": "bone",
					"pivot": [
						0,
						9,
						0
					],
					"cubes": [
						{
							"origin": [
								-10,
								9,
								-8
							],
							"size": [
								20,
								6,
								16
							],
							"uv": [
								0,
								30
							]
						},
						{
							"origin": [
								-12,
								15,
								-8
							],
							"size": [
								24,
								8,
								22
							],
							"pivot": [
								0,
								23,
								-8
							],
							"rotation": [
								-25,
								0,
								0
							],
							"uv": [
								0,
								0
							]
						}
					]
				},
				{
					"name": "head",
					"parent": "upperbody",
					"pivot": [
						0,
						15,
						-8
					],
					"cubes": [
						{
							"origin": [
								-4,
								11,
								-12
							],
							"size": [
								8,
								4,
								4
							],
							"uv": [
								56,
								62
							]
						},
						{
							"origin": [
								-4,
								9,
								-10
							],
							"size": [
								8,
								2,
								2
							],
							"uv": [
								0,
								76
							]
						}
					]
				},
				{
					"name": "lm",
					"parent": "head",
					"pivot": [
						4,
						11,
						-10
					],
					"cubes": [
						{
							"origin": [
								0,
								9,
								-12
							],
							"size": [
								4,
								2,
								2
							],
							"uv": [
								0,
								80
							]
						}
					]
				},
				{
					"name": "rm",
					"parent": "head",
					"pivot": [
						-4,
						11,
						-10
					],
					"cubes": [
						{
							"origin": [
								-4,
								9,
								-12
							],
							"size": [
								4,
								2,
								2
							],
							"uv": [
								0,
								84
							]
						}
					]
				},
				{
					"name": "la",
					"parent": "head",
					"pivot": [
						3,
						13,
						-12
					],
					"rotation": [
						-75,
						0,
						0
					],
					"cubes": [
						{
							"origin": [
								2,
								13,
								-20
							],
							"size": [
								2,
								0,
								8
							],
							"uv": [
								4,
								0
							]
						}
					]
				},
				{
					"name": "ra",
					"parent": "head",
					"pivot": [
						-3,
						13,
						-12
					],
					"rotation": [
						-75,
						0,
						0
					],
					"cubes": [
						{
							"origin": [
								-4,
								13,
								-20
							],
							"size": [
								2,
								0,
								8
							],
							"uv": [
								0,
								0
							]
						}
					]
				},
				{
					"name": "leftarm",
					"parent": "upperbody",
					"pivot": [
						10,
						12,
						-6
					],
					"cubes": [
						{
							"origin": [
								10,
								10,
								-8
							],
							"size": [
								8,
								4,
								4
							],
							"uv": [
								24,
								68
							]
						}
					]
				},
				{
					"name": "lefthand",
					"parent": "leftarm",
					"pivot": [
						18,
						12,
						-6
					],
					"cubes": [
						{
							"origin": [
								18,
								9,
								-7
							],
							"size": [
								8,
								6,
								4
							],
							"uv": [
								44,
								52
							]
						}
					]
				},
				{
					"name": "leftthumb",
					"parent": "lefthand",
					"pivot": [
						18,
						12,
						-7
					],
					"cubes": [
						{
							"origin": [
								18,
								10,
								-9
							],
							"size": [
								8,
								4,
								2
							],
							"inflate": 0.1,
							"uv": [
								0,
								8
							]
						}
					]
				},
				{
					"name": "rightarm",
					"parent": "upperbody",
					"pivot": [
						-10,
						12,
						-6
					],
					"cubes": [
						{
							"origin": [
								-18,
								10,
								-8
							],
							"size": [
								8,
								4,
								4
							],
							"uv": [
								0,
								68
							]
						}
					]
				},
				{
					"name": "righthand",
					"parent": "rightarm",
					"pivot": [
						-18,
						12,
						-6
					],
					"cubes": [
						{
							"origin": [
								-26,
								9,
								-7
							],
							"size": [
								8,
								6,
								4
							],
							"uv": [
								56,
								30
							]
						}
					]
				},
				{
					"name": "rightthumb",
					"parent": "righthand",
					"pivot": [
						-18,
						12,
						-7
					],
					"cubes": [
						{
							"origin": [
								-26,
								10,
								-9
							],
							"size": [
								8,
								4,
								2
							],
							"inflate": 0.1,
							"uv": [
								0,
								14
							]
						}
					]
				},
				{
					"name": "lowerbody",
					"parent": "bone",
					"pivot": [
						0,
						9,
						0
					],
					"cubes": [
						{
							"origin": [
								-8,
								5,
								-6
							],
							"size": [
								16,
								4,
								12
							],
							"uv": [
								0,
								52
							]
						}
					]
				},
				{
					"name": "leg0",
					"parent": "lowerbody",
					"pivot": [
						-8,
						6,
						4
					],
					"cubes": [
						{
							"origin": [
								-20,
								5,
								3
							],
							"size": [
								12,
								2,
								2
							],
							"uv": [
								64,
								52
							]
						}
					]
				},
				{
					"name": "leg1",
					"parent": "lowerbody",
					"pivot": [
						8,
						6,
						4
					],
					"cubes": [
						{
							"origin": [
								8,
								5,
								3
							],
							"size": [
								12,
								2,
								2
							],
							"uv": [
								70,
								4
							]
						}
					]
				},
				{
					"name": "leg2",
					"parent": "lowerbody",
					"pivot": [
						-8,
						6,
						0
					],
					"cubes": [
						{
							"origin": [
								-20,
								5,
								-1
							],
							"size": [
								12,
								2,
								2
							],
							"uv": [
								56,
								40
							]
						}
					]
				},
				{
					"name": "leg3",
					"parent": "lowerbody",
					"pivot": [
						8,
						6,
						0
					],
					"cubes": [
						{
							"origin": [
								8,
								5,
								-1
							],
							"size": [
								12,
								2,
								2
							],
							"uv": [
								70,
								0
							]
						}
					]
				},
				{
					"name": "leg4",
					"parent": "lowerbody",
					"pivot": [
						-8,
						6,
						-4
					],
					"cubes": [
						{
							"origin": [
								-20,
								5,
								-5
							],
							"size": [
								12,
								2,
								2
							],
							"uv": [
								68,
								56
							]
						}
					]
				},
				{
					"name": "leg5",
					"parent": "lowerbody",
					"pivot": [
						8,
						6,
						-4
					],
					"cubes": [
						{
							"origin": [
								8,
								5,
								-5
							],
							"size": [
								12,
								2,
								2
							],
							"uv": [
								70,
								8
							]
						}
					]
				}
			]
		}
	]
}