{
	"format_version": "1.12.0",
	"minecraft:geometry": [
		{
			"description": {
				"identifier": "geometry.brewery_tank",
				"texture_width": 64,
				"texture_height": 64,
				"visible_bounds_width": 3,
				"visible_bounds_height": 3.5,
				"visible_bounds_offset": [
					0,
					1.25,
					0
				]
			},
			"bones": [
				{
					"name": "bone",
					"pivot": [
						0,
						0,
						0
					],
					"cubes": [
						{
							"origin": [
								-8,
								0,
								6
							],
							"size": [
								2,
								16,
								2
							],
							"pivot": [
								-8,
								0,
								8
							],
							"rotation": [
								5,
								0,
								5
							],
							"uv": [
								16,
								42
							]
						},
						{
							"origin": [
								-8,
								0,
								-8
							],
							"size": [
								2,
								16,
								2
							],
							"pivot": [
								-8,
								0,
								-8
							],
							"rotation": [
								-5,
								0,
								5
							],
							"uv": [
								38,
								40
							]
						},
						{
							"origin": [
								6,
								0,
								6
							],
							"size": [
								2,
								16,
								2
							],
							"pivot": [
								8,
								0,
								8
							],
							"rotation": [
								5,
								0,
								-5
							],
							"uv": [
								8,
								42
							]
						},
						{
							"origin": [
								6,
								0,
								-8
							],
							"size": [
								2,
								16,
								2
							],
							"pivot": [
								8,
								0,
								-8
							],
							"rotation": [
								-5,
								0,
								-5
							],
							"uv": [
								0,
								42
							]
						},
						{
							"origin": [
								-6,
								15,
								-6
							],
							"size": [
								12,
								14,
								12
							],
							"uv": [
								0,
								0
							]
						},
						{
							"origin": [
								-2,
								29,
								-2
							],
							"size": [
								4,
								1,
								4
							],
							"uv": [
								30,
								30
							]
						},
						{
							"origin": [
								-1,
								12,
								-9
							],
							"size": [
								2,
								2,
								4
							],
							"uv": [
								0,
								0
							]
						},
						{
							"origin": [
								-1,
								10,
								-9
							],
							"size": [
								2,
								2,
								2
							],
							"uv": [
								0,
								6
							]
						},
						{
							"origin": [
								-5,
								9,
								-5
							],
							"size": [
								10,
								6,
								10
							],
							"uv": [
								0,
								26
							]
						}
					]
				}
			]
		}
	]
}