{
	"format_version": "1.12.0",
	"minecraft:geometry": [
		{
			"description": {
				"identifier": "geometry.broken_truck",
				"texture_width": 256,
				"texture_height": 256,
				"visible_bounds_width": 5,
				"visible_bounds_height": 2.5,
				"visible_bounds_offset": [
					0,
					0.75,
					0
				]
			},
			"bones": [
				{
					"name": "car",
					"pivot": [
						12,
						3,
						-25
					]
				},
				{
					"name": "body",
					"parent": "car",
					"pivot": [
						-1,
						2,
						9
					],
					"cubes": [
						{
							"origin": [
								-13,
								6,
								-12
							],
							"size": [
								3,
								2,
								1
							],
							"pivot": [
								-10,
								7,
								-12
							],
							"rotation": [
								0,
								15,
								0
							],
							"uv": [
								25,
								54
							]
						},
						{
							"origin": [
								10,
								6,
								-12
							],
							"size": [
								3,
								2,
								1
							],
							"pivot": [
								10,
								7,
								-12
							],
							"rotation": [
								0,
								-15,
								0
							],
							"uv": [
								36,
								61
							]
						},
						{
							"origin": [
								9.5,
								5,
								-4
							],
							"size": [
								1,
								1,
								2
							],
							"uv": [
								62,
								64
							]
						},
						{
							"origin": [
								-10.5,
								5,
								-4
							],
							"size": [
								1,
								1,
								2
							],
							"uv": [
								46,
								70
							]
						},
						{
							"origin": [
								-10,
								2,
								-21
							],
							"size": [
								1,
								6,
								44
							],
							"uv": [
								0,
								48
							]
						},
						{
							"origin": [
								-9,
								2,
								23
							],
							"size": [
								18,
								6,
								1
							],
							"uv": [
								0,
								30
							]
						},
						{
							"origin": [
								-9,
								2,
								1
							],
							"size": [
								18,
								6,
								1
							],
							"uv": [
								0,
								8
							]
						},
						{
							"origin": [
								5,
								8,
								1
							],
							"size": [
								5,
								7,
								1
							],
							"uv": [
								28,
								82
							]
						},
						{
							"origin": [
								-10,
								8,
								1
							],
							"size": [
								5,
								7,
								1
							],
							"uv": [
								16,
								82
							]
						},
						{
							"origin": [
								-5,
								14,
								1
							],
							"size": [
								10,
								1,
								1
							],
							"uv": [
								0,
								44
							]
						},
						{
							"origin": [
								-8,
								4,
								-22.5
							],
							"size": [
								3,
								2,
								1
							],
							"uv": [
								64,
								58
							]
						},
						{
							"origin": [
								-7,
								-0.5,
								22
							],
							"size": [
								2,
								2,
								4
							],
							"uv": [
								56,
								58
							]
						},
						{
							"origin": [
								-8,
								4,
								23.5
							],
							"size": [
								2,
								3,
								1
							],
							"uv": [
								40,
								40
							]
						},
						{
							"origin": [
								6,
								4,
								23.5
							],
							"size": [
								2,
								3,
								1
							],
							"uv": [
								46,
								58
							]
						},
						{
							"origin": [
								5,
								4,
								-22.5
							],
							"size": [
								3,
								2,
								1
							],
							"uv": [
								26,
								70
							]
						},
						{
							"origin": [
								-4,
								2,
								-22.5
							],
							"size": [
								8,
								5,
								1
							],
							"uv": [
								25,
								48
							]
						},
						{
							"origin": [
								-9,
								2,
								-22
							],
							"size": [
								18,
								6,
								8
							],
							"uv": [
								90,
								12
							]
						},
						{
							"origin": [
								9,
								2,
								-21
							],
							"size": [
								1,
								6,
								44
							],
							"uv": [
								46,
								54
							]
						},
						{
							"origin": [
								-10,
								8,
								-1
							],
							"size": [
								1,
								7,
								2
							],
							"uv": [
								0,
								48
							]
						},
						{
							"origin": [
								-10.1,
								7,
								-15
							],
							"size": [
								1,
								10,
								2
							],
							"pivot": [
								-9.5,
								6,
								-14
							],
							"rotation": [
								-30,
								0,
								0
							],
							"uv": [
								38,
								8
							]
						},
						{
							"origin": [
								9.1,
								7,
								-15
							],
							"size": [
								1,
								10,
								2
							],
							"pivot": [
								9.5,
								6,
								-14
							],
							"rotation": [
								-30,
								0,
								0
							],
							"uv": [
								40,
								28
							]
						},
						{
							"origin": [
								9,
								8,
								-1
							],
							"size": [
								1,
								7,
								2
							],
							"uv": [
								46,
								48
							]
						},
						{
							"origin": [
								-10,
								15,
								-9.5
							],
							"size": [
								20,
								1,
								11
							],
							"uv": [
								90,
								0
							]
						},
						{
							"origin": [
								-10,
								0,
								24
							],
							"size": [
								20,
								2,
								1
							],
							"uv": [
								0,
								24
							]
						},
						{
							"origin": [
								-10,
								0,
								-23
							],
							"size": [
								20,
								2,
								1
							],
							"uv": [
								0,
								27
							]
						},
						{
							"origin": [
								-11,
								0,
								-22
							],
							"size": [
								22,
								2,
								46
							],
							"uv": [
								0,
								0
							]
						},
						{
							"origin": [
								-9,
								3,
								-3
							],
							"size": [
								8,
								10,
								1
							],
							"pivot": [
								-5,
								3,
								-2.5
							],
							"rotation": [
								-10,
								0,
								0
							],
							"uv": [
								0,
								58
							]
						},
						{
							"origin": [
								1,
								3,
								-3
							],
							"size": [
								8,
								10,
								1
							],
							"pivot": [
								5,
								3,
								-2.5
							],
							"rotation": [
								-10,
								0,
								0
							],
							"uv": [
								18,
								58
							]
						},
						{
							"origin": [
								1,
								2,
								-11
							],
							"size": [
								8,
								1,
								9
							],
							"uv": [
								0,
								48
							]
						},
						{
							"origin": [
								-9,
								2,
								-11
							],
							"size": [
								8,
								1,
								9
							],
							"uv": [
								46,
								48
							]
						}
					]
				},
				{
					"name": "wheel",
					"parent": "body",
					"pivot": [
						5,
						6,
						-15
					],
					"rotation": [
						10,
						0,
						0
					],
					"cubes": [
						{
							"origin": [
								4,
								5.25882,
								-15.96593
							],
							"size": [
								2,
								2,
								3
							],
							"uv": [
								33,
								66
							]
						},
						{
							"origin": [
								3,
								7.5,
								-13
							],
							"size": [
								4,
								1,
								1
							],
							"uv": [
								36,
								22
							]
						},
						{
							"origin": [
								3,
								3.5,
								-13
							],
							"size": [
								4,
								1,
								1
							],
							"uv": [
								36,
								20
							]
						},
						{
							"origin": [
								6.5,
								4,
								-13
							],
							"size": [
								1,
								4,
								1
							],
							"uv": [
								40,
								64
							]
						},
						{
							"origin": [
								2.5,
								4,
								-13
							],
							"size": [
								1,
								4,
								1
							],
							"uv": [
								0,
								69
							]
						},
						{
							"origin": [
								3,
								4,
								-13
							],
							"size": [
								4,
								4,
								1
							],
							"uv": [
								10,
								69
							]
						}
					]
				},
				{
					"name": "windows",
					"parent": "body",
					"pivot": [
						12,
						-1,
						-25
					],
					"cubes": [
						{
							"origin": [
								-9,
								8,
								-14
							],
							"size": [
								18,
								9,
								0
							],
							"pivot": [
								0,
								8,
								-14
							],
							"rotation": [
								-30,
								0,
								0
							],
							"uv": [
								0,
								15
							]
						},
						{
							"origin": [
								-5,
								8,
								1
							],
							"size": [
								10,
								6,
								0
							],
							"uv": [
								71,
								48
							]
						},
						{
							"origin": [
								-9.5,
								8,
								-11
							],
							"size": [
								0,
								7,
								10
							],
							"uv": [
								0,
								27
							]
						},
						{
							"origin": [
								9.5,
								8,
								-11
							],
							"size": [
								0,
								7,
								10
							],
							"uv": [
								20,
								27
							]
						}
					]
				},
				{
					"name": "frontaxis",
					"parent": "car",
					"pivot": [
						0,
						4,
						-16
					]
				},
				{
					"name": "rearaxis",
					"parent": "car",
					"pivot": [
						0,
						4,
						16
					]
				}
			]
		}
	]
}