{
	"format_version": "1.12.0",
	"minecraft:geometry": [
		{
			"description": {
				"identifier": "geometry.brownshroom",
				"texture_width": 64,
				"texture_height": 64,
				"visible_bounds_width": 2,
				"visible_bounds_height": 2.5,
				"visible_bounds_offset": [
					0,
					0.75,
					0
				]
			},
			"bones": [
				{
					"name": "bone",
					"pivot": [
						-3,
						0,
						3
					],
					"cubes": [
						{
							"origin": [
								-4,
								0,
								3
							],
							"size": [
								1,
								4,
								1
							],
							"uv": [
								0,
								10
							]
						},
						{
							"origin": [
								-7,
								4,
								0
							],
							"size": [
								7,
								1,
								7
							],
							"uv": [
								21,
								11
							]
						}
					]
				},
				{
					"name": "bone2",
					"pivot": [
						3,
						0,
						0
					],
					"cubes": [
						{
							"origin": [
								2,
								0,
								-1
							],
							"size": [
								1,
								6,
								1
							],
							"uv": [
								4,
								0
							]
						},
						{
							"origin": [
								-2,
								6,
								-5
							],
							"size": [
								9,
								1,
								9
							],
							"uv": [
								0,
								0
							]
						}
					]
				},
				{
					"name": "bone3",
					"pivot": [
						-3,
						0,
						3
					],
					"cubes": [
						{
							"origin": [
								-3,
								0,
								-5
							],
							"size": [
								1,
								8,
								1
							],
							"uv": [
								0,
								0
							]
						},
						{
							"origin": [
								-6,
								8,
								-8
							],
							"size": [
								7,
								1,
								7
							],
							"uv": [
								0,
								18
							]
						}
					]
				},
				{
					"name": "bone4",
					"pivot": [
						5,
						0,
						-5
					],
					"cubes": [
						{
							"origin": [
								4,
								0,
								-5
							],
							"size": [
								1,
								2,
								1
							],
							"uv": [
								3,
								14
							]
						},
						{
							"origin": [
								2,
								2,
								-7
							],
							"size": [
								5,
								1,
								5
							],
							"uv": [
								21,
								19
							]
						}
					]
				},
				{
					"name": "bone5",
					"pivot": [
						6,
						0,
						4
					],
					"cubes": [
						{
							"origin": [
								2,
								0,
								4
							],
							"size": [
								1,
								10,
								1
							],
							"uv": [
								0,
								26
							]
						},
						{
							"origin": [
								-1,
								10,
								1
							],
							"size": [
								7,
								1,
								7
							],
							"uv": [
								0,
								10
							]
						}
					]
				}
			]
		}
	]
}