{
	"format_version": "1.12.0",
	"minecraft:geometry": [
		{
			"description": {
				"identifier": "geometry.car",
				"texture_width": 256,
				"texture_height": 256,
				"visible_bounds_width": 5,
				"visible_bounds_height": 2.5,
				"visible_bounds_offset": [
					0,
					0.75,
					0
				]
			},
			"bones": [
				{
					"name": "car",
					"pivot": [
						12,
						3,
						-25
					]
				},
				{
					"name": "body",
					"parent": "car",
					"pivot": [
						-1,
						6,
						9
					],
					"cubes": [
						{
							"origin": [
								9.5,
								9,
								9
							],
							"size": [
								1,
								1,
								2
							],
							"uv": [
								44,
								67
							]
						},
						{
							"origin": [
								-13,
								10,
								-12
							],
							"size": [
								3,
								2,
								1
							],
							"pivot": [
								-10,
								11,
								-12
							],
							"rotation": [
								0,
								15,
								0
							],
							"uv": [
								36,
								20
							]
						},
						{
							"origin": [
								-10.5,
								9,
								9
							],
							"size": [
								1,
								1,
								2
							],
							"uv": [
								69,
								46
							]
						},
						{
							"origin": [
								10,
								10,
								-12
							],
							"size": [
								3,
								2,
								1
							],
							"pivot": [
								10,
								11,
								-12
							],
							"rotation": [
								0,
								-15,
								0
							],
							"uv": [
								36,
								23
							]
						},
						{
							"origin": [
								9.5,
								9,
								-4
							],
							"size": [
								1,
								1,
								2
							],
							"uv": [
								69,
								49
							]
						},
						{
							"origin": [
								-10.5,
								9,
								-4
							],
							"size": [
								1,
								1,
								2
							],
							"uv": [
								69,
								56
							]
						},
						{
							"origin": [
								-10,
								6,
								-21
							],
							"size": [
								1,
								6,
								42
							],
							"uv": [
								0,
								46
							]
						},
						{
							"origin": [
								-9,
								6,
								16
							],
							"size": [
								18,
								6,
								6
							],
							"uv": [
								88,
								46
							]
						},
						{
							"origin": [
								-8,
								8,
								-22.5
							],
							"size": [
								3,
								2,
								1
							],
							"uv": [
								25,
								38
							]
						},
						{
							"origin": [
								-7,
								3.5,
								20
							],
							"size": [
								2,
								2,
								4
							],
							"uv": [
								30,
								38
							]
						},
						{
							"origin": [
								-8,
								8,
								21.5
							],
							"size": [
								2,
								3,
								1
							],
							"uv": [
								38,
								38
							]
						},
						{
							"origin": [
								6,
								8,
								21.5
							],
							"size": [
								2,
								3,
								1
							],
							"uv": [
								25,
								46
							]
						},
						{
							"origin": [
								5,
								8,
								-22.5
							],
							"size": [
								3,
								2,
								1
							],
							"uv": [
								54,
								67
							]
						},
						{
							"origin": [
								-4,
								6,
								-22.5
							],
							"size": [
								8,
								5,
								1
							],
							"uv": [
								25,
								32
							]
						},
						{
							"origin": [
								-9,
								6,
								-22
							],
							"size": [
								18,
								6,
								8
							],
							"uv": [
								88,
								26
							]
						},
						{
							"origin": [
								9,
								6,
								-21
							],
							"size": [
								1,
								6,
								42
							],
							"uv": [
								44,
								52
							]
						},
						{
							"origin": [
								-10,
								12,
								-1
							],
							"size": [
								1,
								7,
								4
							],
							"uv": [
								88,
								58
							]
						},
						{
							"origin": [
								-10.1,
								11,
								15
							],
							"size": [
								1,
								9,
								2
							],
							"pivot": [
								-9.5,
								10,
								16
							],
							"rotation": [
								10,
								0,
								0
							],
							"uv": [
								80,
								53
							]
						},
						{
							"origin": [
								-10.1,
								11,
								-15
							],
							"size": [
								1,
								10,
								2
							],
							"pivot": [
								-9.5,
								10,
								-14
							],
							"rotation": [
								-30,
								0,
								0
							],
							"uv": [
								36,
								8
							]
						},
						{
							"origin": [
								9.1,
								11,
								15
							],
							"size": [
								1,
								9,
								2
							],
							"pivot": [
								9.5,
								10,
								16
							],
							"rotation": [
								10,
								0,
								0
							],
							"uv": [
								80,
								64
							]
						},
						{
							"origin": [
								9.1,
								11,
								-15
							],
							"size": [
								1,
								10,
								2
							],
							"pivot": [
								9.5,
								10,
								-14
							],
							"rotation": [
								-30,
								0,
								0
							],
							"uv": [
								36,
								63
							]
						},
						{
							"origin": [
								9,
								12,
								-1
							],
							"size": [
								1,
								7,
								4
							],
							"uv": [
								88,
								69
							]
						},
						{
							"origin": [
								-10,
								19,
								-9.5
							],
							"size": [
								20,
								1,
								25
							],
							"uv": [
								88,
								0
							]
						},
						{
							"origin": [
								-10,
								4,
								22
							],
							"size": [
								20,
								2,
								1
							],
							"uv": [
								0,
								26
							]
						},
						{
							"origin": [
								-10,
								4,
								-23
							],
							"size": [
								20,
								2,
								1
							],
							"uv": [
								0,
								29
							]
						},
						{
							"origin": [
								-11,
								4,
								-22
							],
							"size": [
								22,
								2,
								44
							],
							"uv": [
								0,
								0
							]
						},
						{
							"origin": [
								1,
								6,
								4
							],
							"size": [
								8,
								1,
								9
							],
							"uv": [
								0,
								32
							]
						},
						{
							"origin": [
								-9,
								7,
								-3
							],
							"size": [
								8,
								10,
								1
							],
							"pivot": [
								-5,
								7,
								-2.5
							],
							"rotation": [
								-10,
								0,
								0
							],
							"uv": [
								44,
								56
							]
						},
						{
							"origin": [
								-9,
								7,
								12
							],
							"size": [
								8,
								10,
								1
							],
							"pivot": [
								-5,
								7,
								12.5
							],
							"rotation": [
								-10,
								0,
								0
							],
							"uv": [
								62,
								62
							]
						},
						{
							"origin": [
								1,
								7,
								12
							],
							"size": [
								8,
								10,
								1
							],
							"pivot": [
								5,
								7,
								12.5
							],
							"rotation": [
								-10,
								0,
								0
							],
							"uv": [
								0,
								66
							]
						},
						{
							"origin": [
								1,
								7,
								-3
							],
							"size": [
								8,
								10,
								1
							],
							"pivot": [
								5,
								7,
								-2.5
							],
							"rotation": [
								-10,
								0,
								0
							],
							"uv": [
								18,
								66
							]
						},
						{
							"origin": [
								1,
								6,
								-11
							],
							"size": [
								8,
								1,
								9
							],
							"uv": [
								0,
								46
							]
						},
						{
							"origin": [
								-9,
								6,
								4
							],
							"size": [
								8,
								1,
								9
							],
							"uv": [
								44,
								46
							]
						},
						{
							"origin": [
								-9,
								6,
								-11
							],
							"size": [
								8,
								1,
								9
							],
							"uv": [
								0,
								56
							]
						}
					]
				},
				{
					"name": "wheel",
					"parent": "body",
					"pivot": [
						5,
						10,
						-15
					],
					"rotation": [
						10,
						0,
						0
					],
					"cubes": [
						{
							"origin": [
								4,
								9.25882,
								-15.96593
							],
							"size": [
								2,
								2,
								3
							],
							"uv": [
								62,
								56
							]
						},
						{
							"origin": [
								3,
								11.5,
								-13
							],
							"size": [
								4,
								1,
								1
							],
							"uv": [
								10,
								42
							]
						},
						{
							"origin": [
								3,
								7.5,
								-13
							],
							"size": [
								4,
								1,
								1
							],
							"uv": [
								0,
								42
							]
						},
						{
							"origin": [
								6.5,
								8,
								-13
							],
							"size": [
								1,
								4,
								1
							],
							"uv": [
								35,
								46
							]
						},
						{
							"origin": [
								2.5,
								8,
								-13
							],
							"size": [
								1,
								4,
								1
							],
							"uv": [
								25,
								56
							]
						},
						{
							"origin": [
								3,
								8,
								-13
							],
							"size": [
								4,
								4,
								1
							],
							"uv": [
								64,
								73
							]
						}
					]
				},
				{
					"name": "windows",
					"parent": "body",
					"pivot": [
						12,
						3,
						-25
					],
					"cubes": [
						{
							"origin": [
								-9,
								12,
								-14
							],
							"size": [
								18,
								9,
								0
							],
							"pivot": [
								0,
								12,
								-14
							],
							"rotation": [
								-30,
								0,
								0
							],
							"uv": [
								0,
								17
							]
						},
						{
							"origin": [
								-9,
								11,
								16
							],
							"size": [
								18,
								9,
								0
							],
							"pivot": [
								0,
								12,
								17
							],
							"rotation": [
								10,
								0,
								0
							],
							"uv": [
								0,
								8
							]
						},
						{
							"origin": [
								-9.5,
								12,
								-12
							],
							"size": [
								0,
								7,
								28
							],
							"uv": [
								0,
								72
							]
						},
						{
							"origin": [
								9.5,
								12,
								-12
							],
							"size": [
								0,
								7,
								28
							],
							"uv": [
								56,
								72
							]
						}
					]
				},
				{
					"name": "frontaxis",
					"parent": "car",
					"pivot": [
						0,
						4,
						-16
					],
					"cubes": [
						{
							"origin": [
								10,
								1,
								-19
							],
							"size": [
								2,
								6,
								6
							],
							"uv": [
								88,
								0
							]
						},
						{
							"origin": [
								-12,
								1,
								-19
							],
							"size": [
								2,
								6,
								6
							],
							"uv": [
								44,
								67
							]
						},
						{
							"origin": [
								10,
								1,
								-20
							],
							"size": [
								2,
								6,
								1
							],
							"uv": [
								88,
								80
							]
						},
						{
							"origin": [
								-12,
								1,
								-20
							],
							"size": [
								2,
								6,
								1
							],
							"uv": [
								0,
								46
							]
						},
						{
							"origin": [
								10,
								1,
								-13
							],
							"size": [
								2,
								6,
								1
							],
							"uv": [
								88,
								26
							]
						},
						{
							"origin": [
								-12,
								1,
								-13
							],
							"size": [
								2,
								6,
								1
							],
							"uv": [
								0,
								32
							]
						},
						{
							"origin": [
								10,
								7,
								-19
							],
							"size": [
								2,
								1,
								6
							],
							"uv": [
								88,
								12
							]
						},
						{
							"origin": [
								-12,
								7,
								-19
							],
							"size": [
								2,
								1,
								6
							],
							"uv": [
								25,
								46
							]
						},
						{
							"origin": [
								10,
								0,
								-19
							],
							"size": [
								2,
								1,
								6
							],
							"uv": [
								44,
								79
							]
						},
						{
							"origin": [
								-12,
								0,
								-19
							],
							"size": [
								2,
								1,
								6
							],
							"uv": [
								25,
								56
							]
						},
						{
							"origin": [
								-10,
								3,
								-17
							],
							"size": [
								20,
								2,
								2
							],
							"uv": [
								0,
								4
							]
						}
					]
				},
				{
					"name": "rearaxis",
					"parent": "car",
					"pivot": [
						0,
						4,
						16
					],
					"cubes": [
						{
							"origin": [
								10,
								1,
								19
							],
							"size": [
								2,
								6,
								1
							],
							"uv": [
								0,
								56
							]
						},
						{
							"origin": [
								-12,
								1,
								19
							],
							"size": [
								2,
								6,
								1
							],
							"uv": [
								35,
								53
							]
						},
						{
							"origin": [
								-12,
								1,
								12
							],
							"size": [
								2,
								6,
								1
							],
							"uv": [
								44,
								46
							]
						},
						{
							"origin": [
								10,
								7,
								13
							],
							"size": [
								2,
								1,
								6
							],
							"uv": [
								26,
								78
							]
						},
						{
							"origin": [
								-12,
								7,
								13
							],
							"size": [
								2,
								1,
								6
							],
							"uv": [
								0,
								77
							]
						},
						{
							"origin": [
								-12,
								0,
								13
							],
							"size": [
								2,
								1,
								6
							],
							"uv": [
								69,
								46
							]
						},
						{
							"origin": [
								10,
								1,
								12
							],
							"size": [
								2,
								6,
								1
							],
							"uv": [
								36,
								75
							]
						},
						{
							"origin": [
								10,
								0,
								13
							],
							"size": [
								2,
								1,
								6
							],
							"uv": [
								16,
								77
							]
						},
						{
							"origin": [
								10,
								1,
								13
							],
							"size": [
								2,
								6,
								6
							],
							"uv": [
								70,
								73
							]
						},
						{
							"origin": [
								-12,
								1,
								13
							],
							"size": [
								2,
								6,
								6
							],
							"uv": [
								54,
								73
							]
						},
						{
							"origin": [
								-10,
								3,
								15
							],
							"size": [
								20,
								2,
								2
							],
							"uv": [
								0,
								0
							]
						}
					]
				}
			]
		}
	]
}