{
	"format_version": "1.12.0",
	"minecraft:geometry": [
		{
			"description": {
				"identifier": "geometry.cockroach",
				"texture_width": 64,
				"texture_height": 64,
				"visible_bounds_width": 2,
				"visible_bounds_height": 2.5,
				"visible_bounds_offset": [
					0,
					0.75,
					0
				]
			},
			"bones": [
				{
					"name": "cockroach",
					"pivot": [
						0,
						2,
						0
					],
					"cubes": [
						{
							"origin": [
								-3,
								1,
								-4
							],
							"size": [
								6,
								2,
								9
							],
							"uv": [
								0,
								0
							]
						}
					]
				},
				{
					"name": "leftwing",
					"parent": "cockroach",
					"pivot": [
						1.5,
						3.5,
						-4
					],
					"cubes": [
						{
							"origin": [
								0,
								3.1,
								-4
							],
							"size": [
								3,
								0,
								10
							],
							"pivot": [
								1.5,
								3.5,
								-4
							],
							"rotation": [
								0,
								2.5,
								0
							],
							"uv": [
								0,
								11
							]
						}
					]
				},
				{
					"name": "rightwing",
					"parent": "cockroach",
					"pivot": [
						-1.5,
						3.5,
						-4
					],
					"cubes": [
						{
							"origin": [
								-3,
								3.1,
								-4
							],
							"size": [
								3,
								0,
								10
							],
							"pivot": [
								-1.5,
								3.5,
								-4
							],
							"rotation": [
								0,
								-2.5,
								0
							],
							"uv": [
								6,
								11
							]
						}
					]
				},
				{
					"name": "head",
					"parent": "cockroach",
					"pivot": [
						0,
						2,
						-4
					],
					"cubes": [
						{
							"origin": [
								-2,
								1,
								-7
							],
							"size": [
								4,
								2,
								3
							],
							"uv": [
								19,
								19
							]
						}
					]
				},
				{
					"name": "la",
					"parent": "head",
					"pivot": [
						1.25,
						3,
						-7
					],
					"cubes": [
						{
							"origin": [
								0,
								3,
								-7
							],
							"size": [
								2,
								3,
								0
							],
							"pivot": [
								4.25,
								3,
								-7
							],
							"rotation": [
								25,
								0,
								0
							],
							"uv": [
								0,
								3
							]
						}
					]
				},
				{
					"name": "ra",
					"parent": "head",
					"pivot": [
						-1.25,
						3,
						-7
					],
					"cubes": [
						{
							"origin": [
								-2,
								3,
								-7
							],
							"size": [
								2,
								3,
								0
							],
							"pivot": [
								2.25,
								3,
								-7
							],
							"rotation": [
								25,
								0,
								0
							],
							"uv": [
								0,
								0
							]
						}
					]
				},
				{
					"name": "leg0",
					"parent": "cockroach",
					"pivot": [
						-3,
						1.5,
						1.5
					],
					"cubes": [
						{
							"origin": [
								-7,
								1,
								1
							],
							"size": [
								4,
								1,
								1
							],
							"uv": [
								0,
								11
							]
						}
					]
				},
				{
					"name": "leg1",
					"parent": "cockroach",
					"pivot": [
						3,
						1.5,
						1.5
					],
					"cubes": [
						{
							"origin": [
								3,
								1,
								1
							],
							"size": [
								4,
								1,
								1
							],
							"uv": [
								0,
								17
							]
						}
					]
				},
				{
					"name": "leg2",
					"parent": "cockroach",
					"pivot": [
						-3,
						1.5,
						-0.5
					],
					"cubes": [
						{
							"origin": [
								-7,
								1,
								-1
							],
							"size": [
								4,
								1,
								1
							],
							"uv": [
								0,
								13
							]
						}
					]
				},
				{
					"name": "leg3",
					"parent": "cockroach",
					"pivot": [
						3,
						1.5,
						-0.5
					],
					"cubes": [
						{
							"origin": [
								3,
								1,
								-1
							],
							"size": [
								4,
								1,
								1
							],
							"uv": [
								0,
								19
							]
						}
					]
				},
				{
					"name": "leg4",
					"parent": "cockroach",
					"pivot": [
						-3,
						1.5,
						-2.5
					],
					"cubes": [
						{
							"origin": [
								-7,
								1,
								-3
							],
							"size": [
								4,
								1,
								1
							],
							"uv": [
								0,
								15
							]
						}
					]
				},
				{
					"name": "leg5",
					"parent": "cockroach",
					"pivot": [
						3,
						1.5,
						-2.5
					],
					"cubes": [
						{
							"origin": [
								3,
								1,
								-3
							],
							"size": [
								4,
								1,
								1
							],
							"uv": [
								0,
								21
							]
						}
					]
				}
			]
		}
	]
}