{
	"format_version": "1.12.0",
	"minecraft:geometry": [
		{
			"description": {
				"identifier": "geometry.corium_pile",
				"texture_width": 64,
				"texture_height": 64,
				"visible_bounds_width": 2,
				"visible_bounds_height": 1.5,
				"visible_bounds_offset": [
					0,
					0.25,
					0
				]
			},
			"bones": [
				{
					"name": "bone",
					"pivot": [
						0,
						0,
						-1
					],
					"cubes": [
						{
							"origin": [
								-6,
								0,
								-4
							],
							"size": [
								2,
								1,
								6
							],
							"uv": [
								12,
								14
							]
						},
						{
							"origin": [
								2,
								0,
								-5
							],
							"size": [
								5,
								1,
								3
							],
							"uv": [
								16,
								7
							]
						},
						{
							"origin": [
								2,
								0,
								-2
							],
							"size": [
								4,
								1,
								5
							],
							"uv": [
								0,
								14
							]
						},
						{
							"origin": [
								2,
								1,
								-2
							],
							"size": [
								4,
								1,
								4
							],
							"uv": [
								17,
								0
							]
						},
						{
							"origin": [
								-4,
								0,
								-5
							],
							"size": [
								6,
								3,
								4
							],
							"uv": [
								0,
								7
							]
						},
						{
							"origin": [
								-2,
								0,
								-6
							],
							"size": [
								5,
								1,
								1
							],
							"uv": [
								11,
								21
							]
						},
						{
							"origin": [
								-4,
								0,
								-1
							],
							"size": [
								6,
								2,
								5
							],
							"uv": [
								0,
								0
							]
						},
						{
							"origin": [
								-2,
								2,
								-1
							],
							"size": [
								4,
								2,
								3
							],
							"uv": [
								0,
								20
							]
						},
						{
							"origin": [
								-2,
								0,
								4
							],
							"size": [
								4,
								1,
								2
							],
							"uv": [
								20,
								11
							]
						}
					]
				}
			]
		}
	]
}