{
	"format_version": "1.10.0",
	"geometry.corpse": {
		"texturewidth": 64,
		"textureheight": 64,
		"visible_bounds_width": 5,
		"visible_bounds_height": 2,
		"visible_bounds_offset": [
			0,
			1,
			0
		],
		"bones": [
			{
				"name": "waist",
				"pivot": [
					0,
					12,
					0
				],
				"rotation": [
					-90,
					0,
					0
				]
			},
			{
				"name": "body",
				"parent": "waist",
				"pivot": [
					0,
					32,
					0
				],
				"cubes": [
					{
						"origin": [
							-4,
							16,
							8
						],
						"size": [
							8,
							12,
							4
						],
						"uv": [
							28,
							28
						]
					}
				]
			},
			{
				"name": "head",
				"parent": "body",
				"pivot": [
					0,
					32,
					0
				],
				"cubes": [
					{
						"origin": [
							-4,
							28,
							6
						],
						"size": [
							8,
							8,
							8
						],
						"uv": [
							0,
							16
						]
					}
				]
			},
			{
				"name": "hat",
				"parent": "head",
				"pivot": [
					0,
					32,
					0
				],
				"cubes": [
					{
						"origin": [
							-4,
							28,
							6
						],
						"size": [
							8,
							8,
							8
						],
						"uv": [
							0,
							0
						],
						"inflate": 0.5
					}
				]
			},
			{
				"name": "rightArm",
				"parent": "body",
				"pivot": [
					-5,
					30,
					0
				],
				"rotation": [
					0,
					0,
					10
				],
				"cubes": [
					{
						"origin": [
							-8,
							16,
							8
						],
						"size": [
							4,
							12,
							4
						],
						"uv": [
							32,
							0
						]
					},
					{
						"origin": [
							-9,
							27,
							7
						],
						"size": [
							5,
							2,
							6
						],
						"uv": [
							24,
							16
						]
					},
					{
						"origin": [
							-6,
							29,
							8
						],
						"size": [
							0,
							3,
							1
						],
						"uv": [
							2,
							60
						]
					},
					{
						"origin": [
							-7,
							29,
							10
						],
						"size": [
							0,
							3,
							1
						],
						"uv": [
							0,
							60
						]
					}
				]
			},
			{
				"name": "rightItem",
				"parent": "rightArm",
				"pivot": [
					-6,
					23,
					1
				]
			},
			{
				"name": "leftArm",
				"parent": "body",
				"pivot": [
					5,
					30,
					0
				],
				"rotation": [
					0,
					0,
					-5
				],
				"mirror": true,
				"cubes": [
					{
						"origin": [
							4,
							16,
							8
						],
						"size": [
							4,
							12,
							4
						],
						"uv": [
							32,
							0
						]
					},
					{
						"origin": [
							4,
							27,
							7
						],
						"size": [
							5,
							2,
							6
						],
						"uv": [
							24,
							16
						],
						"mirror": false
					}
				]
			},
			{
				"name": "rightLeg",
				"parent": "body",
				"pivot": [
					-1.9,
					20,
					0
				],
				"rotation": [
					0,
					0,
					5
				],
				"cubes": [
					{
						"origin": [
							-3.9,
							4,
							8
						],
						"size": [
							4,
							12,
							4
						],
						"uv": [
							0,
							32
						]
					}
				]
			},
			{
				"name": "leftLeg",
				"parent": "body",
				"pivot": [
					1.9,
					20,
					0
				],
				"rotation": [
					0,
					0,
					-10
				],
				"mirror": true,
				"cubes": [
					{
						"origin": [
							-0.1,
							4,
							8
						],
						"size": [
							4,
							12,
							4
						],
						"uv": [
							0,
							32
						]
					}
				]
			}
		]
	}
}