{
	"format_version": "1.12.0",
	"minecraft:geometry": [
		{
			"description": {
				"identifier": "geometry.crawler",
				"texture_width": 64,
				"texture_height": 64,
				"visible_bounds_width": 3,
				"visible_bounds_height": 2.5,
				"visible_bounds_offset": [
					0,
					0.75,
					0
				]
			},
			"bones": [
				{
					"name": "thorax",
					"pivot": [
						0,
						6,
						0
					],
					"cubes": [
						{
							"origin": [
								-4,
								4,
								-4
							],
							"size": [
								8,
								4,
								10
							],
							"uv": [
								0,
								0
							]
						},
						{
							"origin": [
								-3,
								5,
								1
							],
							"size": [
								6,
								4,
								6
							],
							"uv": [
								0,
								14
							]
						}
					]
				},
				{
					"name": "stinger",
					"parent": "thorax",
					"pivot": [
						0,
						7,
						7
					],
					"cubes": [
						{
							"origin": [
								0,
								7.25288,
								6.89039
							],
							"size": [
								0,
								1,
								3
							],
							"pivot": [
								0,
								7.75288,
								7.39039
							],
							"rotation": [
								10,
								0,
								0
							],
							"uv": [
								0,
								6
							]
						}
					]
				},
				{
					"name": "head",
					"parent": "thorax",
					"pivot": [
						0,
						6,
						-4
					],
					"cubes": [
						{
							"origin": [
								-2,
								4,
								-7
							],
							"size": [
								4,
								3,
								3
							],
							"uv": [
								18,
								14
							]
						}
					]
				},
				{
					"name": "aa",
					"parent": "head",
					"pivot": [
						1.5,
						4.5,
						-7
					],
					"cubes": [
						{
							"origin": [
								1,
								4,
								-9
							],
							"size": [
								1,
								1,
								2
							],
							"uv": [
								0,
								17
							]
						}
					]
				},
				{
					"name": "ab",
					"parent": "head",
					"pivot": [
						-1.5,
						4.5,
						-7
					],
					"cubes": [
						{
							"origin": [
								-2,
								4,
								-9
							],
							"size": [
								1,
								1,
								2
							],
							"uv": [
								0,
								14
							]
						}
					]
				},
				{
					"name": "leg0",
					"parent": "thorax",
					"pivot": [
						-4,
						4,
						3
					],
					"cubes": [
						{
							"origin": [
								-5,
								4,
								3
							],
							"size": [
								1,
								4,
								1
							],
							"uv": [
								12,
								24
							]
						}
					]
				},
				{
					"name": "rc",
					"parent": "leg0",
					"pivot": [
						-5,
						8,
						3.5
					],
					"cubes": [
						{
							"origin": [
								-6,
								0,
								3
							],
							"size": [
								1,
								8,
								1
							],
							"uv": [
								0,
								0
							]
						}
					]
				},
				{
					"name": "leg1",
					"parent": "thorax",
					"pivot": [
						4,
						4,
						3
					],
					"cubes": [
						{
							"origin": [
								4,
								4,
								3
							],
							"size": [
								1,
								4,
								1
							],
							"uv": [
								26,
								5
							]
						}
					]
				},
				{
					"name": "lc",
					"parent": "leg1",
					"pivot": [
						5,
						8,
						3.5
					],
					"cubes": [
						{
							"origin": [
								5,
								0,
								3
							],
							"size": [
								1,
								8,
								1
							],
							"uv": [
								8,
								24
							]
						}
					]
				},
				{
					"name": "leg2",
					"parent": "thorax",
					"pivot": [
						-4,
						4,
						0
					],
					"cubes": [
						{
							"origin": [
								-5,
								4,
								0
							],
							"size": [
								1,
								4,
								1
							],
							"uv": [
								16,
								24
							]
						}
					]
				},
				{
					"name": "rb",
					"parent": "leg2",
					"pivot": [
						-5,
						8,
						0.5
					],
					"cubes": [
						{
							"origin": [
								-6,
								0,
								0
							],
							"size": [
								1,
								8,
								1
							],
							"uv": [
								4,
								0
							]
						}
					]
				},
				{
					"name": "leg3",
					"parent": "thorax",
					"pivot": [
						4,
						4,
						0
					],
					"cubes": [
						{
							"origin": [
								4,
								4,
								0
							],
							"size": [
								1,
								4,
								1
							],
							"uv": [
								27,
								27
							]
						}
					]
				},
				{
					"name": "lb",
					"parent": "leg3",
					"pivot": [
						5,
						8,
						0.5
					],
					"cubes": [
						{
							"origin": [
								5,
								0,
								0
							],
							"size": [
								1,
								8,
								1
							],
							"uv": [
								0,
								24
							]
						}
					]
				},
				{
					"name": "leg4",
					"parent": "thorax",
					"pivot": [
						-4,
						4,
						-3
					],
					"cubes": [
						{
							"origin": [
								-5,
								4,
								-3
							],
							"size": [
								1,
								4,
								1
							],
							"uv": [
								26,
								0
							]
						}
					]
				},
				{
					"name": "ra",
					"parent": "leg4",
					"pivot": [
						-5,
						8,
						-2.5
					],
					"cubes": [
						{
							"origin": [
								-6,
								0,
								-3
							],
							"size": [
								1,
								8,
								1
							],
							"uv": [
								23,
								23
							]
						}
					]
				},
				{
					"name": "leg5",
					"parent": "thorax",
					"pivot": [
						4,
						4,
						-3
					],
					"cubes": [
						{
							"origin": [
								4,
								4,
								-3
							],
							"size": [
								1,
								4,
								1
							],
							"uv": [
								27,
								20
							]
						}
					]
				},
				{
					"name": "la",
					"parent": "leg5",
					"pivot": [
						5,
						8,
						-2.5
					],
					"cubes": [
						{
							"origin": [
								5,
								0,
								-3
							],
							"size": [
								1,
								8,
								1
							],
							"uv": [
								4,
								24
							]
						}
					]
				}
			]
		}
	]
}