{
	"format_version": "1.12.0",
	"minecraft:geometry": [
		{
			"description": {
				"identifier": "geometry.crow",
				"texture_width": 64,
				"texture_height": 64,
				"visible_bounds_width": 3,
				"visible_bounds_height": 2.5,
				"visible_bounds_offset": [
					0,
					0.75,
					0
				]
			},
			"bones": [
				{
					"name": "bone",
					"pivot": [
						0,
						-1,
						0
					]
				},
				{
					"name": "torso",
					"parent": "bone",
					"pivot": [
						0,
						4,
						2
					],
					"cubes": [
						{
							"origin": [
								-2,
								4,
								-4
							],
							"size": [
								4,
								4,
								8
							],
							"uv": [
								0,
								0
							]
						}
					]
				},
				{
					"name": "wing_0",
					"parent": "torso",
					"pivot": [
						-2,
						8,
						-1
					],
					"cubes": [
						{
							"origin": [
								-10,
								7,
								-3
							],
							"size": [
								8,
								1,
								4
							],
							"uv": [
								16,
								0
							]
						}
					]
				},
				{
					"name": "wing_1",
					"parent": "torso",
					"pivot": [
						2,
						8,
						-1
					],
					"cubes": [
						{
							"origin": [
								2,
								7,
								-3
							],
							"size": [
								8,
								1,
								4
							],
							"uv": [
								0,
								12
							]
						}
					]
				},
				{
					"name": "head",
					"parent": "torso",
					"pivot": [
						0,
						6,
						-4
					],
					"cubes": [
						{
							"origin": [
								-1.5,
								5,
								-7
							],
							"size": [
								3,
								3,
								3
							],
							"uv": [
								14,
								17
							]
						},
						{
							"origin": [
								-1,
								5,
								-10
							],
							"size": [
								2,
								2,
								3
							],
							"uv": [
								21,
								9
							]
						}
					]
				},
				{
					"name": "tail",
					"parent": "torso",
					"pivot": [
						0,
						8,
						4
					],
					"cubes": [
						{
							"origin": [
								-2,
								8,
								4
							],
							"size": [
								4,
								0,
								6
							],
							"uv": [
								0,
								17
							]
						}
					]
				},
				{
					"name": "leg_0",
					"parent": "bone",
					"pivot": [
						-1,
						4,
						2
					],
					"cubes": [
						{
							"origin": [
								-2,
								0,
								2
							],
							"size": [
								2,
								4,
								0
							],
							"uv": [
								0,
								0
							]
						},
						{
							"origin": [
								-2,
								0,
								-2
							],
							"size": [
								2,
								0,
								4
							],
							"uv": [
								0,
								0
							]
						}
					]
				},
				{
					"name": "leg_1",
					"parent": "bone",
					"pivot": [
						1,
						4,
						2
					],
					"cubes": [
						{
							"origin": [
								0,
								0,
								2
							],
							"size": [
								2,
								4,
								0
							],
							"uv": [
								0,
								4
							]
						},
						{
							"origin": [
								0,
								0,
								-2
							],
							"size": [
								2,
								0,
								4
							],
							"uv": [
								0,
								4
							]
						}
					]
				}
			]
		}
	]
}