{
	"format_version": "1.12.0",
	"minecraft:geometry": [
		{
			"description": {
				"identifier": "geometry.custom_trapdoor",
				"texture_width": 16,
				"texture_height": 16,
				"visible_bounds_width": 2,
				"visible_bounds_height": 2.5,
				"visible_bounds_offset": [
					0,
					0.75,
					0
				]
			},
			"bones": [
				{
					"name": "up_close",
					"pivot": [
						0,
						12,
						0
					],
					"cubes": [
						{
							"origin": [
								-8,
								13,
								-8
							],
							"size": [
								16,
								3,
								16
							],
							"uv": {
								"north": {
									"uv": [
										0,
										13
									],
									"uv_size": [
										16,
										3
									]
								},
								"east": {
									"uv": [
										0,
										3
									],
									"uv_size": [
										16,
										-3
									]
								},
								"south": {
									"uv": [
										0,
										3
									],
									"uv_size": [
										16,
										-3
									]
								},
								"west": {
									"uv": [
										16,
										13
									],
									"uv_size": [
										-16,
										3
									]
								},
								"up": {
									"uv": [
										0,
										0
									],
									"uv_size": [
										16,
										16
									]
								},
								"down": {
									"uv": [
										0,
										16
									],
									"uv_size": [
										16,
										-16
									]
								}
							}
						}
					]
				},
				{
					"name": "down_open",
					"pivot": [
						0,
						0,
						0
					],
					"cubes": [
						{
							"origin": [
								-8,
								0,
								5
							],
							"size": [
								16,
								16,
								3
							],
							"uv": {
								"north": {
									"uv": [
										0,
										16
									],
									"uv_size": [
										16,
										-16
									]
								},
								"east": {
									"uv": [
										0,
										0
									],
									"uv_size": [
										3,
										16
									]
								},
								"south": {
									"uv": [
										16,
										16
									],
									"uv_size": [
										-16,
										-16
									]
								},
								"west": {
									"uv": [
										16,
										16
									],
									"uv_size": [
										-3,
										-16
									]
								},
								"up": {
									"uv": [
										0,
										16
									],
									"uv_size": [
										16,
										-3
									]
								},
								"down": {
									"uv": [
										16,
										3
									],
									"uv_size": [
										-16,
										-3
									]
								}
							}
						}
					]
				},
				{
					"name": "down_close",
					"pivot": [
						0,
						0,
						0
					],
					"cubes": [
						{
							"origin": [
								-8,
								0,
								-8
							],
							"size": [
								16,
								3,
								16
							],
							"uv": {
								"north": {
									"uv": [
										0,
										13
									],
									"uv_size": [
										16,
										3
									]
								},
								"east": {
									"uv": [
										0,
										3
									],
									"uv_size": [
										16,
										-3
									]
								},
								"south": {
									"uv": [
										0,
										3
									],
									"uv_size": [
										16,
										-3
									]
								},
								"west": {
									"uv": [
										16,
										13
									],
									"uv_size": [
										-16,
										3
									]
								},
								"up": {
									"uv": [
										0,
										0
									],
									"uv_size": [
										16,
										16
									]
								},
								"down": {
									"uv": [
										0,
										16
									],
									"uv_size": [
										16,
										-16
									]
								}
							}
						}
					]
				},
				{
					"name": "up_open",
					"pivot": [
						0,
						0,
						0
					],
					"cubes": [
						{
							"origin": [
								-8,
								0,
								5
							],
							"size": [
								16,
								16,
								3
							],
							"uv": {
								"north": {
									"uv": [
										0,
										0
									],
									"uv_size": [
										16,
										16
									]
								},
								"east": {
									"uv": [
										3,
										0
									],
									"uv_size": [
										-3,
										16
									]
								},
								"south": {
									"uv": [
										16,
										0
									],
									"uv_size": [
										-16,
										16
									]
								},
								"west": {
									"uv": [
										16,
										0
									],
									"uv_size": [
										-3,
										16
									]
								},
								"up": {
									"uv": [
										16,
										3
									],
									"uv_size": [
										-16,
										-3
									]
								},
								"down": {
									"uv": [
										0,
										16
									],
									"uv_size": [
										16,
										-3
									]
								}
							}
						}
					]
				}
			]
		}
	]
}