{
	"format_version": "1.12.0",
	"minecraft:geometry": [
		{
			"description": {
				"identifier": "geometry.custom_door",
				"texture_width": 16,
				"texture_height": 16,
				"visible_bounds_width": 2,
				"visible_bounds_height": 2.5,
				"visible_bounds_offset": [
					0,
					0.75,
					0
				]
			},
			"bones": [
				{
					"name": "door",
					"pivot": [
						0,
						0,
						0
					]
				},
				{
					"name": "lower_close",
					"parent": "door",
					"pivot": [
						0,
						0,
						0
					],
					"cubes": [
						{
							"origin": [
								-8,
								0,
								-8
							],
							"size": [
								16,
								16,
								3
							],
							"uv": {
								"north": {
									"uv": [
										0,
										0
									],
									"uv_size": [
										16,
										16
									],
									"material_instance": "lower"
								},
								"east": {
									"uv": [
										3,
										0
									],
									"uv_size": [
										-3,
										16
									],
									"material_instance": "lower"
								},
								"south": {
									"uv": [
										16,
										0
									],
									"uv_size": [
										-16,
										16
									],
									"material_instance": "lower"
								},
								"west": {
									"uv": [
										13,
										0
									],
									"uv_size": [
										3,
										16
									],
									"material_instance": "lower"
								},
								"down": {
									"uv": [
										16,
										16
									],
									"uv_size": [
										-16,
										-3
									],
									"material_instance": "lower"
								}
							}
						}
					]
				},
				{
					"name": "lower_open",
					"parent": "door",
					"pivot": [
						0,
						0,
						0
					],
					"cubes": [
						{
							"origin": [
								-8,
								0,
								-8
							],
							"size": [
								16,
								16,
								3
							],
							"uv": {
								"north": {
									"uv": [
										16,
										0
									],
									"uv_size": [
										-16,
										16
									],
									"material_instance": "lower"
								},
								"east": {
									"uv": [
										16,
										0
									],
									"uv_size": [
										-3,
										16
									],
									"material_instance": "lower"
								},
								"south": {
									"uv": [
										0,
										0
									],
									"uv_size": [
										16,
										16
									],
									"material_instance": "lower"
								},
								"west": {
									"uv": [
										0,
										0
									],
									"uv_size": [
										3,
										16
									],
									"material_instance": "lower"
								},
								"down": {
									"uv": [
										16,
										16
									],
									"uv_size": [
										-16,
										-3
									],
									"material_instance": "lower"
								}
							}
						}
					]
				},
				{
					"name": "upper_close",
					"parent": "door",
					"pivot": [
						0,
						0,
						0
					],
					"cubes": [
						{
							"origin": [
								-8,
								0,
								-8
							],
							"size": [
								16,
								16,
								3
							],
							"uv": {
								"north": {
									"uv": [
										0,
										0
									],
									"uv_size": [
										16,
										16
									],
									"material_instance": "upper"
								},
								"east": {
									"uv": [
										3,
										0
									],
									"uv_size": [
										-3,
										16
									],
									"material_instance": "upper"
								},
								"south": {
									"uv": [
										16,
										0
									],
									"uv_size": [
										-16,
										16
									],
									"material_instance": "upper"
								},
								"west": {
									"uv": [
										13,
										0
									],
									"uv_size": [
										3,
										16
									],
									"material_instance": "upper"
								},
								"up": {
									"uv": [
										0,
										3
									],
									"uv_size": [
										16,
										-3
									],
									"material_instance": "upper"
								}
							}
						}
					]
				},
				{
					"name": "upper_open",
					"parent": "door",
					"pivot": [
						0,
						0,
						0
					],
					"cubes": [
						{
							"origin": [
								-8,
								0,
								-8
							],
							"size": [
								16,
								16,
								3
							],
							"uv": {
								"north": {
									"uv": [
										16,
										0
									],
									"uv_size": [
										-16,
										16
									],
									"material_instance": "upper"
								},
								"east": {
									"uv": [
										16,
										0
									],
									"uv_size": [
										-3,
										16
									],
									"material_instance": "upper"
								},
								"south": {
									"uv": [
										0,
										0
									],
									"uv_size": [
										16,
										16
									],
									"material_instance": "upper"
								},
								"west": {
									"uv": [
										0,
										0
									],
									"uv_size": [
										3,
										16
									],
									"material_instance": "upper"
								},
								"up": {
									"uv": [
										16,
										3
									],
									"uv_size": [
										-16,
										-3
									],
									"material_instance": "upper"
								}
							}
						}
					]
				}
			]
		}
	]
}