{
	"format_version": "1.12.0",
	"minecraft:geometry": [
		{
			"description": {
				"identifier": "geometry.custom_fence_gate",
				"texture_width": 16,
				"texture_height": 16,
				"visible_bounds_width": 2,
				"visible_bounds_height": 2.5,
				"visible_bounds_offset": [
					0,
					0.75,
					0
				]
			},
			"bones": [
				{
					"name": "render",
					"pivot": [
						0,
						0,
						0
					],
					"cubes": [
						{
							"origin": [
								-1,
								5,
								6
							],
							"size": [
								2,
								11,
								2
							],
							"uv": {
								"north": {
									"uv": [
										7,
										0
									],
									"uv_size": [
										2,
										11
									]
								},
								"east": {
									"uv": [
										0,
										0
									],
									"uv_size": [
										2,
										11
									]
								},
								"south": {
									"uv": [
										7,
										0
									],
									"uv_size": [
										2,
										11
									]
								},
								"west": {
									"uv": [
										14,
										0
									],
									"uv_size": [
										2,
										11
									]
								},
								"up": {
									"uv": [
										7,
										14
									],
									"uv_size": [
										2,
										2
									]
								},
								"down": {
									"uv": [
										9,
										2
									],
									"uv_size": [
										-2,
										-2
									]
								}
							}
						},
						{
							"origin": [
								-1,
								5,
								-8
							],
							"size": [
								2,
								11,
								2
							],
							"uv": {
								"north": {
									"uv": [
										7,
										0
									],
									"uv_size": [
										2,
										11
									]
								},
								"east": {
									"uv": [
										14,
										0
									],
									"uv_size": [
										2,
										11
									]
								},
								"south": {
									"uv": [
										7,
										0
									],
									"uv_size": [
										2,
										11
									]
								},
								"west": {
									"uv": [
										0,
										0
									],
									"uv_size": [
										2,
										11
									]
								},
								"up": {
									"uv": [
										7,
										0
									],
									"uv_size": [
										2,
										2
									]
								},
								"down": {
									"uv": [
										9,
										16
									],
									"uv_size": [
										-2,
										-2
									]
								}
							}
						},
						{
							"origin": [
								-1,
								8,
								-6
							],
							"size": [
								2,
								7,
								12
							],
							"uv": {
								"north": {
									"uv": [
										0,
										0
									],
									"uv_size": [
										2,
										3
									]
								},
								"east": {
									"uv": [
										2,
										1
									],
									"uv_size": [
										12,
										7
									]
								},
								"south": {
									"uv": [
										0,
										0
									],
									"uv_size": [
										2,
										3
									]
								},
								"west": {
									"uv": [
										2,
										1
									],
									"uv_size": [
										12,
										7
									]
								},
								"up": {
									"uv": [
										7,
										2
									],
									"uv_size": [
										2,
										12
									]
								},
								"down": {
									"uv": [
										2,
										12
									],
									"uv_size": [
										-2,
										-12
									]
								}
							}
						}
					]
				},
				{
					"name": "fence_gate",
					"pivot": [
						0,
						0,
						0
					]
				},
				{
					"name": "northsouth",
					"parent": "fence_gate",
					"pivot": [
						0,
						0,
						0
					],
					"cubes": [
						{
							"origin": [
								-8,
								5,
								-1
							],
							"size": [
								2,
								11,
								2
							],
							"uv": {
								"north": {
									"uv": [
										0,
										0
									],
									"uv_size": [
										2,
										11
									]
								},
								"east": {
									"uv": [
										7,
										0
									],
									"uv_size": [
										2,
										11
									]
								},
								"south": {
									"uv": [
										14,
										0
									],
									"uv_size": [
										2,
										11
									]
								},
								"west": {
									"uv": [
										7,
										0
									],
									"uv_size": [
										2,
										11
									]
								},
								"up": {
									"uv": [
										14,
										7
									],
									"uv_size": [
										2,
										2
									]
								},
								"down": {
									"uv": [
										16,
										9
									],
									"uv_size": [
										-2,
										-2
									]
								}
							}
						},
						{
							"origin": [
								6,
								5,
								-1
							],
							"size": [
								2,
								11,
								2
							],
							"uv": {
								"north": {
									"uv": [
										14,
										0
									],
									"uv_size": [
										2,
										11
									]
								},
								"east": {
									"uv": [
										7,
										0
									],
									"uv_size": [
										2,
										11
									]
								},
								"south": {
									"uv": [
										0,
										0
									],
									"uv_size": [
										2,
										11
									]
								},
								"west": {
									"uv": [
										7,
										0
									],
									"uv_size": [
										2,
										11
									]
								},
								"up": {
									"uv": [
										0,
										7
									],
									"uv_size": [
										2,
										2
									]
								},
								"down": {
									"uv": [
										2,
										9
									],
									"uv_size": [
										-2,
										-2
									]
								}
							}
						}
					]
				},
				{
					"name": "nsclose",
					"parent": "northsouth",
					"pivot": [
						0,
						0,
						0
					],
					"cubes": [
						{
							"origin": [
								-6,
								6,
								-1
							],
							"size": [
								12,
								3,
								2
							],
							"uv": {
								"north": {
									"uv": [
										2,
										7
									],
									"uv_size": [
										12,
										3
									]
								},
								"east": {
									"uv": [
										0,
										0
									],
									"uv_size": [
										2,
										3
									]
								},
								"south": {
									"uv": [
										2,
										7
									],
									"uv_size": [
										12,
										3
									]
								},
								"west": {
									"uv": [
										0,
										0
									],
									"uv_size": [
										2,
										3
									]
								},
								"up": {
									"uv": [
										2,
										7
									],
									"uv_size": [
										12,
										2
									]
								},
								"down": {
									"uv": [
										14,
										9
									],
									"uv_size": [
										-12,
										-2
									]
								}
							}
						},
						{
							"origin": [
								-2,
								9,
								-1
							],
							"size": [
								4,
								3,
								2
							],
							"uv": {
								"north": {
									"uv": [
										6,
										4
									],
									"uv_size": [
										4,
										3
									]
								},
								"east": {
									"uv": [
										7,
										4
									],
									"uv_size": [
										2,
										3
									]
								},
								"south": {
									"uv": [
										6,
										4
									],
									"uv_size": [
										4,
										3
									]
								},
								"west": {
									"uv": [
										7,
										4
									],
									"uv_size": [
										2,
										3
									]
								},
								"up": {
									"uv": [
										4,
										2
									],
									"uv_size": [
										-4,
										-2
									]
								},
								"down": {
									"uv": [
										4,
										2
									],
									"uv_size": [
										-4,
										-2
									]
								}
							}
						},
						{
							"origin": [
								-6,
								12,
								-1
							],
							"size": [
								12,
								3,
								2
							],
							"uv": {
								"north": {
									"uv": [
										2,
										1
									],
									"uv_size": [
										12,
										3
									]
								},
								"east": {
									"uv": [
										0,
										0
									],
									"uv_size": [
										2,
										3
									]
								},
								"south": {
									"uv": [
										2,
										1
									],
									"uv_size": [
										12,
										3
									]
								},
								"west": {
									"uv": [
										0,
										0
									],
									"uv_size": [
										2,
										3
									]
								},
								"up": {
									"uv": [
										2,
										7
									],
									"uv_size": [
										12,
										2
									]
								},
								"down": {
									"uv": [
										14,
										9
									],
									"uv_size": [
										-12,
										-2
									]
								}
							}
						}
					]
				},
				{
					"name": "nsopen_north",
					"parent": "northsouth",
					"pivot": [
						0,
						0,
						0
					],
					"cubes": [
						{
							"origin": [
								6,
								12,
								-7
							],
							"size": [
								2,
								3,
								6
							],
							"uv": {
								"north": {
									"uv": [
										14,
										1
									],
									"uv_size": [
										2,
										3
									]
								},
								"east": {
									"uv": [
										9,
										1
									],
									"uv_size": [
										6,
										3
									]
								},
								"south": {
									"uv": [
										0,
										0
									],
									"uv_size": [
										2,
										3
									]
								},
								"west": {
									"uv": [
										1,
										1
									],
									"uv_size": [
										6,
										3
									]
								},
								"up": {
									"uv": [
										0,
										1
									],
									"uv_size": [
										2,
										6
									]
								},
								"down": {
									"uv": [
										2,
										6
									],
									"uv_size": [
										-2,
										-6
									]
								}
							}
						},
						{
							"origin": [
								6,
								6,
								-7
							],
							"size": [
								2,
								3,
								6
							],
							"uv": {
								"north": {
									"uv": [
										14,
										7
									],
									"uv_size": [
										2,
										3
									]
								},
								"east": {
									"uv": [
										9,
										7
									],
									"uv_size": [
										6,
										3
									]
								},
								"south": {
									"uv": [
										0,
										0
									],
									"uv_size": [
										2,
										3
									]
								},
								"west": {
									"uv": [
										1,
										7
									],
									"uv_size": [
										6,
										3
									]
								},
								"up": {
									"uv": [
										0,
										1
									],
									"uv_size": [
										2,
										6
									]
								},
								"down": {
									"uv": [
										2,
										15
									],
									"uv_size": [
										-2,
										-6
									]
								}
							}
						},
						{
							"origin": [
								6,
								9,
								-7
							],
							"size": [
								2,
								3,
								2
							],
							"uv": {
								"north": {
									"uv": [
										14,
										4
									],
									"uv_size": [
										2,
										3
									]
								},
								"east": {
									"uv": [
										13,
										4
									],
									"uv_size": [
										2,
										3
									]
								},
								"south": {
									"uv": [
										14,
										4
									],
									"uv_size": [
										2,
										3
									]
								},
								"west": {
									"uv": [
										1,
										4
									],
									"uv_size": [
										2,
										3
									]
								},
								"up": {
									"uv": [
										2,
										2
									],
									"uv_size": [
										-2,
										-2
									]
								},
								"down": {
									"uv": [
										2,
										2
									],
									"uv_size": [
										-2,
										-2
									]
								}
							}
						},
						{
							"origin": [
								-8,
								6,
								-7
							],
							"size": [
								2,
								3,
								6
							],
							"uv": {
								"north": {
									"uv": [
										0,
										7
									],
									"uv_size": [
										2,
										3
									]
								},
								"east": {
									"uv": [
										9,
										7
									],
									"uv_size": [
										6,
										3
									]
								},
								"south": {
									"uv": [
										0,
										0
									],
									"uv_size": [
										2,
										3
									]
								},
								"west": {
									"uv": [
										1,
										7
									],
									"uv_size": [
										6,
										3
									]
								},
								"up": {
									"uv": [
										14,
										1
									],
									"uv_size": [
										2,
										6
									]
								},
								"down": {
									"uv": [
										16,
										15
									],
									"uv_size": [
										-2,
										-6
									]
								}
							}
						},
						{
							"origin": [
								-8,
								12,
								-7
							],
							"size": [
								2,
								3,
								6
							],
							"uv": {
								"north": {
									"uv": [
										0,
										1
									],
									"uv_size": [
										2,
										3
									]
								},
								"east": {
									"uv": [
										9,
										1
									],
									"uv_size": [
										6,
										3
									]
								},
								"south": {
									"uv": [
										0,
										0
									],
									"uv_size": [
										2,
										3
									]
								},
								"west": {
									"uv": [
										1,
										1
									],
									"uv_size": [
										6,
										3
									]
								},
								"up": {
									"uv": [
										14,
										1
									],
									"uv_size": [
										2,
										6
									]
								},
								"down": {
									"uv": [
										2,
										6
									],
									"uv_size": [
										-2,
										-6
									]
								}
							}
						},
						{
							"origin": [
								-8,
								9,
								-7
							],
							"size": [
								2,
								3,
								2
							],
							"uv": {
								"north": {
									"uv": [
										0,
										4
									],
									"uv_size": [
										2,
										3
									]
								},
								"east": {
									"uv": [
										13,
										4
									],
									"uv_size": [
										2,
										3
									]
								},
								"south": {
									"uv": [
										0,
										4
									],
									"uv_size": [
										2,
										3
									]
								},
								"west": {
									"uv": [
										1,
										4
									],
									"uv_size": [
										2,
										3
									]
								},
								"up": {
									"uv": [
										2,
										2
									],
									"uv_size": [
										-2,
										-2
									]
								},
								"down": {
									"uv": [
										2,
										2
									],
									"uv_size": [
										-2,
										-2
									]
								}
							}
						}
					]
				},
				{
					"name": "nsopen_south",
					"parent": "northsouth",
					"pivot": [
						0,
						0,
						8
					],
					"cubes": [
						{
							"origin": [
								6,
								6,
								1
							],
							"size": [
								2,
								3,
								6
							],
							"uv": {
								"north": {
									"uv": [
										14,
										7
									],
									"uv_size": [
										2,
										3
									]
								},
								"east": {
									"uv": [
										1,
										7
									],
									"uv_size": [
										6,
										3
									]
								},
								"south": {
									"uv": [
										0,
										0
									],
									"uv_size": [
										2,
										3
									]
								},
								"west": {
									"uv": [
										9,
										7
									],
									"uv_size": [
										6,
										3
									]
								},
								"up": {
									"uv": [
										0,
										9
									],
									"uv_size": [
										2,
										6
									]
								},
								"down": {
									"uv": [
										2,
										7
									],
									"uv_size": [
										-2,
										-6
									]
								}
							}
						},
						{
							"origin": [
								6,
								9,
								5
							],
							"size": [
								2,
								3,
								2
							],
							"uv": {
								"north": {
									"uv": [
										14,
										4
									],
									"uv_size": [
										2,
										3
									]
								},
								"east": {
									"uv": [
										1,
										4
									],
									"uv_size": [
										2,
										3
									]
								},
								"south": {
									"uv": [
										14,
										4
									],
									"uv_size": [
										2,
										3
									]
								},
								"west": {
									"uv": [
										13,
										4
									],
									"uv_size": [
										2,
										3
									]
								},
								"up": {
									"uv": [
										2,
										2
									],
									"uv_size": [
										-2,
										-2
									]
								},
								"down": {
									"uv": [
										2,
										2
									],
									"uv_size": [
										-2,
										-2
									]
								}
							}
						},
						{
							"origin": [
								6,
								12,
								1
							],
							"size": [
								2,
								3,
								6
							],
							"uv": {
								"north": {
									"uv": [
										14,
										1
									],
									"uv_size": [
										2,
										3
									]
								},
								"east": {
									"uv": [
										1,
										1
									],
									"uv_size": [
										6,
										3
									]
								},
								"south": {
									"uv": [
										0,
										0
									],
									"uv_size": [
										2,
										3
									]
								},
								"west": {
									"uv": [
										9,
										1
									],
									"uv_size": [
										6,
										3
									]
								},
								"up": {
									"uv": [
										0,
										9
									],
									"uv_size": [
										2,
										6
									]
								},
								"down": {
									"uv": [
										2,
										7
									],
									"uv_size": [
										-2,
										-6
									]
								}
							}
						},
						{
							"origin": [
								-8,
								6,
								1
							],
							"size": [
								2,
								3,
								6
							],
							"uv": {
								"north": {
									"uv": [
										0,
										7
									],
									"uv_size": [
										2,
										3
									]
								},
								"east": {
									"uv": [
										1,
										7
									],
									"uv_size": [
										6,
										3
									]
								},
								"south": {
									"uv": [
										0,
										0
									],
									"uv_size": [
										2,
										3
									]
								},
								"west": {
									"uv": [
										9,
										7
									],
									"uv_size": [
										6,
										3
									]
								},
								"up": {
									"uv": [
										14,
										9
									],
									"uv_size": [
										2,
										6
									]
								},
								"down": {
									"uv": [
										16,
										7
									],
									"uv_size": [
										-2,
										-6
									]
								}
							}
						},
						{
							"origin": [
								-8,
								12,
								1
							],
							"size": [
								2,
								3,
								6
							],
							"uv": {
								"north": {
									"uv": [
										0,
										1
									],
									"uv_size": [
										2,
										3
									]
								},
								"east": {
									"uv": [
										1,
										1
									],
									"uv_size": [
										6,
										3
									]
								},
								"south": {
									"uv": [
										0,
										0
									],
									"uv_size": [
										2,
										3
									]
								},
								"west": {
									"uv": [
										9,
										1
									],
									"uv_size": [
										6,
										3
									]
								},
								"up": {
									"uv": [
										14,
										9
									],
									"uv_size": [
										2,
										6
									]
								},
								"down": {
									"uv": [
										16,
										7
									],
									"uv_size": [
										-2,
										-6
									]
								}
							}
						},
						{
							"origin": [
								-8,
								9,
								5
							],
							"size": [
								2,
								3,
								2
							],
							"uv": {
								"north": {
									"uv": [
										0,
										4
									],
									"uv_size": [
										2,
										3
									]
								},
								"east": {
									"uv": [
										1,
										4
									],
									"uv_size": [
										2,
										3
									]
								},
								"south": {
									"uv": [
										0,
										4
									],
									"uv_size": [
										2,
										3
									]
								},
								"west": {
									"uv": [
										13,
										4
									],
									"uv_size": [
										2,
										3
									]
								},
								"up": {
									"uv": [
										2,
										2
									],
									"uv_size": [
										-2,
										-2
									]
								},
								"down": {
									"uv": [
										2,
										2
									],
									"uv_size": [
										-2,
										-2
									]
								}
							}
						}
					]
				},
				{
					"name": "westeast",
					"parent": "fence_gate",
					"pivot": [
						0,
						0,
						0
					],
					"cubes": [
						{
							"origin": [
								-1,
								5,
								6
							],
							"size": [
								2,
								11,
								2
							],
							"uv": {
								"north": {
									"uv": [
										7,
										0
									],
									"uv_size": [
										2,
										11
									]
								},
								"east": {
									"uv": [
										0,
										0
									],
									"uv_size": [
										2,
										11
									]
								},
								"south": {
									"uv": [
										7,
										0
									],
									"uv_size": [
										2,
										11
									]
								},
								"west": {
									"uv": [
										14,
										0
									],
									"uv_size": [
										2,
										11
									]
								},
								"up": {
									"uv": [
										7,
										14
									],
									"uv_size": [
										2,
										2
									]
								},
								"down": {
									"uv": [
										9,
										2
									],
									"uv_size": [
										-2,
										-2
									]
								}
							}
						},
						{
							"origin": [
								-1,
								5,
								-8
							],
							"size": [
								2,
								11,
								2
							],
							"uv": {
								"north": {
									"uv": [
										7,
										0
									],
									"uv_size": [
										2,
										11
									]
								},
								"east": {
									"uv": [
										14,
										0
									],
									"uv_size": [
										2,
										11
									]
								},
								"south": {
									"uv": [
										7,
										0
									],
									"uv_size": [
										2,
										11
									]
								},
								"west": {
									"uv": [
										0,
										0
									],
									"uv_size": [
										2,
										11
									]
								},
								"up": {
									"uv": [
										7,
										0
									],
									"uv_size": [
										2,
										2
									]
								},
								"down": {
									"uv": [
										9,
										16
									],
									"uv_size": [
										-2,
										-2
									]
								}
							}
						}
					]
				},
				{
					"name": "weclose",
					"parent": "westeast",
					"pivot": [
						0,
						0,
						0
					],
					"cubes": [
						{
							"origin": [
								-1,
								6,
								-6
							],
							"size": [
								2,
								3,
								12
							],
							"uv": {
								"north": {
									"uv": [
										0,
										0
									],
									"uv_size": [
										2,
										3
									]
								},
								"east": {
									"uv": [
										2,
										7
									],
									"uv_size": [
										12,
										3
									]
								},
								"south": {
									"uv": [
										0,
										0
									],
									"uv_size": [
										2,
										3
									]
								},
								"west": {
									"uv": [
										2,
										7
									],
									"uv_size": [
										12,
										3
									]
								},
								"up": {
									"uv": [
										7,
										2
									],
									"uv_size": [
										2,
										12
									]
								},
								"down": {
									"uv": [
										9,
										14
									],
									"uv_size": [
										-2,
										-12
									]
								}
							}
						},
						{
							"origin": [
								-1,
								12,
								-6
							],
							"size": [
								2,
								3,
								12
							],
							"uv": {
								"north": {
									"uv": [
										0,
										0
									],
									"uv_size": [
										2,
										3
									]
								},
								"east": {
									"uv": [
										2,
										1
									],
									"uv_size": [
										12,
										3
									]
								},
								"south": {
									"uv": [
										0,
										0
									],
									"uv_size": [
										2,
										3
									]
								},
								"west": {
									"uv": [
										2,
										1
									],
									"uv_size": [
										12,
										3
									]
								},
								"up": {
									"uv": [
										7,
										2
									],
									"uv_size": [
										2,
										12
									]
								},
								"down": {
									"uv": [
										2,
										12
									],
									"uv_size": [
										-2,
										-12
									]
								}
							}
						},
						{
							"origin": [
								-1,
								9,
								-2
							],
							"size": [
								2,
								3,
								4
							],
							"uv": {
								"north": {
									"uv": [
										7,
										4
									],
									"uv_size": [
										2,
										3
									]
								},
								"east": {
									"uv": [
										6,
										4
									],
									"uv_size": [
										4,
										3
									]
								},
								"south": {
									"uv": [
										7,
										4
									],
									"uv_size": [
										2,
										3
									]
								},
								"west": {
									"uv": [
										6,
										4
									],
									"uv_size": [
										4,
										3
									]
								},
								"up": {
									"uv": [
										2,
										4
									],
									"uv_size": [
										-2,
										-4
									]
								},
								"down": {
									"uv": [
										2,
										4
									],
									"uv_size": [
										-2,
										-4
									]
								}
							}
						}
					]
				},
				{
					"name": "weopen_west",
					"parent": "westeast",
					"pivot": [
						0,
						0,
						0
					],
					"cubes": [
						{
							"origin": [
								-7,
								6,
								-8
							],
							"size": [
								6,
								3,
								2
							],
							"uv": {
								"north": {
									"uv": [
										1,
										7
									],
									"uv_size": [
										6,
										3
									]
								},
								"east": {
									"uv": [
										14,
										7
									],
									"uv_size": [
										2,
										3
									]
								},
								"south": {
									"uv": [
										9,
										7
									],
									"uv_size": [
										6,
										3
									]
								},
								"west": {
									"uv": [
										0,
										0
									],
									"uv_size": [
										2,
										3
									]
								},
								"up": {
									"uv": [
										9,
										0
									],
									"uv_size": [
										6,
										2
									]
								},
								"down": {
									"uv": [
										15,
										16
									],
									"uv_size": [
										-6,
										-2
									]
								}
							}
						},
						{
							"origin": [
								-7,
								12,
								-8
							],
							"size": [
								6,
								3,
								2
							],
							"uv": {
								"north": {
									"uv": [
										1,
										1
									],
									"uv_size": [
										6,
										3
									]
								},
								"east": {
									"uv": [
										14,
										1
									],
									"uv_size": [
										2,
										3
									]
								},
								"south": {
									"uv": [
										9,
										1
									],
									"uv_size": [
										6,
										3
									]
								},
								"west": {
									"uv": [
										0,
										0
									],
									"uv_size": [
										2,
										3
									]
								},
								"up": {
									"uv": [
										9,
										0
									],
									"uv_size": [
										6,
										2
									]
								},
								"down": {
									"uv": [
										6,
										2
									],
									"uv_size": [
										-6,
										-2
									]
								}
							}
						},
						{
							"origin": [
								-7,
								9,
								-8
							],
							"size": [
								2,
								3,
								2
							],
							"uv": {
								"north": {
									"uv": [
										1,
										4
									],
									"uv_size": [
										2,
										3
									]
								},
								"east": {
									"uv": [
										14,
										4
									],
									"uv_size": [
										2,
										3
									]
								},
								"south": {
									"uv": [
										13,
										4
									],
									"uv_size": [
										2,
										3
									]
								},
								"west": {
									"uv": [
										0,
										0
									],
									"uv_size": [
										2,
										3
									]
								},
								"up": {
									"uv": [
										2,
										2
									],
									"uv_size": [
										-2,
										-2
									]
								},
								"down": {
									"uv": [
										2,
										2
									],
									"uv_size": [
										-2,
										-2
									]
								}
							}
						},
						{
							"origin": [
								-7,
								6,
								6
							],
							"size": [
								6,
								3,
								2
							],
							"uv": {
								"north": {
									"uv": [
										1,
										7
									],
									"uv_size": [
										6,
										3
									]
								},
								"east": {
									"uv": [
										0,
										7
									],
									"uv_size": [
										2,
										3
									]
								},
								"south": {
									"uv": [
										9,
										7
									],
									"uv_size": [
										6,
										3
									]
								},
								"west": {
									"uv": [
										0,
										0
									],
									"uv_size": [
										2,
										3
									]
								},
								"up": {
									"uv": [
										9,
										14
									],
									"uv_size": [
										6,
										2
									]
								},
								"down": {
									"uv": [
										15,
										2
									],
									"uv_size": [
										-6,
										-2
									]
								}
							}
						},
						{
							"origin": [
								-7,
								9,
								6
							],
							"size": [
								2,
								3,
								2
							],
							"uv": {
								"north": {
									"uv": [
										1,
										4
									],
									"uv_size": [
										2,
										3
									]
								},
								"east": {
									"uv": [
										0,
										4
									],
									"uv_size": [
										2,
										3
									]
								},
								"south": {
									"uv": [
										13,
										4
									],
									"uv_size": [
										2,
										3
									]
								},
								"west": {
									"uv": [
										0,
										0
									],
									"uv_size": [
										2,
										3
									]
								},
								"up": {
									"uv": [
										2,
										2
									],
									"uv_size": [
										-2,
										-2
									]
								},
								"down": {
									"uv": [
										2,
										2
									],
									"uv_size": [
										-2,
										-2
									]
								}
							}
						},
						{
							"origin": [
								-7,
								12,
								6
							],
							"size": [
								6,
								3,
								2
							],
							"uv": {
								"north": {
									"uv": [
										1,
										1
									],
									"uv_size": [
										6,
										3
									]
								},
								"east": {
									"uv": [
										0,
										1
									],
									"uv_size": [
										2,
										3
									]
								},
								"south": {
									"uv": [
										9,
										1
									],
									"uv_size": [
										6,
										3
									]
								},
								"west": {
									"uv": [
										0,
										0
									],
									"uv_size": [
										2,
										3
									]
								},
								"up": {
									"uv": [
										9,
										14
									],
									"uv_size": [
										6,
										2
									]
								},
								"down": {
									"uv": [
										6,
										2
									],
									"uv_size": [
										-6,
										-2
									]
								}
							}
						}
					]
				},
				{
					"name": "weopen_east",
					"parent": "westeast",
					"pivot": [
						8,
						0,
						0
					],
					"cubes": [
						{
							"origin": [
								1,
								6,
								-8
							],
							"size": [
								6,
								3,
								2
							],
							"uv": {
								"north": {
									"uv": [
										9,
										7
									],
									"uv_size": [
										6,
										3
									]
								},
								"east": {
									"uv": [
										14,
										7
									],
									"uv_size": [
										2,
										3
									]
								},
								"south": {
									"uv": [
										1,
										7
									],
									"uv_size": [
										6,
										3
									]
								},
								"west": {
									"uv": [
										0,
										7
									],
									"uv_size": [
										2,
										3
									]
								},
								"up": {
									"uv": [
										1,
										0
									],
									"uv_size": [
										6,
										2
									]
								},
								"down": {
									"uv": [
										7,
										16
									],
									"uv_size": [
										-6,
										-2
									]
								}
							}
						},
						{
							"origin": [
								1,
								12,
								-8
							],
							"size": [
								6,
								3,
								2
							],
							"uv": {
								"north": {
									"uv": [
										9,
										1
									],
									"uv_size": [
										6,
										3
									]
								},
								"east": {
									"uv": [
										14,
										1
									],
									"uv_size": [
										2,
										3
									]
								},
								"south": {
									"uv": [
										1,
										1
									],
									"uv_size": [
										6,
										3
									]
								},
								"west": {
									"uv": [
										0,
										1
									],
									"uv_size": [
										2,
										3
									]
								},
								"up": {
									"uv": [
										1,
										0
									],
									"uv_size": [
										6,
										2
									]
								},
								"down": {
									"uv": [
										6,
										2
									],
									"uv_size": [
										-6,
										-2
									]
								}
							}
						},
						{
							"origin": [
								5,
								9,
								-8
							],
							"size": [
								2,
								3,
								2
							],
							"uv": {
								"north": {
									"uv": [
										13,
										4
									],
									"uv_size": [
										2,
										3
									]
								},
								"east": {
									"uv": [
										14,
										4
									],
									"uv_size": [
										2,
										3
									]
								},
								"south": {
									"uv": [
										1,
										4
									],
									"uv_size": [
										2,
										3
									]
								},
								"west": {
									"uv": [
										0,
										4
									],
									"uv_size": [
										2,
										3
									]
								},
								"up": {
									"uv": [
										2,
										2
									],
									"uv_size": [
										-2,
										-2
									]
								},
								"down": {
									"uv": [
										2,
										2
									],
									"uv_size": [
										-2,
										-2
									]
								}
							}
						},
						{
							"origin": [
								1,
								6,
								6
							],
							"size": [
								6,
								3,
								2
							],
							"uv": {
								"north": {
									"uv": [
										9,
										7
									],
									"uv_size": [
										6,
										3
									]
								},
								"east": {
									"uv": [
										0,
										7
									],
									"uv_size": [
										2,
										3
									]
								},
								"south": {
									"uv": [
										1,
										7
									],
									"uv_size": [
										6,
										3
									]
								},
								"west": {
									"uv": [
										14,
										7
									],
									"uv_size": [
										2,
										3
									]
								},
								"up": {
									"uv": [
										1,
										14
									],
									"uv_size": [
										6,
										2
									]
								},
								"down": {
									"uv": [
										7,
										2
									],
									"uv_size": [
										-6,
										-2
									]
								}
							}
						},
						{
							"origin": [
								5,
								9,
								6
							],
							"size": [
								2,
								3,
								2
							],
							"uv": {
								"north": {
									"uv": [
										13,
										4
									],
									"uv_size": [
										2,
										3
									]
								},
								"east": {
									"uv": [
										0,
										4
									],
									"uv_size": [
										2,
										3
									]
								},
								"south": {
									"uv": [
										1,
										4
									],
									"uv_size": [
										2,
										3
									]
								},
								"west": {
									"uv": [
										14,
										4
									],
									"uv_size": [
										2,
										3
									]
								},
								"up": {
									"uv": [
										2,
										2
									],
									"uv_size": [
										-2,
										-2
									]
								},
								"down": {
									"uv": [
										2,
										2
									],
									"uv_size": [
										-2,
										-2
									]
								}
							}
						},
						{
							"origin": [
								1,
								12,
								6
							],
							"size": [
								6,
								3,
								2
							],
							"uv": {
								"north": {
									"uv": [
										9,
										1
									],
									"uv_size": [
										6,
										3
									]
								},
								"east": {
									"uv": [
										0,
										1
									],
									"uv_size": [
										2,
										3
									]
								},
								"south": {
									"uv": [
										1,
										1
									],
									"uv_size": [
										6,
										3
									]
								},
								"west": {
									"uv": [
										14,
										1
									],
									"uv_size": [
										2,
										3
									]
								},
								"up": {
									"uv": [
										1,
										14
									],
									"uv_size": [
										6,
										2
									]
								},
								"down": {
									"uv": [
										6,
										2
									],
									"uv_size": [
										-6,
										-2
									]
								}
							}
						}
					]
				}
			]
		}
	]
}