{
	"format_version": "1.12.0",
	"minecraft:geometry": [
		{
			"description": {
				"identifier": "geometry.deer",
				"texture_width": 64,
				"texture_height": 64,
				"visible_bounds_width": 4,
				"visible_bounds_height": 4.5,
				"visible_bounds_offset": [
					0,
					1.75,
					0
				]
			},
			"bones": [
				{
					"name": "body",
					"pivot": [
						0,
						15,
						-3
					],
					"cubes": [
						{
							"origin": [
								-5,
								15,
								-10
							],
							"size": [
								10,
								10,
								20
							],
							"uv": [
								0,
								0
							]
						},
						{
							"origin": [
								-2,
								19,
								10
							],
							"size": [
								4,
								6,
								2
							],
							"uv": [
								40,
								12
							]
						}
					]
				},
				{
					"name": "leg2",
					"parent": "body",
					"pivot": [
						-3,
						14,
						-6
					],
					"cubes": [
						{
							"origin": [
								-5,
								0,
								-8
							],
							"size": [
								4,
								15,
								4
							],
							"uv": [
								0,
								0
							]
						}
					]
				},
				{
					"name": "leg0",
					"parent": "body",
					"pivot": [
						-3,
						14,
						7
					],
					"cubes": [
						{
							"origin": [
								-5,
								0,
								5
							],
							"size": [
								4,
								15,
								4
							],
							"uv": [
								0,
								0
							]
						}
					]
				},
				{
					"name": "leg3",
					"parent": "body",
					"pivot": [
						3,
						14,
						-6
					],
					"cubes": [
						{
							"origin": [
								1,
								0,
								-8
							],
							"size": [
								4,
								15,
								4
							],
							"uv": [
								0,
								0
							],
							"mirror": true
						}
					]
				},
				{
					"name": "leg1",
					"parent": "body",
					"pivot": [
						3,
						14,
						7
					],
					"cubes": [
						{
							"origin": [
								1,
								0,
								5
							],
							"size": [
								4,
								15,
								4
							],
							"uv": [
								0,
								0
							],
							"mirror": true
						}
					]
				},
				{
					"name": "neck",
					"parent": "body",
					"pivot": [
						0,
						22,
						-7
					],
					"rotation": [
						30,
						0,
						0
					],
					"cubes": [
						{
							"origin": [
								-2,
								19,
								-12
							],
							"size": [
								4,
								16,
								6
							],
							"uv": [
								0,
								30
							]
						}
					]
				},
				{
					"name": "head",
					"parent": "neck",
					"pivot": [
						0,
						35,
						-9
					],
					"rotation": [
						-5,
						0,
						0
					],
					"cubes": [
						{
							"origin": [
								-3,
								35,
								-13
							],
							"size": [
								6,
								5,
								7
							],
							"uv": [
								20,
								30
							]
						},
						{
							"origin": [
								-12.91276,
								37.7392,
								-6.981
							],
							"size": [
								12,
								12,
								0
							],
							"pivot": [
								-2,
								39,
								-7
							],
							"rotation": [
								-8.25865,
								24.7934,
								-3.15411
							],
							"uv": [
								40,
								0
							]
						},
						{
							"origin": [
								0.91276,
								37.7392,
								-6.981
							],
							"size": [
								12,
								12,
								0
							],
							"pivot": [
								2,
								39,
								-7
							],
							"rotation": [
								-8.25865,
								-24.7934,
								3.15411
							],
							"uv": [
								40,
								0
							],
							"mirror": true
						}
					]
				},
				{
					"name": "nose",
					"parent": "head",
					"pivot": [
						0,
						39,
						-13
					],
					"cubes": [
						{
							"origin": [
								-2,
								35,
								-18
							],
							"size": [
								4,
								5,
								5
							],
							"uv": [
								41,
								37
							]
						}
					]
				},
				{
					"name": "right_ear",
					"parent": "head",
					"pivot": [
						-3,
						39,
						-8
					],
					"cubes": [
						{
							"origin": [
								-8,
								38,
								-8
							],
							"size": [
								5,
								2,
								1
							],
							"pivot": [
								-3,
								39,
								-8
							],
							"rotation": [
								0,
								-7.5,
								42.5
							],
							"uv": [
								14,
								30
							]
						}
					]
				},
				{
					"name": "left_ear",
					"parent": "head",
					"pivot": [
						3,
						39,
						-8
					],
					"cubes": [
						{
							"origin": [
								3,
								38,
								-8
							],
							"size": [
								5,
								2,
								1
							],
							"pivot": [
								3,
								39,
								-8
							],
							"rotation": [
								0,
								7.5,
								-42.5
							],
							"uv": [
								14,
								30
							],
							"mirror": true
						}
					]
				}
			]
		}
	]
}