{
	"format_version": "1.12.0",
	"minecraft:geometry": [
		{
			"description": {
				"identifier": "geometry.desert_crawler",
				"texture_width": 128,
				"texture_height": 128,
				"visible_bounds_width": 8,
				"visible_bounds_height": 3.5,
				"visible_bounds_offset": [
					0,
					1.25,
					0
				]
			},
			"bones": [
				{
					"name": "bone",
					"pivot": [
						0,
						0,
						0
					]
				},
				{
					"name": "body",
					"parent": "bone",
					"pivot": [
						0,
						8,
						0
					],
					"cubes": [
						{
							"origin": [
								-8,
								0,
								-8
							],
							"size": [
								16,
								16,
								16
							],
							"uv": [
								0,
								0
							]
						}
					]
				},
				{
					"name": "leg0",
					"parent": "bone",
					"pivot": [
						-8,
						3.5,
						5.5
					],
					"cubes": [
						{
							"origin": [
								-24,
								2,
								4
							],
							"size": [
								16,
								3,
								3
							],
							"inflate": 0.05,
							"uv": [
								38,
								56
							]
						}
					]
				},
				{
					"name": "end0",
					"parent": "leg0",
					"pivot": [
						-24,
						3.5,
						5.5
					],
					"cubes": [
						{
							"origin": [
								-56,
								2,
								4
							],
							"size": [
								32,
								3,
								3
							],
							"uv": [
								0,
								38
							]
						}
					]
				},
				{
					"name": "leg1",
					"parent": "bone",
					"pivot": [
						8,
						3.5,
						5.5
					],
					"cubes": [
						{
							"origin": [
								8,
								2,
								4
							],
							"size": [
								16,
								3,
								3
							],
							"inflate": 0.05,
							"uv": [
								64,
								18
							]
						}
					]
				},
				{
					"name": "end1",
					"parent": "leg1",
					"pivot": [
						24,
						3.5,
						5.5
					],
					"cubes": [
						{
							"origin": [
								24,
								2,
								4
							],
							"size": [
								32,
								3,
								3
							],
							"uv": [
								0,
								50
							]
						}
					]
				},
				{
					"name": "leg2",
					"parent": "bone",
					"pivot": [
						-8,
						3.5,
						0.5
					],
					"cubes": [
						{
							"origin": [
								-24,
								2,
								-1
							],
							"size": [
								16,
								3,
								3
							],
							"inflate": 0.05,
							"uv": [
								0,
								62
							]
						}
					]
				},
				{
					"name": "end2",
					"parent": "leg2",
					"pivot": [
						-24,
						3.5,
						0.5
					],
					"cubes": [
						{
							"origin": [
								-56,
								2,
								-1
							],
							"size": [
								32,
								3,
								3
							],
							"uv": [
								0,
								44
							]
						}
					]
				},
				{
					"name": "leg3",
					"parent": "bone",
					"pivot": [
						8,
						3.5,
						0.5
					],
					"cubes": [
						{
							"origin": [
								8,
								2,
								-1
							],
							"size": [
								16,
								3,
								3
							],
							"inflate": 0.05,
							"uv": [
								38,
								62
							]
						}
					]
				},
				{
					"name": "end3",
					"parent": "leg3",
					"pivot": [
						24,
						3.5,
						0.5
					],
					"cubes": [
						{
							"origin": [
								24,
								2,
								-1
							],
							"size": [
								32,
								3,
								3
							],
							"uv": [
								48,
								0
							]
						}
					]
				},
				{
					"name": "leg4",
					"parent": "bone",
					"pivot": [
						-8,
						3.5,
						-4.5
					],
					"cubes": [
						{
							"origin": [
								-24,
								2,
								-6
							],
							"size": [
								16,
								3,
								3
							],
							"inflate": 0.05,
							"uv": [
								0,
								56
							]
						}
					]
				},
				{
					"name": "end4",
					"parent": "leg4",
					"pivot": [
						-24,
						3.5,
						-4.5
					],
					"cubes": [
						{
							"origin": [
								-56,
								2,
								-6
							],
							"size": [
								32,
								3,
								3
							],
							"uv": [
								0,
								32
							]
						}
					]
				},
				{
					"name": "leg5",
					"parent": "bone",
					"pivot": [
						8,
						3.5,
						-4.5
					],
					"cubes": [
						{
							"origin": [
								8,
								2,
								-6
							],
							"size": [
								16,
								3,
								3
							],
							"inflate": 0.05,
							"uv": [
								64,
								12
							]
						}
					]
				},
				{
					"name": "end5",
					"parent": "leg5",
					"pivot": [
						24,
						3.5,
						-4.5
					],
					"cubes": [
						{
							"origin": [
								24,
								2,
								-6
							],
							"size": [
								32,
								3,
								3
							],
							"uv": [
								48,
								6
							]
						}
					]
				}
			]
		}
	]
}