{
	"format_version": "1.16.0",
	"minecraft:geometry": [
		{
			"description": {
				"identifier": "geometry.double_barrel_shotgun",
				"texture_width": 64,
				"texture_height": 64,
				"visible_bounds_width": 4,
				"visible_bounds_height": 2.5,
				"visible_bounds_offset": [
					0,
					0.75,
					0
				]
			},
			"bones": [
				{
					"name": "root",
					"pivot": [
						0,
						0,
						0
					],
					"binding": "q.item_slot_to_bone_name(c.item_slot)",
					"cubes": [
						{
							"origin": [
								-1,
								0,
								3
							],
							"size": [
								2,
								5,
								3
							],
							"pivot": [
								0,
								4,
								4
							],
							"rotation": [
								25,
								0,
								0
							],
							"uv": [
								9,
								10
							]
						},
						{
							"origin": [
								0,
								2,
								0
							],
							"size": [
								0,
								4,
								3
							],
							"pivot": [
								0,
								4,
								4
							],
							"rotation": [
								25,
								0,
								0
							],
							"uv": [
								0,
								10
							]
						},
						{
							"origin": [
								-1.5,
								4,
								-1
							],
							"size": [
								3,
								2,
								8
							],
							"uv": [
								23,
								21
							]
						},
						{
							"origin": [
								-1.5,
								6,
								1
							],
							"size": [
								3,
								1,
								6
							],
							"uv": [
								0,
								0
							]
						},
						{
							"origin": [
								0.5,
								5.75,
								6
							],
							"size": [
								0,
								2,
								1
							],
							"uv": [
								4,
								0
							]
						},
						{
							"origin": [
								-0.5,
								5.75,
								6
							],
							"size": [
								0,
								2,
								1
							],
							"uv": [
								4,
								2
							]
						},
						{
							"origin": [
								-1,
								4,
								7
							],
							"size": [
								2,
								3,
								8
							],
							"pivot": [
								0,
								7,
								7
							],
							"rotation": [
								-10,
								0,
								0
							],
							"uv": [
								34,
								34
							]
						}
					]
				},
				{
					"name": "barrel",
					"parent": "root",
					"pivot": [
						0,
						5,
						-1
					],
					"cubes": [
						{
							"origin": [
								0,
								5,
								-17
							],
							"size": [
								0,
								3,
								2
							],
							"uv": [
								0,
								0
							]
						},
						{
							"origin": [
								-0.5,
								4.5,
								-9
							],
							"size": [
								1,
								1,
								8
							],
							"uv": [
								31,
								8
							]
						},
						{
							"origin": [
								-2.15,
								5.2,
								-17.8
							],
							"size": [
								2,
								2,
								19
							],
							"inflate": -0.2,
							"pivot": [
								-1.15,
								6.2,
								-8.3
							],
							"rotation": [
								0,
								0,
								45
							],
							"uv": [
								0,
								21
							]
						},
						{
							"origin": [
								0.15,
								5.2,
								-17.8
							],
							"size": [
								2,
								2,
								19
							],
							"inflate": -0.2,
							"pivot": [
								1.15,
								6.2,
								-8.3
							],
							"rotation": [
								0,
								0,
								45
							],
							"uv": [
								0,
								0
							]
						}
					]
				},
				{
					"name": "pump",
					"parent": "barrel",
					"pivot": [
						0,
						4.75,
						-13.5
					],
					"cubes": [
						{
							"origin": [
								-0.5,
								4.25,
								-8.5
							],
							"size": [
								1,
								1,
								5
							],
							"inflate": 0.25,
							"uv": [
								0,
								7
							]
						}
					]
				}
			]
		}
	]
}