{
	"format_version": "1.12.0",
	"minecraft:geometry": [
		{
			"description": {
				"identifier": "geometry.dread",
				"texture_width": 256,
				"texture_height": 256,
				"visible_bounds_width": 9,
				"visible_bounds_height": 6.5,
				"visible_bounds_offset": [
					0,
					2.75,
					0
				]
			},
			"bones": [
				{
					"name": "body",
					"pivot": [
						0,
						0,
						0
					]
				},
				{
					"name": "upper",
					"parent": "body",
					"pivot": [
						0,
						36,
						0
					],
					"cubes": [
						{
							"origin": [
								-6,
								36,
								-4
							],
							"size": [
								12,
								15,
								11
							],
							"uv": [
								73,
								70
							]
						},
						{
							"origin": [
								0,
								42,
								7
							],
							"size": [
								0,
								9,
								12
							],
							"uv": [
								68,
								49
							]
						}
					]
				},
				{
					"name": "tail0",
					"parent": "upper",
					"pivot": [
						0,
						39,
						7
					],
					"cubes": [
						{
							"origin": [
								-3,
								36,
								7
							],
							"size": [
								6,
								6,
								14
							],
							"uv": [
								76,
								0
							]
						}
					]
				},
				{
					"name": "tail1",
					"parent": "tail0",
					"pivot": [
						0,
						39,
						21
					],
					"cubes": [
						{
							"origin": [
								-3,
								36,
								21
							],
							"size": [
								6,
								6,
								18
							],
							"uv": [
								0,
								53
							]
						}
					]
				},
				{
					"name": "tail2",
					"parent": "tail1",
					"pivot": [
						0,
						39,
						39
					],
					"cubes": [
						{
							"origin": [
								-2,
								36,
								39
							],
							"size": [
								4,
								6,
								21
							],
							"uv": [
								0,
								26
							]
						}
					]
				},
				{
					"name": "torso",
					"parent": "upper",
					"pivot": [
						0,
						51,
						4
					],
					"cubes": [
						{
							"origin": [
								-8,
								51,
								-4
							],
							"size": [
								16,
								14,
								12
							],
							"uv": [
								0,
								0
							]
						},
						{
							"origin": [
								0,
								51,
								8
							],
							"size": [
								0,
								14,
								15
							],
							"uv": [
								0,
								62
							]
						}
					]
				},
				{
					"name": "neck",
					"parent": "torso",
					"pivot": [
						0,
						65,
						1
					],
					"cubes": [
						{
							"origin": [
								-5,
								65,
								-3
							],
							"size": [
								10,
								13,
								8
							],
							"pivot": [
								0,
								65,
								4
							],
							"rotation": [
								7.5,
								0,
								0
							],
							"uv": [
								62,
								96
							]
						},
						{
							"origin": [
								0,
								65,
								5
							],
							"size": [
								0,
								13,
								9
							],
							"pivot": [
								0,
								65,
								4
							],
							"rotation": [
								7.5,
								0,
								0
							],
							"uv": [
								0,
								17
							]
						}
					]
				},
				{
					"name": "head",
					"parent": "neck",
					"pivot": [
						0,
						78,
						2
					],
					"cubes": [
						{
							"origin": [
								-5,
								75,
								-7
							],
							"size": [
								10,
								11,
								10
							],
							"inflate": 0.02,
							"uv": [
								70,
								32
							]
						},
						{
							"origin": [
								-5,
								80,
								-23
							],
							"size": [
								10,
								6,
								16
							],
							"uv": [
								40,
								10
							]
						},
						{
							"origin": [
								-5,
								76,
								-23
							],
							"size": [
								10,
								4,
								16
							],
							"inflate": -0.01,
							"uv": [
								32,
								61
							]
						}
					]
				},
				{
					"name": "jaw",
					"parent": "head",
					"pivot": [
						0,
						79,
						-7
					],
					"cubes": [
						{
							"origin": [
								-5,
								75,
								-23
							],
							"size": [
								10,
								8,
								16
							],
							"inflate": 0.03,
							"uv": [
								34,
								37
							]
						}
					]
				},
				{
					"name": "arm0",
					"parent": "torso",
					"pivot": [
						-8,
						64,
						1
					],
					"cubes": [
						{
							"origin": [
								-16,
								48,
								-2
							],
							"size": [
								8,
								17,
								7
							],
							"inflate": 0.01,
							"uv": [
								103,
								46
							]
						}
					]
				},
				{
					"name": "arm2",
					"parent": "arm0",
					"pivot": [
						-12,
						48,
						1
					],
					"cubes": [
						{
							"origin": [
								-16,
								29,
								-2
							],
							"size": [
								8,
								19,
								7
							],
							"uv": [
								98,
								96
							]
						}
					]
				},
				{
					"name": "hand0",
					"parent": "arm2",
					"pivot": [
						-12,
						28,
						0
					],
					"cubes": [
						{
							"origin": [
								-16,
								21,
								-2
							],
							"size": [
								8,
								8,
								5
							],
							"inflate": 0.03,
							"uv": [
								100,
								20
							]
						},
						{
							"origin": [
								-16,
								13,
								-2
							],
							"size": [
								0,
								8,
								8
							],
							"uv": [
								29,
								24
							]
						},
						{
							"origin": [
								-14,
								13,
								-2
							],
							"size": [
								0,
								8,
								8
							],
							"uv": [
								29,
								24
							]
						},
						{
							"origin": [
								-11,
								13,
								-2
							],
							"size": [
								0,
								8,
								8
							],
							"uv": [
								29,
								24
							]
						},
						{
							"origin": [
								-9,
								13,
								-2
							],
							"size": [
								0,
								8,
								8
							],
							"uv": [
								29,
								24
							]
						}
					]
				},
				{
					"name": "arm1",
					"parent": "torso",
					"pivot": [
						8,
						64,
						1
					],
					"cubes": [
						{
							"origin": [
								8,
								48,
								-2
							],
							"size": [
								8,
								17,
								7
							],
							"inflate": 0.01,
							"uv": [
								103,
								46
							],
							"mirror": true
						}
					]
				},
				{
					"name": "arm3",
					"parent": "arm1",
					"pivot": [
						12,
						48,
						1
					],
					"cubes": [
						{
							"origin": [
								8,
								29,
								-2
							],
							"size": [
								8,
								19,
								7
							],
							"uv": [
								98,
								96
							],
							"mirror": true
						}
					]
				},
				{
					"name": "hand1",
					"parent": "arm3",
					"pivot": [
						12,
						28,
						0
					],
					"cubes": [
						{
							"origin": [
								8,
								21,
								-2
							],
							"size": [
								8,
								8,
								5
							],
							"inflate": 0.03,
							"uv": [
								100,
								20
							],
							"mirror": true
						},
						{
							"origin": [
								16,
								13,
								-2
							],
							"size": [
								0,
								8,
								8
							],
							"uv": [
								29,
								24
							],
							"mirror": true
						},
						{
							"origin": [
								14,
								13,
								-2
							],
							"size": [
								0,
								8,
								8
							],
							"uv": [
								29,
								24
							],
							"mirror": true
						},
						{
							"origin": [
								11,
								13,
								-2
							],
							"size": [
								0,
								8,
								8
							],
							"uv": [
								29,
								24
							],
							"mirror": true
						},
						{
							"origin": [
								9,
								13,
								-2
							],
							"size": [
								0,
								8,
								8
							],
							"uv": [
								29,
								24
							],
							"mirror": true
						}
					]
				},
				{
					"name": "lower",
					"parent": "body",
					"pivot": [
						-5,
						39,
						0
					]
				},
				{
					"name": "leg0",
					"parent": "lower",
					"pivot": [
						-5,
						39,
						0
					],
					"cubes": [
						{
							"origin": [
								-8,
								22,
								-3
							],
							"size": [
								7,
								18,
								9
							],
							"uv": [
								30,
								81
							]
						}
					]
				},
				{
					"name": "leg_2",
					"parent": "leg0",
					"pivot": [
						-5,
						22,
						0
					],
					"cubes": [
						{
							"origin": [
								-8,
								0,
								-1
							],
							"size": [
								7,
								22,
								7
							],
							"uv": [
								0,
								91
							]
						}
					]
				},
				{
					"name": "leg1",
					"parent": "lower",
					"pivot": [
						5,
						39,
						0
					],
					"cubes": [
						{
							"origin": [
								1,
								22,
								-3
							],
							"size": [
								7,
								18,
								9
							],
							"uv": [
								30,
								81
							],
							"mirror": true
						}
					]
				},
				{
					"name": "leg_3",
					"parent": "leg1",
					"pivot": [
						5,
						22,
						0
					],
					"cubes": [
						{
							"origin": [
								1,
								0,
								-1
							],
							"size": [
								7,
								22,
								7
							],
							"uv": [
								0,
								91
							],
							"mirror": true
						}
					]
				}
			]
		}
	]
}