{
	"format_version": "1.12.0",
	"minecraft:geometry": [
		{
			"description": {
				"identifier": "geometry.drone",
				"texture_width": 64,
				"texture_height": 64,
				"visible_bounds_width": 3,
				"visible_bounds_height": 1.5,
				"visible_bounds_offset": [
					0,
					0.25,
					0
				]
			},
			"bones": [
				{
					"name": "drone",
					"pivot": [
						0,
						-1,
						0
					],
					"cubes": [
						{
							"origin": [
								-3,
								3,
								-6
							],
							"size": [
								6,
								3,
								12
							],
							"pivot": [
								0,
								3,
								-6
							],
							"rotation": [
								5,
								0,
								0
							],
							"uv": [
								0,
								0
							]
						},
						{
							"origin": [
								-2,
								1,
								-6
							],
							"size": [
								4,
								3,
								10
							],
							"uv": [
								0,
								15
							]
						},
						{
							"origin": [
								-0.5,
								0,
								-7
							],
							"size": [
								1,
								1,
								4
							],
							"uv": [
								0,
								15
							]
						},
						{
							"origin": [
								-1,
								2,
								-7
							],
							"size": [
								2,
								2,
								2
							],
							"uv": [
								0,
								20
							]
						},
						{
							"origin": [
								2,
								1,
								3
							],
							"size": [
								1,
								1,
								5
							],
							"pivot": [
								2,
								1,
								3
							],
							"rotation": [
								25,
								0,
								0
							],
							"uv": [
								0,
								6
							]
						},
						{
							"origin": [
								-3,
								1,
								3
							],
							"size": [
								1,
								1,
								5
							],
							"pivot": [
								-2,
								1,
								3
							],
							"rotation": [
								25,
								0,
								0
							],
							"uv": [
								0,
								0
							]
						}
					]
				},
				{
					"name": "leftarm",
					"parent": "drone",
					"pivot": [
						2,
						1.5,
						-0.5
					],
					"cubes": [
						{
							"origin": [
								2,
								1,
								-1
							],
							"size": [
								8,
								1,
								1
							],
							"uv": [
								18,
								15
							]
						}
					]
				},
				{
					"name": "leftblade",
					"parent": "leftarm",
					"pivot": [
						9.5,
						2,
						-0.5
					],
					"cubes": [
						{
							"origin": [
								9,
								3,
								0
							],
							"size": [
								1,
								1,
								5
							],
							"uv": [
								0,
								28
							]
						},
						{
							"origin": [
								4,
								3,
								-1
							],
							"size": [
								5,
								1,
								1
							],
							"uv": [
								29,
								21
							]
						},
						{
							"origin": [
								10,
								3,
								-1
							],
							"size": [
								5,
								1,
								1
							],
							"uv": [
								18,
								29
							]
						},
						{
							"origin": [
								9,
								2,
								-1
							],
							"size": [
								1,
								3,
								1
							],
							"uv": [
								0,
								0
							]
						},
						{
							"origin": [
								9,
								3,
								-6
							],
							"size": [
								1,
								1,
								5
							],
							"uv": [
								24,
								6
							]
						}
					]
				},
				{
					"name": "rightarm",
					"parent": "drone",
					"pivot": [
						-2,
						1.5,
						-0.5
					],
					"cubes": [
						{
							"origin": [
								-10,
								1,
								-1
							],
							"size": [
								8,
								1,
								1
							],
							"uv": [
								18,
								18
							]
						}
					]
				},
				{
					"name": "rightblade",
					"parent": "rightarm",
					"pivot": [
						-9.5,
						2,
						-0.5
					],
					"cubes": [
						{
							"origin": [
								-9,
								3,
								-1
							],
							"size": [
								5,
								1,
								1
							],
							"uv": [
								18,
								20
							]
						},
						{
							"origin": [
								-10,
								3,
								0
							],
							"size": [
								1,
								1,
								5
							],
							"uv": [
								24,
								0
							]
						},
						{
							"origin": [
								-10,
								2,
								-1
							],
							"size": [
								1,
								3,
								1
							],
							"uv": [
								0,
								6
							]
						},
						{
							"origin": [
								-15,
								3,
								-1
							],
							"size": [
								5,
								1,
								1
							],
							"uv": [
								7,
								28
							]
						},
						{
							"origin": [
								-10,
								3,
								-6
							],
							"size": [
								1,
								1,
								5
							],
							"uv": [
								23,
								23
							]
						}
					]
				}
			]
		}
	]
}