{
	"format_version": "1.12.0",
	"minecraft:geometry": [
		{
			"description": {
				"identifier": "geometry.fan",
				"texture_width": 16,
				"texture_height": 16,
				"visible_bounds_width": 3,
				"visible_bounds_height": 2.5,
				"visible_bounds_offset": [
					0,
					0.75,
					0
				]
			},
			"bones": [
				{
					"name": "bone",
					"pivot": [
						0,
						0,
						0
					],
					"cubes": [
						{
							"origin": [
								-8,
								0,
								0
							],
							"size": [
								16,
								16,
								0
							],
							"pivot": [
								0,
								0,
								0
							],
							"rotation": [
								-55,
								0,
								0
							],
							"uv": [
								0,
								0
							]
						},
						{
							"origin": [
								-8,
								0,
								0
							],
							"size": [
								16,
								16,
								0
							],
							"pivot": [
								0,
								0,
								0
							],
							"rotation": [
								-55,
								180,
								0
							],
							"uv": [
								0,
								0
							]
						},
						{
							"origin": [
								-8,
								0,
								0
							],
							"size": [
								16,
								16,
								0
							],
							"pivot": [
								0,
								0,
								0
							],
							"rotation": [
								-55,
								90,
								0
							],
							"uv": [
								0,
								0
							]
						},
						{
							"origin": [
								-8,
								0,
								0
							],
							"size": [
								16,
								16,
								0
							],
							"pivot": [
								0,
								0,
								0
							],
							"rotation": [
								-55,
								-90,
								0
							],
							"uv": [
								0,
								0
							]
						}
					]
				}
			]
		}
	]
}