{
	"format_version": "1.12.0",
	"minecraft:geometry": [
		{
			"description": {
				"identifier": "geometry.flashlight_right",
				"texture_width": 32,
				"texture_height": 32,
				"visible_bounds_width": 3,
				"visible_bounds_height": 4,
				"visible_bounds_offset": [
					0,
					1,
					0
				]
			},
			"bones": [
				{
					"name": "RightArm",
					"pivot": [
						-5,
						22,
						0
					],
					"rotation": [
						-30,
						0,
						0
					]
				},
				{
					"name": "flashlight",
					"parent": "RightArm",
					"pivot": [
						-7,
						15,
						0
					],
					"cubes": [
						{
							"origin": [
								-6.5,
								13,
								-6
							],
							"size": [
								2,
								2,
								3
							],
							"inflate": 0.4,
							"uv": [
								0,
								9
							]
						},
						{
							"origin": [
								-6.5,
								13,
								-3
							],
							"size": [
								2,
								2,
								7
							],
							"uv": [
								0,
								0
							]
						}
					]
				}
			]
		}
	]
}