{
	"format_version": "1.12.0",
	"minecraft:geometry": [
		{
			"description": {
				"identifier": "geometry.gasmask",
				"texture_width": 32,
				"texture_height": 32,
				"visible_bounds_width": 2,
				"visible_bounds_height": 3.5,
				"visible_bounds_offset": [
					0,
					1.25,
					0
				]
			},
			"bones": [
				{
					"name": "waist",
					"pivot": [
						0,
						0,
						0
					]
				},
				{
					"name": "body",
					"parent": "waist",
					"pivot": [
						0,
						0,
						0
					]
				},
				{
					"name": "head",
					"parent": "body",
					"pivot": [
						0,
						24,
						0
					],
					"cubes": [
						{
							"origin": [
								-4,
								24,
								-4
							],
							"size": [
								8,
								8,
								8
							],
							"inflate": 0.3,
							"uv": [
								0,
								0
							]
						}
					]
				},
				{
					"name": "bone",
					"parent": "head",
					"pivot": [
						0,
						25,
						-3
					],
					"rotation": [
						20,
						0,
						0
					],
					"cubes": [
						{
							"origin": [
								-2,
								24,
								-7
							],
							"size": [
								4,
								4,
								2
							],
							"inflate": 0.3,
							"uv": [
								12,
								16
							]
						},
						{
							"origin": [
								-1.5,
								24,
								-5
							],
							"size": [
								3,
								3,
								3
							],
							"inflate": 0.3,
							"uv": [
								0,
								16
							]
						}
					]
				}
			]
		}
	]
}