{
	"format_version": "1.12.0",
	"minecraft:geometry": [
		{
			"description": {
				"identifier": "geometry.glowfly",
				"texture_width": 32,
				"texture_height": 32,
				"visible_bounds_width": 2,
				"visible_bounds_height": 1.5,
				"visible_bounds_offset": [
					0,
					0.25,
					0
				]
			},
			"bones": [
				{
					"name": "bone",
					"pivot": [
						0,
						0,
						0
					],
					"cubes": [
						{
							"origin": [
								-1.5,
								2,
								-2
							],
							"size": [
								3,
								3,
								4
							],
							"uv": [
								0,
								0
							]
						},
						{
							"origin": [
								-1,
								2.5,
								1.5
							],
							"size": [
								2,
								2,
								1
							],
							"uv": [
								8,
								10
							]
						}
					]
				},
				{
					"name": "head",
					"parent": "bone",
					"pivot": [
						0,
						3,
						-2
					],
					"cubes": [
						{
							"origin": [
								-1,
								2,
								-4
							],
							"size": [
								2,
								2,
								2
							],
							"uv": [
								0,
								10
							]
						}
					]
				},
				{
					"name": "la",
					"parent": "head",
					"pivot": [
						1,
						4,
						-4
					],
					"cubes": [
						{
							"origin": [
								0,
								4,
								-6
							],
							"size": [
								1,
								0,
								2
							],
							"uv": [
								0,
								2
							]
						}
					]
				},
				{
					"name": "ra",
					"parent": "head",
					"pivot": [
						-1,
						4,
						-4
					],
					"cubes": [
						{
							"origin": [
								-1,
								4,
								-6
							],
							"size": [
								1,
								0,
								2
							],
							"uv": [
								0,
								0
							]
						}
					]
				},
				{
					"name": "leftwing",
					"parent": "bone",
					"pivot": [
						1,
						5,
						-1
					],
					"cubes": [
						{
							"origin": [
								1.5,
								5,
								-2
							],
							"size": [
								3,
								0,
								3
							],
							"uv": [
								0,
								7
							]
						}
					]
				},
				{
					"name": "rightwing",
					"parent": "bone",
					"pivot": [
						-1,
						5,
						-1
					],
					"cubes": [
						{
							"origin": [
								-4.5,
								5,
								-2
							],
							"size": [
								3,
								0,
								3
							],
							"uv": [
								6,
								7
							]
						}
					]
				},
				{
					"name": "legs1",
					"parent": "bone",
					"pivot": [
						0,
						2,
						-1
					],
					"cubes": [
						{
							"origin": [
								-1.5,
								0,
								-1
							],
							"size": [
								3,
								2,
								0
							],
							"uv": [
								8,
								13
							]
						}
					]
				},
				{
					"name": "legs2",
					"parent": "bone",
					"pivot": [
						0,
						2,
						0
					],
					"cubes": [
						{
							"origin": [
								-1.5,
								0,
								0
							],
							"size": [
								3,
								2,
								0
							],
							"uv": [
								10,
								2
							]
						}
					]
				},
				{
					"name": "legs3",
					"parent": "bone",
					"pivot": [
						0,
						2,
						1
					],
					"cubes": [
						{
							"origin": [
								-1.5,
								0,
								1
							],
							"size": [
								3,
								2,
								0
							],
							"uv": [
								10,
								0
							]
						}
					]
				}
			]
		}
	]
}