{
	"format_version": "1.12.0",
	"minecraft:geometry": [
		{
			"description": {
				"identifier": "geometry.glowshroom",
				"texture_width": 32,
				"texture_height": 32,
				"visible_bounds_width": 2,
				"visible_bounds_height": 1.5,
				"visible_bounds_offset": [
					0,
					0.25,
					0
				]
			},
			"bones": [
				{
					"name": "bone",
					"pivot": [
						-3,
						0,
						3
					],
					"cubes": [
						{
							"origin": [
								-4,
								0,
								3
							],
							"size": [
								1,
								5,
								1
							],
							"uv": [
								0,
								0
							]
						},
						{
							"origin": [
								-6,
								5,
								1
							],
							"size": [
								5,
								1,
								5
							],
							"uv": [
								0,
								8
							]
						}
					]
				},
				{
					"name": "bone2",
					"pivot": [
						0,
						0,
						0
					],
					"cubes": [
						{
							"origin": [
								3,
								0,
								1
							],
							"size": [
								1,
								7,
								1
							],
							"uv": [
								12,
								14
							]
						},
						{
							"origin": [
								0,
								7,
								-2
							],
							"size": [
								7,
								1,
								7
							],
							"uv": [
								0,
								0
							]
						}
					]
				},
				{
					"name": "bone3",
					"pivot": [
						0,
						0,
						0
					],
					"cubes": [
						{
							"origin": [
								-2,
								0,
								-4
							],
							"size": [
								1,
								3,
								1
							],
							"uv": [
								0,
								8
							]
						},
						{
							"origin": [
								-3,
								3,
								-5
							],
							"size": [
								3,
								1,
								3
							],
							"uv": [
								0,
								14
							]
						}
					]
				}
			]
		}
	]
}