{
	"format_version": "1.12.0",
	"minecraft:geometry": [
		{
			"description": {
				"identifier": "geometry.grizzly",
				"texture_width": 256,
				"texture_height": 256,
				"visible_bounds_width": 5,
				"visible_bounds_height": 5,
				"visible_bounds_offset": [
					0,
					0.5,
					0
				]
			},
			"bones": [
				{
					"name": "bone",
					"pivot": [
						0,
						-22,
						-13
					],
					"cubes": [
						{
							"origin": [
								-13,
								10,
								-21
							],
							"size": [
								26,
								20,
								24
							],
							"uv": [
								0,
								0
							]
						},
						{
							"origin": [
								-10,
								10,
								3
							],
							"size": [
								20,
								18,
								18
							],
							"uv": [
								54,
								44
							]
						},
						{
							"origin": [
								5,
								28,
								-18
							],
							"size": [
								0,
								8,
								36
							],
							"uv": [
								0,
								16
							]
						},
						{
							"origin": [
								-5,
								28,
								-18
							],
							"size": [
								0,
								8,
								36
							],
							"uv": [
								0,
								8
							]
						}
					]
				},
				{
					"name": "head",
					"parent": "bone",
					"pivot": [
						0,
						20,
						-21
					],
					"cubes": [
						{
							"origin": [
								-6,
								14,
								-33
							],
							"size": [
								12,
								12,
								12
							],
							"uv": [
								0,
								60
							]
						},
						{
							"origin": [
								4,
								24,
								-25
							],
							"size": [
								4,
								4,
								2
							],
							"uv": [
								0,
								18
							]
						},
						{
							"origin": [
								-3,
								15,
								-37
							],
							"size": [
								6,
								6,
								4
							],
							"uv": [
								0,
								0
							]
						},
						{
							"origin": [
								-8,
								24,
								-25
							],
							"size": [
								4,
								4,
								2
							],
							"uv": [
								12,
								18
							]
						}
					]
				},
				{
					"name": "leg0",
					"parent": "bone",
					"pivot": [
						-10,
						16,
						13
					],
					"cubes": [
						{
							"origin": [
								-14,
								0,
								9
							],
							"size": [
								8,
								20,
								8
							],
							"uv": [
								72,
								80
							]
						}
					]
				},
				{
					"name": "leg1",
					"parent": "bone",
					"pivot": [
						10,
						16,
						13
					],
					"cubes": [
						{
							"origin": [
								6,
								0,
								9
							],
							"size": [
								8,
								20,
								8
							],
							"uv": [
								40,
								80
							]
						}
					]
				},
				{
					"name": "leg2",
					"parent": "bone",
					"pivot": [
						-13,
						14,
						-13
					],
					"cubes": [
						{
							"origin": [
								-17,
								0,
								-17
							],
							"size": [
								8,
								18,
								8
							],
							"uv": [
								0,
								84
							]
						}
					]
				},
				{
					"name": "leg3",
					"parent": "bone",
					"pivot": [
						13,
						14,
						-13
					],
					"cubes": [
						{
							"origin": [
								9,
								0,
								-17
							],
							"size": [
								8,
								18,
								8
							],
							"uv": [
								100,
								0
							]
						}
					]
				},
				{
					"name": "tail",
					"parent": "bone",
					"pivot": [
						0,
						28,
						21
					],
					"cubes": [
						{
							"origin": [
								-2,
								24,
								21
							],
							"size": [
								4,
								4,
								4
							],
							"uv": [
								0,
								10
							]
						}
					]
				}
			]
		}
	]
}