{
	"format_version": "1.12.0",
	"minecraft:geometry": [
		{
			"description": {
				"identifier": "geometry.grub_bug",
				"texture_width": 32,
				"texture_height": 32,
				"visible_bounds_width": 2,
				"visible_bounds_height": 1.5,
				"visible_bounds_offset": [
					0,
					0.25,
					0
				]
			},
			"bones": [
				{
					"name": "body",
					"pivot": [
						0,
						0,
						0
					],
					"cubes": [
						{
							"origin": [
								-3,
								2,
								-2
							],
							"size": [
								6,
								3,
								8
							],
							"uv": [
								0,
								0
							]
						},
						{
							"origin": [
								-2,
								1,
								-2
							],
							"size": [
								4,
								1,
								7
							],
							"uv": [
								0,
								11
							]
						}
					]
				},
				{
					"name": "head",
					"parent": "body",
					"pivot": [
						0,
						3,
						-2
					],
					"cubes": [
						{
							"origin": [
								-2,
								1,
								-5
							],
							"size": [
								4,
								3,
								3
							],
							"uv": [
								15,
								11
							]
						}
					]
				},
				{
					"name": "la",
					"parent": "head",
					"pivot": [
						1,
						4,
						-5
					],
					"cubes": [
						{
							"origin": [
								1,
								4,
								-5
							],
							"size": [
								1,
								1,
								0
							],
							"uv": [
								0,
								1
							]
						}
					]
				},
				{
					"name": "ra",
					"parent": "head",
					"pivot": [
						-1,
						4,
						-5
					],
					"cubes": [
						{
							"origin": [
								-2,
								4,
								-5
							],
							"size": [
								1,
								1,
								0
							],
							"uv": [
								0,
								0
							]
						}
					]
				},
				{
					"name": "leg0",
					"parent": "body",
					"pivot": [
						-2,
						1.5,
						3.5
					],
					"cubes": [
						{
							"origin": [
								-7,
								1,
								3
							],
							"size": [
								5,
								1,
								1
							],
							"uv": [
								20,
								0
							]
						}
					]
				},
				{
					"name": "leg1",
					"parent": "body",
					"pivot": [
						0,
						0,
						0
					],
					"cubes": [
						{
							"origin": [
								2,
								1,
								3
							],
							"size": [
								5,
								1,
								1
							],
							"uv": [
								20,
								2
							]
						}
					]
				},
				{
					"name": "leg2",
					"parent": "body",
					"pivot": [
						-2,
						1.5,
						1.5
					],
					"cubes": [
						{
							"origin": [
								-7,
								1,
								1
							],
							"size": [
								5,
								1,
								1
							],
							"uv": [
								12,
								19
							]
						}
					]
				},
				{
					"name": "leg3",
					"parent": "body",
					"pivot": [
						0,
						0,
						0
					],
					"cubes": [
						{
							"origin": [
								2,
								1,
								1
							],
							"size": [
								5,
								1,
								1
							],
							"uv": [
								20,
								4
							]
						}
					]
				},
				{
					"name": "leg4",
					"parent": "body",
					"pivot": [
						-2,
						1.5,
						-0.5
					],
					"cubes": [
						{
							"origin": [
								-7,
								1,
								-1
							],
							"size": [
								5,
								1,
								1
							],
							"uv": [
								0,
								19
							]
						}
					]
				},
				{
					"name": "leg5",
					"parent": "body",
					"pivot": [
						2,
						1.5,
						-0.5
					],
					"cubes": [
						{
							"origin": [
								2,
								1,
								-1
							],
							"size": [
								5,
								1,
								1
							],
							"uv": [
								20,
								6
							]
						}
					]
				}
			]
		}
	]
}