{
	"format_version": "1.12.0",
	"minecraft:geometry": [
		{
			"description": {
				"identifier": "geometry.gunbench",
				"texture_width": 128,
				"texture_height": 128,
				"visible_bounds_width": 2,
				"visible_bounds_height": 3.5,
				"visible_bounds_offset": [
					0,
					1.25,
					0
				]
			},
			"bones": [
				{
					"name": "bone",
					"pivot": [
						0,
						0,
						0
					],
					"cubes": [
						{
							"origin": [
								-6,
								4,
								-6
							],
							"size": [
								12,
								2,
								12
							],
							"uv": [
								0,
								32
							]
						},
						{
							"origin": [
								5,
								0,
								-7
							],
							"size": [
								2,
								10,
								2
							],
							"uv": [
								0,
								46
							]
						},
						{
							"origin": [
								5,
								0,
								5
							],
							"size": [
								2,
								10,
								2
							],
							"uv": [
								44,
								18
							]
						},
						{
							"origin": [
								-7,
								0,
								5
							],
							"size": [
								2,
								10,
								2
							],
							"uv": [
								0,
								32
							]
						},
						{
							"origin": [
								-7,
								0,
								-7
							],
							"size": [
								2,
								10,
								2
							],
							"uv": [
								0,
								18
							]
						},
						{
							"origin": [
								-8,
								10,
								-8
							],
							"size": [
								16,
								2,
								16
							],
							"uv": [
								0,
								0
							]
						},
						{
							"origin": [
								-8,
								12,
								-2
							],
							"size": [
								2,
								12,
								4
							],
							"uv": [
								0,
								0
							]
						},
						{
							"origin": [
								2,
								12,
								2
							],
							"size": [
								4,
								2,
								2
							],
							"pivot": [
								4,
								13,
								3
							],
							"rotation": [
								0,
								35,
								0
							],
							"uv": [
								8,
								46
							]
						},
						{
							"origin": [
								6,
								12,
								-2
							],
							"size": [
								2,
								12,
								4
							],
							"uv": [
								44,
								42
							]
						},
						{
							"origin": [
								-8,
								24,
								-6
							],
							"size": [
								16,
								2,
								12
							],
							"uv": [
								0,
								18
							]
						},
						{
							"origin": [
								-5,
								12,
								3
							],
							"size": [
								2,
								4,
								2
							],
							"uv": [
								20,
								46
							]
						},
						{
							"origin": [
								-8,
								0,
								-8
							],
							"size": [
								16,
								10,
								0
							],
							"uv": [
								36,
								32
							]
						}
					]
				}
			]
		}
	]
}