{
	"format_version": "1.12.0",
	"minecraft:geometry": [
		{
			"description": {
				"identifier": "geometry.armor.helmet",
				"texture_width": 64,
				"texture_height": 32,
				"visible_bounds_width": 3,
				"visible_bounds_height": 4.5,
				"visible_bounds_offset": [
					0,
					1.75,
					0
				]
			},
			"bones": [
				{
					"name": "head",
					"pivot": [
						0,
						24,
						0
					],
					"cubes": [
						{
							"origin": [
								-5,
								23,
								-5
							],
							"size": [
								10,
								10,
								10
							],
							"uv": {
								"north": {
									"uv": [
										8,
										8
									],
									"uv_size": [
										8,
										8
									]
								},
								"east": {
									"uv": [
										0,
										8
									],
									"uv_size": [
										8,
										8
									]
								},
								"south": {
									"uv": [
										24,
										8
									],
									"uv_size": [
										8,
										8
									]
								},
								"west": {
									"uv": [
										16,
										8
									],
									"uv_size": [
										8,
										8
									]
								},
								"up": {
									"uv": [
										8,
										0
									],
									"uv_size": [
										8,
										8
									]
								},
								"down": {
									"uv": [
										16,
										8
									],
									"uv_size": [
										8,
										-8
									]
								}
							}
						}
					]
				},
				{
					"name": "hat",
					"parent": "head",
					"pivot": [
						0,
						23,
						0
					],
					"cubes": [
						{
							"origin": [
								-5,
								23,
								-5
							],
							"size": [
								10,
								10,
								10
							],
							"inflate": 0.25,
							"uv": {
								"north": {
									"uv": [
										40,
										8
									],
									"uv_size": [
										8,
										8
									]
								},
								"east": {
									"uv": [
										32,
										8
									],
									"uv_size": [
										8,
										8
									]
								},
								"south": {
									"uv": [
										56,
										8
									],
									"uv_size": [
										8,
										8
									]
								},
								"west": {
									"uv": [
										48,
										8
									],
									"uv_size": [
										8,
										8
									]
								},
								"up": {
									"uv": [
										40,
										0
									],
									"uv_size": [
										8,
										8
									]
								},
								"down": {
									"uv": [
										48,
										8
									],
									"uv_size": [
										8,
										-8
									]
								}
							}
						}
					]
				}
			]
		}
	]
}