{
	"format_version": "1.12.0",
	"minecraft:geometry": [
		{
			"description": {
				"identifier": "geometry.armor.hoodie",
				"texture_width": 64,
				"texture_height": 64,
				"visible_bounds_width": 3,
				"visible_bounds_height": 3.5,
				"visible_bounds_offset": [
					0,
					1.25,
					0
				]
			},
			"bones": [
				{
					"name": "waist",
					"pivot": [
						0,
						12,
						0
					]
				},
				{
					"name": "body",
					"parent": "waist",
					"pivot": [
						0,
						24,
						0
					],
					"cubes": [
						{
							"origin": [
								-5,
								10,
								-2.5
							],
							"size": [
								10,
								15,
								5
							],
							"uv": {
								"north": {
									"uv": [
										0,
										0
									],
									"uv_size": [
										10,
										15
									]
								},
								"east": {
									"uv": [
										0,
										15
									],
									"uv_size": [
										5,
										15
									]
								},
								"south": {
									"uv": [
										10,
										0
									],
									"uv_size": [
										10,
										15
									]
								},
								"west": {
									"uv": [
										5,
										15
									],
									"uv_size": [
										5,
										15
									]
								},
								"up": {
									"uv": [
										5,
										30
									],
									"uv_size": [
										10,
										5
									]
								},
								"down": {
									"uv": [
										15,
										35
									],
									"uv_size": [
										10,
										-5
									]
								}
							}
						},
						{
							"origin": [
								-4,
								25,
								2.5
							],
							"size": [
								8,
								0,
								4
							],
							"pivot": [
								0,
								25,
								2.5
							],
							"rotation": [
								-75,
								0,
								0
							],
							"uv": {
								"north": {
									"uv": [
										0,
										0
									],
									"uv_size": [
										10,
										15
									]
								},
								"east": {
									"uv": [
										0,
										15
									],
									"uv_size": [
										5,
										15
									]
								},
								"south": {
									"uv": [
										10,
										0
									],
									"uv_size": [
										10,
										15
									]
								},
								"west": {
									"uv": [
										5,
										15
									],
									"uv_size": [
										5,
										15
									]
								},
								"up": {
									"uv": [
										35,
										8
									],
									"uv_size": [
										10,
										-5
									]
								},
								"down": {
									"uv": [
										0,
										52
									],
									"uv_size": [
										10,
										-5
									]
								}
							}
						}
					]
				},
				{
					"name": "rightArm",
					"parent": "body",
					"pivot": [
						-5,
						22,
						0
					],
					"cubes": [
						{
							"origin": [
								-8.75,
								10,
								-2.5
							],
							"size": [
								5,
								15,
								5
							],
							"inflate": 0.001,
							"uv": {
								"north": {
									"uv": [
										10,
										15
									],
									"uv_size": [
										5,
										15
									]
								},
								"east": {
									"uv": [
										15,
										15
									],
									"uv_size": [
										5,
										15
									]
								},
								"south": {
									"uv": [
										20,
										0
									],
									"uv_size": [
										5,
										15
									]
								},
								"west": {
									"uv": [
										20,
										15
									],
									"uv_size": [
										5,
										15
									]
								},
								"up": {
									"uv": [
										30,
										15
									],
									"uv_size": [
										5,
										5
									]
								},
								"down": {
									"uv": [
										30,
										25
									],
									"uv_size": [
										5,
										-5
									]
								}
							}
						}
					]
				},
				{
					"name": "rightItem",
					"parent": "rightArm",
					"pivot": [
						-6,
						15,
						1
					]
				},
				{
					"name": "leftArm",
					"parent": "body",
					"pivot": [
						5,
						22,
						0
					],
					"cubes": [
						{
							"origin": [
								3.75,
								10,
								-2.5
							],
							"size": [
								5,
								15,
								5
							],
							"inflate": 0.001,
							"uv": {
								"north": {
									"uv": [
										25,
										0
									],
									"uv_size": [
										5,
										15
									]
								},
								"east": {
									"uv": [
										25,
										15
									],
									"uv_size": [
										5,
										15
									]
								},
								"south": {
									"uv": [
										0,
										30
									],
									"uv_size": [
										5,
										15
									]
								},
								"west": {
									"uv": [
										30,
										0
									],
									"uv_size": [
										5,
										15
									]
								},
								"up": {
									"uv": [
										25,
										30
									],
									"uv_size": [
										5,
										5
									]
								},
								"down": {
									"uv": [
										30,
										30
									],
									"uv_size": [
										5,
										-5
									]
								}
							}
						}
					]
				}
			]
		}
	]
}