{
	"format_version": "1.12.0",
	"minecraft:geometry": [
		{
			"description": {
				"identifier": "geometry.horn_fly",
				"texture_width": 64,
				"texture_height": 64,
				"visible_bounds_width": 4,
				"visible_bounds_height": 2.5,
				"visible_bounds_offset": [
					0,
					0.75,
					0
				]
			},
			"bones": [
				{
					"name": "torso",
					"pivot": [
						0,
						0,
						0
					],
					"cubes": [
						{
							"origin": [
								-3,
								4,
								-4
							],
							"size": [
								6,
								4,
								8
							],
							"uv": [
								0,
								16
							]
						},
						{
							"origin": [
								1,
								8,
								-3
							],
							"size": [
								0,
								2,
								6
							],
							"pivot": [
								1,
								6,
								0
							],
							"rotation": [
								0,
								0,
								25
							],
							"uv": [
								20,
								14
							]
						},
						{
							"origin": [
								-1,
								8,
								-3
							],
							"size": [
								0,
								2,
								6
							],
							"pivot": [
								-1,
								6,
								0
							],
							"rotation": [
								0,
								0,
								-25
							],
							"uv": [
								20,
								12
							]
						}
					]
				},
				{
					"name": "legs",
					"parent": "torso",
					"pivot": [
						0,
						0,
						0
					]
				},
				{
					"name": "1",
					"parent": "legs",
					"pivot": [
						0,
						4,
						-2
					],
					"cubes": [
						{
							"origin": [
								-2,
								0,
								-2
							],
							"size": [
								4,
								4,
								0
							],
							"uv": [
								56,
								60
							]
						}
					]
				},
				{
					"name": "2",
					"parent": "legs",
					"pivot": [
						0,
						4,
						0
					],
					"cubes": [
						{
							"origin": [
								-2,
								0,
								0
							],
							"size": [
								4,
								4,
								0
							],
							"uv": [
								56,
								60
							]
						}
					]
				},
				{
					"name": "3",
					"parent": "legs",
					"pivot": [
						0,
						4,
						2
					],
					"cubes": [
						{
							"origin": [
								-2,
								0,
								2
							],
							"size": [
								4,
								4,
								0
							],
							"uv": [
								56,
								60
							]
						}
					]
				},
				{
					"name": "tail",
					"parent": "torso",
					"pivot": [
						0,
						6,
						3
					],
					"cubes": [
						{
							"origin": [
								-2,
								5,
								4
							],
							"size": [
								4,
								3,
								6
							],
							"uv": [
								22,
								22
							]
						}
					]
				},
				{
					"name": "tip",
					"parent": "tail",
					"pivot": [
						0,
						6,
						9
					],
					"cubes": [
						{
							"origin": [
								-1,
								6,
								10
							],
							"size": [
								2,
								2,
								6
							],
							"uv": [
								26,
								10
							]
						}
					]
				},
				{
					"name": "top",
					"parent": "tip",
					"pivot": [
						0,
						6,
						15
					],
					"cubes": [
						{
							"origin": [
								0,
								7,
								16
							],
							"size": [
								0,
								1,
								5
							],
							"uv": [
								52,
								0
							]
						}
					]
				},
				{
					"name": "head",
					"parent": "torso",
					"pivot": [
						0,
						5,
						-4
					],
					"cubes": [
						{
							"origin": [
								-2,
								4,
								-7
							],
							"size": [
								4,
								3,
								3
							],
							"uv": [
								0,
								28
							]
						},
						{
							"origin": [
								1,
								6,
								-12
							],
							"size": [
								0,
								1,
								5
							],
							"pivot": [
								1.5,
								5,
								-7
							],
							"rotation": [
								-10,
								0,
								0
							],
							"uv": [
								21,
								31
							]
						},
						{
							"origin": [
								-1,
								6,
								-12
							],
							"size": [
								0,
								1,
								5
							],
							"pivot": [
								-1.5,
								5,
								-7
							],
							"rotation": [
								-10,
								0,
								0
							],
							"uv": [
								14,
								28
							]
						}
					]
				},
				{
					"name": "leftwing",
					"parent": "torso",
					"pivot": [
						3,
						6,
						1
					],
					"rotation": [
						0,
						0,
						-25
					],
					"cubes": [
						{
							"origin": [
								3,
								6,
								-3
							],
							"size": [
								12,
								0,
								8
							],
							"uv": [
								0,
								8
							]
						}
					]
				},
				{
					"name": "leftwing2",
					"parent": "torso",
					"pivot": [
						3,
						6,
						1
					],
					"rotation": [
						0,
						0,
						25
					],
					"cubes": [
						{
							"origin": [
								3,
								6,
								-3
							],
							"size": [
								12,
								0,
								8
							],
							"uv": [
								0,
								8
							]
						}
					]
				},
				{
					"name": "rightwing",
					"parent": "torso",
					"pivot": [
						-3,
						6,
						1
					],
					"rotation": [
						0,
						0,
						25
					],
					"cubes": [
						{
							"origin": [
								-15,
								6,
								-3
							],
							"size": [
								12,
								0,
								8
							],
							"uv": [
								0,
								0
							]
						}
					]
				},
				{
					"name": "rightwing2",
					"parent": "torso",
					"pivot": [
						-3,
						6,
						1
					],
					"rotation": [
						0,
						0,
						-25
					],
					"cubes": [
						{
							"origin": [
								-15,
								6,
								-3
							],
							"size": [
								12,
								0,
								8
							],
							"uv": [
								0,
								0
							]
						}
					]
				}
			]
		}
	]
}