{
	"format_version": "1.10.0",
	"geometry.humanoid_npc": {
		"texturewidth": 64,
		"textureheight": 64,
		"visible_bounds_width": 3,
		"visible_bounds_height": 3,
		"visible_bounds_offset": [
			0,
			1.5,
			0
		],
		"bones": [
			{
				"name": "waist",
				"pivot": [
					0,
					12,
					0
				]
			},
			{
				"name": "body",
				"parent": "waist",
				"pivot": [
					0,
					24,
					0
				],
				"cubes": [
					{
						"origin": [
							-4,
							12,
							-2
						],
						"size": [
							8,
							12,
							4
						],
						"uv": [
							28,
							28
						]
					}
				]
			},
			{
				"name": "head",
				"parent": "body",
				"pivot": [
					0,
					24,
					0
				],
				"cubes": [
					{
						"origin": [
							-4,
							24,
							-4
						],
						"size": [
							8,
							8,
							8
						],
						"uv": [
							0,
							16
						]
					}
				]
			},
			{
				"name": "hat",
				"parent": "head",
				"pivot": [
					0,
					24,
					0
				],
				"cubes": [
					{
						"origin": [
							-4,
							24,
							-4
						],
						"size": [
							8,
							8,
							8
						],
						"uv": [
							0,
							0
						],
						"inflate": 0.5
					}
				]
			},
			{
				"name": "rightArm",
				"parent": "body",
				"pivot": [
					-5,
					22,
					0
				],
				"cubes": [
					{
						"origin": [
							-8,
							12,
							-2
						],
						"size": [
							4,
							12,
							4
						],
						"uv": [
							32,
							0
						]
					},
					{
						"origin": [
							-9,
							23,
							-3
						],
						"size": [
							5,
							2,
							6
						],
						"uv": [
							24,
							16
						]
					},
					{
						"origin": [
							-6,
							25,
							-2
						],
						"size": [
							0,
							3,
							1
						],
						"uv": [
							2,
							60
						]
					},
					{
						"origin": [
							-7,
							25,
							0
						],
						"size": [
							0,
							3,
							1
						],
						"uv": [
							0,
							60
						]
					}
				]
			},
			{
				"name": "rightItem",
				"parent": "rightArm",
				"pivot": [
					-6,
					15,
					1
				]
			},
			{
				"name": "leftArm",
				"parent": "body",
				"pivot": [
					5,
					22,
					0
				],
				"mirror": true,
				"cubes": [
					{
						"origin": [
							4,
							12,
							-2
						],
						"size": [
							4,
							12,
							4
						],
						"uv": [
							32,
							0
						]
					},
					{
						"origin": [
							4,
							23,
							-3
						],
						"size": [
							5,
							2,
							6
						],
						"uv": [
							24,
							16
						],
						"mirror": false
					}
				]
			},
			{
				"name": "rightLeg",
				"parent": "body",
				"pivot": [
					-1.9,
					12,
					0
				],
				"cubes": [
					{
						"origin": [
							-3.9,
							0,
							-2
						],
						"size": [
							4,
							12,
							4
						],
						"uv": [
							0,
							32
						]
					}
				]
			},
			{
				"name": "leftLeg",
				"parent": "body",
				"pivot": [
					1.9,
					12,
					0
				],
				"mirror": true,
				"cubes": [
					{
						"origin": [
							-0.1,
							0,
							-2
						],
						"size": [
							4,
							12,
							4
						],
						"uv": [
							0,
							32
						]
					}
				]
			}
		]
	}
}