{
	"format_version": "1.16.0",
	"minecraft:geometry": [
		{
			"description": {
				"identifier": "geometry.hunting_rifle",
				"texture_width": 64,
				"texture_height": 64,
				"visible_bounds_width": 3,
				"visible_bounds_height": 2.5,
				"visible_bounds_offset": [
					0,
					0.75,
					0
				]
			},
			"bones": [
				{
					"name": "root",
					"pivot": [
						0,
						0,
						0
					],
					"binding": "q.item_slot_to_bone_name(c.item_slot)",
					"cubes": [
						{
							"origin": [
								-1,
								0,
								3
							],
							"size": [
								2,
								5,
								3
							],
							"inflate": -0.1,
							"pivot": [
								0,
								4,
								4
							],
							"rotation": [
								25,
								0,
								0
							],
							"uv": [
								12,
								11
							]
						},
						{
							"origin": [
								0,
								2,
								0.1
							],
							"size": [
								0,
								4,
								3
							],
							"pivot": [
								0,
								4,
								4
							],
							"rotation": [
								25,
								0,
								0
							],
							"uv": [
								0,
								0
							]
						},
						{
							"origin": [
								-1,
								4,
								3
							],
							"size": [
								2,
								3,
								4
							],
							"uv": [
								12,
								0
							]
						},
						{
							"origin": [
								-0.5,
								7,
								5
							],
							"size": [
								0,
								1,
								2
							],
							"uv": [
								4,
								0
							]
						},
						{
							"origin": [
								0.5,
								7,
								5
							],
							"size": [
								0,
								1,
								2
							],
							"uv": [
								0,
								0
							]
						},
						{
							"origin": [
								0,
								7,
								-20
							],
							"size": [
								0,
								1,
								1
							],
							"uv": [
								0,
								6
							]
						},
						{
							"origin": [
								-1,
								5.2,
								-20.8
							],
							"size": [
								2,
								2,
								24
							],
							"inflate": -0.2,
							"uv": [
								0,
								0
							]
						},
						{
							"origin": [
								-1,
								4,
								-5
							],
							"size": [
								2,
								2,
								8
							],
							"uv": [
								0,
								11
							]
						},
						{
							"origin": [
								-1,
								5,
								-9
							],
							"size": [
								2,
								1,
								4
							],
							"uv": [
								0,
								26
							]
						},
						{
							"origin": [
								-1,
								4.1,
								6.9
							],
							"size": [
								2,
								3,
								8
							],
							"inflate": -0.1,
							"pivot": [
								0,
								7,
								7
							],
							"rotation": [
								-10,
								0,
								0
							],
							"uv": [
								0,
								0
							]
						}
					]
				},
				{
					"name": "bolt",
					"parent": "root",
					"pivot": [
						1,
						6.5,
						2.5
					],
					"cubes": [
						{
							"origin": [
								0,
								5.5,
								2
							],
							"size": [
								2,
								1,
								1
							],
							"inflate": -0.2,
							"uv": [
								0,
								0
							]
						}
					]
				}
			]
		}
	]
}