{
	"format_version": "1.12.0",
	"minecraft:geometry": [
		{
			"description": {
				"identifier": "geometry.hydrant",
				"texture_width": 64,
				"texture_height": 64,
				"visible_bounds_width": 2,
				"visible_bounds_height": 2.5,
				"visible_bounds_offset": [
					0,
					0.75,
					0
				]
			},
			"bones": [
				{
					"name": "bone",
					"pivot": [
						0,
						0,
						0
					],
					"cubes": [
						{
							"origin": [
								-5,
								0,
								-5
							],
							"size": [
								10,
								1,
								10
							],
							"uv": [
								22,
								22
							]
						},
						{
							"origin": [
								-4,
								1,
								-4
							],
							"size": [
								8,
								10,
								8
							],
							"uv": [
								0,
								12
							]
						},
						{
							"origin": [
								-2,
								5,
								-5
							],
							"size": [
								4,
								4,
								2
							],
							"uv": [
								36,
								33
							]
						},
						{
							"origin": [
								-2,
								5,
								3
							],
							"size": [
								4,
								4,
								2
							],
							"uv": [
								24,
								33
							]
						},
						{
							"origin": [
								-5,
								5,
								-2
							],
							"size": [
								2,
								4,
								4
							],
							"uv": [
								12,
								32
							]
						},
						{
							"origin": [
								3,
								5,
								-2
							],
							"size": [
								2,
								4,
								4
							],
							"uv": [
								0,
								32
							]
						},
						{
							"origin": [
								-5,
								11,
								-5
							],
							"size": [
								10,
								2,
								10
							],
							"uv": [
								0,
								0
							]
						},
						{
							"origin": [
								-4,
								13,
								-4
							],
							"size": [
								8,
								2,
								8
							],
							"uv": [
								30,
								0
							]
						},
						{
							"origin": [
								-2,
								14,
								-2
							],
							"size": [
								4,
								2,
								4
							],
							"uv": [
								24,
								12
							]
						}
					]
				}
			]
		}
	]
}