{
	"format_version": "1.16.0",
	"minecraft:geometry": [
		{
			"description": {
				"identifier": "geometry.kalashnikov_empty",
				"texture_width": 64,
				"texture_height": 64,
				"visible_bounds_width": 3,
				"visible_bounds_height": 2.5,
				"visible_bounds_offset": [
					0,
					0.75,
					0
				]
			},
			"bones": [
				{
					"name": "root",
					"pivot": [
						0,
						0,
						0
					],
					"binding": "q.item_slot_to_bone_name(c.item_slot)",
					"cubes": [
						{
							"origin": [
								-1,
								0,
								4
							],
							"size": [
								2,
								5,
								3
							],
							"inflate": -0.1,
							"pivot": [
								0,
								4,
								5
							],
							"rotation": [
								25,
								0,
								0
							],
							"uv": [
								0,
								16
							]
						},
						{
							"origin": [
								0,
								1.5,
								1.5
							],
							"size": [
								0,
								3,
								4
							],
							"uv": [
								0,
								4
							]
						},
						{
							"origin": [
								-1,
								4,
								-6
							],
							"size": [
								2,
								3,
								13
							],
							"uv": [
								0,
								0
							]
						},
						{
							"origin": [
								-0.5,
								4.2,
								-13
							],
							"size": [
								1,
								1,
								7
							],
							"uv": [
								21,
								27
							]
						},
						{
							"origin": [
								-1,
								7,
								-6
							],
							"size": [
								2,
								1,
								12
							],
							"uv": [
								17,
								0
							]
						},
						{
							"origin": [
								0,
								6.25,
								-12
							],
							"size": [
								0,
								2,
								6
							],
							"uv": [
								0,
								0
							]
						},
						{
							"origin": [
								0,
								6,
								-15
							],
							"size": [
								0,
								3,
								1
							],
							"uv": [
								0,
								0
							]
						},
						{
							"origin": [
								-1,
								5,
								-15.8
							],
							"size": [
								2,
								2,
								12
							],
							"inflate": -0.2,
							"uv": [
								0,
								16
							]
						}
					]
				},
				{
					"name": "stock",
					"parent": "root",
					"pivot": [
						0,
						7,
						7
					],
					"cubes": [
						{
							"origin": [
								-1,
								4.1,
								6.9
							],
							"size": [
								2,
								3,
								8
							],
							"inflate": -0.1,
							"pivot": [
								0,
								7,
								7
							],
							"rotation": [
								-15,
								0,
								0
							],
							"uv": [
								16,
								16
							]
						}
					]
				}
			]
		}
	]
}