{
	"format_version": "1.12.0",
	"minecraft:geometry": [
		{
			"description": {
				"identifier": "geometry.lantern_hanging",
				"texture_width": 16,
				"texture_height": 16,
				"visible_bounds_width": 4,
				"visible_bounds_height": 3.5,
				"visible_bounds_offset": [
					0,
					1.25,
					0
				]
			},
			"bones": [
				{
					"name": "lantern",
					"pivot": [
						0,
						2,
						0
					],
					"cubes": [
						{
							"origin": [
								-3,
								2,
								-3
							],
							"size": [
								6,
								7,
								6
							],
							"uv": {
								"north": {
									"uv": [
										0,
										2
									],
									"uv_size": [
										6,
										7
									]
								},
								"east": {
									"uv": [
										0,
										2
									],
									"uv_size": [
										6,
										7
									]
								},
								"south": {
									"uv": [
										0,
										2
									],
									"uv_size": [
										6,
										7
									]
								},
								"west": {
									"uv": [
										0,
										2
									],
									"uv_size": [
										6,
										7
									]
								},
								"up": {
									"uv": [
										6,
										15
									],
									"uv_size": [
										-6,
										-6
									]
								},
								"down": {
									"uv": [
										6,
										15
									],
									"uv_size": [
										-6,
										-6
									]
								}
							}
						},
						{
							"origin": [
								-2,
								9,
								-2
							],
							"size": [
								4,
								2,
								4
							],
							"uv": {
								"north": {
									"uv": [
										1,
										0
									],
									"uv_size": [
										4,
										2
									]
								},
								"east": {
									"uv": [
										1,
										0
									],
									"uv_size": [
										4,
										2
									]
								},
								"south": {
									"uv": [
										1,
										0
									],
									"uv_size": [
										4,
										2
									]
								},
								"west": {
									"uv": [
										1,
										0
									],
									"uv_size": [
										4,
										2
									]
								},
								"up": {
									"uv": [
										5,
										14
									],
									"uv_size": [
										-4,
										-4
									]
								},
								"down": {
									"uv": [
										5,
										14
									],
									"uv_size": [
										-4,
										-4
									]
								}
							}
						}
					]
				},
				{
					"name": "chain",
					"parent": "lantern",
					"pivot": [
						0,
						2,
						0
					],
					"cubes": [
						{
							"origin": [
								-1.5,
								11,
								0
							],
							"size": [
								3,
								1.5,
								0
							],
							"pivot": [
								0,
								14,
								0
							],
							"rotation": [
								0,
								-45,
								0
							],
							"uv": {
								"north": {
									"uv": [
										11,
										10
									],
									"uv_size": [
										3,
										2
									]
								},
								"east": {
									"uv": [
										0,
										0
									],
									"uv_size": [
										0,
										2
									]
								},
								"south": {
									"uv": [
										8,
										10
									],
									"uv_size": [
										3,
										2
									]
								},
								"west": {
									"uv": [
										0,
										0
									],
									"uv_size": [
										0,
										2
									]
								},
								"up": {
									"uv": [
										3,
										0
									],
									"uv_size": [
										-3,
										0
									]
								},
								"down": {
									"uv": [
										3,
										0
									],
									"uv_size": [
										-3,
										0
									]
								}
							}
						},
						{
							"origin": [
								-1.5,
								11.75,
								0
							],
							"size": [
								3,
								3.5,
								0
							],
							"pivot": [
								0,
								14,
								0
							],
							"rotation": [
								0,
								45,
								0
							],
							"uv": {
								"north": {
									"uv": [
										11,
										1
									],
									"uv_size": [
										3,
										4
									]
								},
								"east": {
									"uv": [
										0,
										0
									],
									"uv_size": [
										0,
										4
									]
								},
								"south": {
									"uv": [
										8,
										1
									],
									"uv_size": [
										3,
										4
									]
								},
								"west": {
									"uv": [
										0,
										0
									],
									"uv_size": [
										0,
										4
									]
								},
								"up": {
									"uv": [
										3,
										0
									],
									"uv_size": [
										-3,
										0
									]
								},
								"down": {
									"uv": [
										3,
										0
									],
									"uv_size": [
										-3,
										0
									]
								}
							}
						},
						{
							"origin": [
								-1.5,
								14.5,
								0
							],
							"size": [
								3,
								1.5,
								0
							],
							"pivot": [
								0,
								14,
								0
							],
							"rotation": [
								0,
								-45,
								0
							],
							"uv": {
								"north": {
									"uv": [
										11,
										6
									],
									"uv_size": [
										3,
										2
									]
								},
								"east": {
									"uv": [
										0,
										0
									],
									"uv_size": [
										0,
										2
									]
								},
								"south": {
									"uv": [
										8,
										6
									],
									"uv_size": [
										3,
										2
									]
								},
								"west": {
									"uv": [
										0,
										0
									],
									"uv_size": [
										0,
										2
									]
								},
								"up": {
									"uv": [
										3,
										0
									],
									"uv_size": [
										-3,
										0
									]
								},
								"down": {
									"uv": [
										3,
										0
									],
									"uv_size": [
										-3,
										0
									]
								}
							}
						}
					]
				}
			]
		}
	]
}