{
	"format_version": "1.12.0",
	"minecraft:geometry": [
		{
			"description": {
				"identifier": "geometry.lantern",
				"texture_width": 16,
				"texture_height": 16,
				"visible_bounds_width": 2,
				"visible_bounds_height": 2.5,
				"visible_bounds_offset": [
					0,
					0.75,
					0
				]
			},
			"bones": [
				{
					"name": "bone",
					"pivot": [
						0,
						0,
						0
					],
					"cubes": [
						{
							"origin": [
								-3,
								0,
								-3
							],
							"size": [
								6,
								7,
								6
							],
							"uv": {
								"north": {
									"uv": [
										0,
										2
									],
									"uv_size": [
										6,
										7
									]
								},
								"east": {
									"uv": [
										0,
										2
									],
									"uv_size": [
										6,
										7
									]
								},
								"south": {
									"uv": [
										0,
										2
									],
									"uv_size": [
										6,
										7
									]
								},
								"west": {
									"uv": [
										0,
										2
									],
									"uv_size": [
										6,
										7
									]
								},
								"up": {
									"uv": [
										6,
										15
									],
									"uv_size": [
										-6,
										-6
									]
								},
								"down": {
									"uv": [
										6,
										15
									],
									"uv_size": [
										-6,
										-6
									]
								}
							}
						},
						{
							"origin": [
								-2,
								7,
								-2
							],
							"size": [
								4,
								2,
								4
							],
							"uv": {
								"north": {
									"uv": [
										1,
										0
									],
									"uv_size": [
										4,
										2
									]
								},
								"east": {
									"uv": [
										1,
										0
									],
									"uv_size": [
										4,
										2
									]
								},
								"south": {
									"uv": [
										1,
										0
									],
									"uv_size": [
										4,
										2
									]
								},
								"west": {
									"uv": [
										1,
										0
									],
									"uv_size": [
										4,
										2
									]
								},
								"up": {
									"uv": [
										5,
										14
									],
									"uv_size": [
										-4,
										-4
									]
								},
								"down": {
									"uv": [
										5,
										14
									],
									"uv_size": [
										-4,
										-4
									]
								}
							}
						},
						{
							"origin": [
								-1.5,
								9,
								0
							],
							"size": [
								3,
								2,
								0
							],
							"pivot": [
								0,
								0,
								0
							],
							"rotation": [
								0,
								45,
								0
							],
							"uv": {
								"north": {
									"uv": [
										11,
										10
									],
									"uv_size": [
										3,
										2
									]
								},
								"east": {
									"uv": [
										0,
										0
									],
									"uv_size": [
										0,
										2
									]
								},
								"south": {
									"uv": [
										8,
										10
									],
									"uv_size": [
										3,
										2
									]
								},
								"west": {
									"uv": [
										0,
										0
									],
									"uv_size": [
										0,
										2
									]
								},
								"up": {
									"uv": [
										3,
										0
									],
									"uv_size": [
										-3,
										0
									]
								},
								"down": {
									"uv": [
										3,
										0
									],
									"uv_size": [
										-3,
										0
									]
								}
							}
						},
						{
							"origin": [
								-1.5,
								9,
								0
							],
							"size": [
								3,
								2,
								0
							],
							"pivot": [
								0,
								0,
								0
							],
							"rotation": [
								0,
								-45,
								0
							],
							"uv": {
								"north": {
									"uv": [
										11,
										10
									],
									"uv_size": [
										3,
										2
									]
								},
								"east": {
									"uv": [
										0,
										0
									],
									"uv_size": [
										0,
										2
									]
								},
								"south": {
									"uv": [
										8,
										10
									],
									"uv_size": [
										3,
										2
									]
								},
								"west": {
									"uv": [
										0,
										0
									],
									"uv_size": [
										0,
										2
									]
								},
								"up": {
									"uv": [
										3,
										0
									],
									"uv_size": [
										-3,
										0
									]
								},
								"down": {
									"uv": [
										3,
										0
									],
									"uv_size": [
										-3,
										0
									]
								}
							}
						}
					]
				}
			]
		}
	]
}