{
	"format_version": "1.12.0",
	"minecraft:geometry": [
		{
			"description": {
				"identifier": "geometry.large_laser",
				"texture_width": 32,
				"texture_height": 32,
				"visible_bounds_width": 2,
				"visible_bounds_height": 1.5,
				"visible_bounds_offset": [
					0,
					0.25,
					0
				]
			},
			"bones": [
				{
					"name": "root",
					"pivot": [
						0,
						0.5,
						0
					],
					"cubes": [
						{
							"origin": [
								-0.5,
								0,
								-1.5
							],
							"size": [
								1,
								1,
								8
							],
							"uv": [
								0,
								0
							]
						}
					]
				}
			]
		}
	]
}