{
	"format_version": "1.16.0",
	"minecraft:geometry": [
		{
			"description": {
				"identifier": "geometry.laser_pistol",
				"texture_width": 32,
				"texture_height": 32,
				"visible_bounds_width": 2,
				"visible_bounds_height": 2.5,
				"visible_bounds_offset": [
					0,
					0.75,
					0
				]
			},
			"bones": [
				{
					"name": "root",
					"pivot": [
						0,
						0,
						0
					],
					"binding": "q.item_slot_to_bone_name(c.item_slot)"
				},
				{
					"name": "gun",
					"parent": "root",
					"pivot": [
						0,
						0,
						0
					],
					"cubes": [
						{
							"origin": [
								-1,
								0,
								3
							],
							"size": [
								2,
								5,
								3
							],
							"inflate": -0.1,
							"pivot": [
								0,
								4,
								4
							],
							"rotation": [
								25,
								0,
								0
							],
							"uv": [
								0,
								0
							]
						},
						{
							"origin": [
								0,
								2,
								0.1
							],
							"size": [
								0,
								4,
								3
							],
							"pivot": [
								0,
								4,
								4
							],
							"rotation": [
								25,
								0,
								0
							],
							"uv": [
								8,
								11
							]
						},
						{
							"origin": [
								-1,
								4,
								-4
							],
							"size": [
								2,
								2,
								10
							],
							"uv": [
								0,
								0
							]
						},
						{
							"origin": [
								0,
								4.2,
								-6
							],
							"size": [
								0,
								2,
								2
							],
							"uv": [
								0,
								6
							]
						},
						{
							"origin": [
								1,
								6,
								-4
							],
							"size": [
								6,
								0,
								6
							],
							"pivot": [
								1,
								6,
								-1
							],
							"rotation": [
								0,
								0,
								55
							],
							"uv": [
								8,
								0
							]
						},
						{
							"origin": [
								-1,
								6.05,
								-3.95
							],
							"size": [
								2,
								2,
								6
							],
							"inflate": 0.05,
							"uv": [
								10,
								12
							]
						},
						{
							"origin": [
								-0.5,
								5.8,
								1.8
							],
							"size": [
								1,
								2,
								3
							],
							"uv": [
								20,
								12
							]
						},
						{
							"origin": [
								-1,
								5,
								-7.8
							],
							"size": [
								2,
								3,
								4
							],
							"inflate": -0.2,
							"uv": [
								0,
								16
							]
						}
					]
				},
				{
					"name": "latch",
					"parent": "gun",
					"pivot": [
						0,
						5,
						5.5
					],
					"cubes": [
						{
							"origin": [
								-0.5,
								5,
								5.5
							],
							"size": [
								1,
								2,
								1
							],
							"uv": [
								0,
								14
							]
						}
					]
				},
				{
					"name": "battery",
					"parent": "gun",
					"pivot": [
						0,
						7,
						3.8
					],
					"cubes": [
						{
							"origin": [
								-1,
								6,
								1.8
							],
							"size": [
								2,
								2,
								4
							],
							"pivot": [
								0,
								7,
								3.8
							],
							"rotation": [
								0,
								0,
								45
							],
							"uv": [
								8,
								20
							]
						}
					]
				},
				{
					"name": "clip",
					"parent": "gun",
					"pivot": [
						0,
						7.8,
						-5
					],
					"cubes": [
						{
							"origin": [
								0,
								7,
								-5
							],
							"size": [
								0,
								2,
								4
							],
							"uv": [
								4,
								8
							]
						}
					]
				}
			]
		}
	]
}