{
	"format_version": "1.16.0",
	"minecraft:geometry": [
		{
			"description": {
				"identifier": "geometry.laser_rifle",
				"texture_width": 32,
				"texture_height": 32,
				"visible_bounds_width": 5,
				"visible_bounds_height": 2.5,
				"visible_bounds_offset": [
					0,
					0.75,
					0
				]
			},
			"bones": [
				{
					"name": "root",
					"pivot": [
						0,
						0,
						0
					],
					"binding": "q.item_slot_to_bone_name(c.item_slot)"
				},
				{
					"name": "gun",
					"parent": "root",
					"pivot": [
						0,
						0,
						0
					],
					"cubes": [
						{
							"origin": [
								0,
								4,
								8
							],
							"size": [
								0,
								2,
								4
							],
							"uv": [
								0,
								10
							]
						},
						{
							"origin": [
								-1,
								4,
								12
							],
							"size": [
								2,
								2,
								1
							],
							"uv": [
								0,
								16
							]
						},
						{
							"origin": [
								-1,
								6,
								7
							],
							"size": [
								2,
								1,
								6
							],
							"uv": [
								12,
								14
							]
						},
						{
							"origin": [
								-1,
								4,
								-5
							],
							"size": [
								2,
								2,
								4
							],
							"uv": [
								0,
								6
							]
						},
						{
							"origin": [
								-1,
								4.9,
								-12.8
							],
							"size": [
								2,
								2,
								12
							],
							"inflate": -0.2,
							"pivot": [
								0,
								5.9,
								-6.8
							],
							"rotation": [
								0,
								0,
								45
							],
							"uv": [
								0,
								0
							]
						},
						{
							"origin": [
								-1,
								7,
								-1
							],
							"size": [
								0,
								3,
								6
							],
							"pivot": [
								-1,
								7,
								4
							],
							"rotation": [
								0,
								0,
								-45
							],
							"uv": [
								0,
								19
							]
						},
						{
							"origin": [
								-2,
								6,
								2
							],
							"size": [
								2,
								2,
								4
							],
							"inflate": -0.2,
							"pivot": [
								-1,
								7,
								4
							],
							"rotation": [
								0,
								0,
								-45
							],
							"uv": [
								0,
								0
							]
						},
						{
							"origin": [
								1,
								5.5,
								1
							],
							"size": [
								2,
								1,
								1
							],
							"uv": [
								16,
								8
							]
						},
						{
							"origin": [
								-1,
								4,
								-1
							],
							"size": [
								2,
								3,
								8
							],
							"uv": [
								0,
								14
							]
						},
						{
							"origin": [
								0,
								1,
								0.1
							],
							"size": [
								0,
								5,
								4
							],
							"pivot": [
								0,
								4,
								4
							],
							"rotation": [
								25,
								0,
								0
							],
							"uv": [
								20,
								17
							]
						},
						{
							"origin": [
								-1,
								0,
								4
							],
							"size": [
								2,
								5,
								3
							],
							"inflate": -0.1,
							"pivot": [
								0,
								4,
								4
							],
							"rotation": [
								25,
								0,
								0
							],
							"uv": [
								16,
								0
							]
						}
					]
				}
			]
		}
	]
}