{
	"format_version": "1.12.0",
	"minecraft:geometry": [
		{
			"description": {
				"identifier": "geometry.armor.leggings",
				"texture_width": 64,
				"texture_height": 32,
				"visible_bounds_width": 3,
				"visible_bounds_height": 3.5,
				"visible_bounds_offset": [
					0,
					1.25,
					0
				]
			},
			"bones": [
				{
					"name": "waist",
					"pivot": [
						0,
						12,
						0
					]
				},
				{
					"name": "body",
					"parent": "waist",
					"pivot": [
						0,
						24,
						0
					],
					"cubes": [
						{
							"origin": [
								-4.6,
								12.125,
								-2.3
							],
							"size": [
								9.2,
								13.8,
								4.6
							],
							"inflate": 0.002,
							"uv": {
								"north": {
									"uv": [
										20,
										20
									],
									"uv_size": [
										8,
										12
									]
								},
								"east": {
									"uv": [
										16,
										20
									],
									"uv_size": [
										4,
										12
									]
								},
								"south": {
									"uv": [
										32,
										20
									],
									"uv_size": [
										8,
										12
									]
								},
								"west": {
									"uv": [
										28,
										20
									],
									"uv_size": [
										4,
										12
									]
								},
								"up": {
									"uv": [
										20,
										16
									],
									"uv_size": [
										8,
										4
									]
								},
								"down": {
									"uv": [
										28,
										20
									],
									"uv_size": [
										8,
										-4
									]
								}
							}
						}
					]
				},
				{
					"name": "rightLeg",
					"parent": "body",
					"pivot": [
						-1.875,
						12,
						0
					],
					"cubes": [
						{
							"origin": [
								-4.15,
								-0.5,
								-2.3
							],
							"size": [
								4.6,
								13.8,
								4.6
							],
							"inflate": 0.001,
							"uv": {
								"north": {
									"uv": [
										4,
										20
									],
									"uv_size": [
										4,
										12
									]
								},
								"east": {
									"uv": [
										0,
										20
									],
									"uv_size": [
										4,
										12
									]
								},
								"south": {
									"uv": [
										12,
										20
									],
									"uv_size": [
										4,
										12
									]
								},
								"west": {
									"uv": [
										8,
										20
									],
									"uv_size": [
										4,
										12
									]
								},
								"up": {
									"uv": [
										4,
										16
									],
									"uv_size": [
										4,
										4
									]
								},
								"down": {
									"uv": [
										8,
										20
									],
									"uv_size": [
										4,
										-4
									]
								}
							}
						}
					]
				},
				{
					"name": "leftLeg",
					"parent": "body",
					"pivot": [
						1.9,
						12,
						0
					],
					"cubes": [
						{
							"origin": [
								-0.45,
								-0.5,
								-2.3
							],
							"size": [
								4.6,
								13.8,
								4.6
							],
							"inflate": 0.001,
							"uv": {
								"north": {
									"uv": [
										8,
										20
									],
									"uv_size": [
										-4,
										12
									]
								},
								"east": {
									"uv": [
										12,
										20
									],
									"uv_size": [
										-4,
										12
									]
								},
								"south": {
									"uv": [
										16,
										20
									],
									"uv_size": [
										-4,
										12
									]
								},
								"west": {
									"uv": [
										4,
										20
									],
									"uv_size": [
										-4,
										12
									]
								},
								"up": {
									"uv": [
										8,
										16
									],
									"uv_size": [
										-4,
										4
									]
								},
								"down": {
									"uv": [
										12,
										20
									],
									"uv_size": [
										-4,
										-4
									]
								}
							}
						}
					]
				}
			]
		}
	]
}