{
	"format_version": "1.16.0",
	"minecraft:geometry": [
		{
			"description": {
				"identifier": "geometry.lever_action_rifle",
				"texture_width": 64,
				"texture_height": 64,
				"visible_bounds_width": 3,
				"visible_bounds_height": 2.5,
				"visible_bounds_offset": [
					0,
					0.75,
					0
				]
			},
			"bones": [
				{
					"name": "root",
					"pivot": [
						0,
						0,
						0
					],
					"binding": "q.item_slot_to_bone_name(c.item_slot)",
					"cubes": [
						{
							"origin": [
								-1,
								0,
								4
							],
							"size": [
								2,
								5,
								3
							],
							"inflate": -0.1,
							"pivot": [
								0,
								4,
								4
							],
							"rotation": [
								25,
								0,
								0
							],
							"uv": [
								20,
								0
							]
						},
						{
							"origin": [
								0,
								1.5,
								1.1
							],
							"size": [
								0,
								4,
								3
							],
							"pivot": [
								0,
								4,
								4
							],
							"rotation": [
								25,
								0,
								0
							],
							"uv": [
								0,
								9
							]
						},
						{
							"origin": [
								-1,
								4,
								1
							],
							"size": [
								2,
								3,
								6
							],
							"uv": [
								0,
								18
							]
						},
						{
							"origin": [
								-0.5,
								6.5,
								5
							],
							"size": [
								0,
								1,
								2
							],
							"uv": [
								0,
								1
							]
						},
						{
							"origin": [
								0.5,
								6.5,
								5
							],
							"size": [
								0,
								1,
								2
							],
							"uv": [
								0,
								0
							]
						},
						{
							"origin": [
								0,
								6.5,
								-12
							],
							"size": [
								0,
								2,
								1
							],
							"uv": [
								0,
								3
							]
						},
						{
							"origin": [
								-1,
								5.2,
								-14
							],
							"size": [
								2,
								2,
								16
							],
							"inflate": -0.3,
							"uv": [
								0,
								0
							]
						},
						{
							"origin": [
								-1,
								4,
								-5
							],
							"size": [
								2,
								2,
								6
							],
							"uv": [
								16,
								18
							]
						},
						{
							"origin": [
								-1,
								5,
								-9
							],
							"size": [
								2,
								1,
								4
							],
							"uv": [
								10,
								18
							]
						},
						{
							"origin": [
								-1,
								4.1,
								6.9
							],
							"size": [
								2,
								3,
								6
							],
							"inflate": -0.1,
							"pivot": [
								0,
								7,
								7
							],
							"rotation": [
								-5,
								0,
								0
							],
							"uv": [
								0,
								0
							]
						}
					]
				},
				{
					"name": "lever",
					"parent": "root",
					"pivot": [
						0,
						4,
						-2
					],
					"cubes": [
						{
							"origin": [
								0,
								1,
								-1.9
							],
							"size": [
								0,
								3,
								5
							],
							"uv": [
								0,
								4
							]
						}
					]
				}
			]
		}
	]
}