{
	"format_version": "1.12.0",
	"minecraft:geometry": [
		{
			"description": {
				"identifier": "geometry.leviathan",
				"texture_width": 256,
				"texture_height": 256,
				"visible_bounds_width": 9,
				"visible_bounds_height": 2.5,
				"visible_bounds_offset": [
					0,
					0.75,
					0
				]
			},
			"bones": [
				{
					"name": "bone",
					"pivot": [
						0,
						0,
						-16
					]
				},
				{
					"name": "torso",
					"parent": "bone",
					"pivot": [
						0,
						0,
						-16
					],
					"cubes": [
						{
							"origin": [
								-12,
								0,
								-24
							],
							"size": [
								24,
								12,
								16
							],
							"uv": [
								0,
								0
							]
						},
						{
							"origin": [
								7,
								12,
								-24
							],
							"size": [
								0,
								2,
								16
							],
							"uv": [
								0,
								84
							]
						},
						{
							"origin": [
								3,
								12,
								-24
							],
							"size": [
								0,
								4,
								16
							],
							"uv": [
								56,
								80
							]
						},
						{
							"origin": [
								-3,
								12,
								-24
							],
							"size": [
								0,
								4,
								16
							],
							"uv": [
								80,
								8
							]
						},
						{
							"origin": [
								-7,
								12,
								-24
							],
							"size": [
								0,
								2,
								16
							],
							"uv": [
								54,
								44
							]
						}
					]
				},
				{
					"name": "head",
					"parent": "torso",
					"pivot": [
						0,
						6,
						-22
					],
					"cubes": [
						{
							"origin": [
								-7,
								4,
								-44
							],
							"size": [
								14,
								8,
								20
							],
							"uv": [
								0,
								28
							]
						}
					]
				},
				{
					"name": "jaw",
					"parent": "head",
					"pivot": [
						0,
						4,
						-24
					],
					"cubes": [
						{
							"origin": [
								-6,
								0,
								-42
							],
							"size": [
								12,
								4,
								18
							],
							"uv": [
								50,
								62
							]
						}
					]
				},
				{
					"name": "leftfin",
					"parent": "torso",
					"pivot": [
						12,
						10,
						-16
					],
					"cubes": [
						{
							"origin": [
								12,
								9,
								-23
							],
							"size": [
								24,
								2,
								14
							],
							"pivot": [
								12,
								10,
								-23
							],
							"rotation": [
								0,
								-25,
								0
							],
							"uv": [
								54,
								44
							]
						}
					]
				},
				{
					"name": "rightfin",
					"parent": "torso",
					"pivot": [
						-12,
						10,
						-16
					],
					"cubes": [
						{
							"origin": [
								-36,
								9,
								-23
							],
							"size": [
								24,
								2,
								14
							],
							"pivot": [
								-12,
								10,
								-23
							],
							"rotation": [
								0,
								25,
								0
							],
							"uv": [
								48,
								28
							]
						}
					]
				},
				{
					"name": "hips",
					"parent": "torso",
					"pivot": [
						0,
						8,
						-8
					],
					"cubes": [
						{
							"origin": [
								7,
								12,
								-8
							],
							"size": [
								0,
								2,
								14
							],
							"uv": [
								48,
								90
							]
						},
						{
							"origin": [
								3,
								12,
								-8
							],
							"size": [
								0,
								4,
								14
							],
							"uv": [
								0,
								88
							]
						},
						{
							"origin": [
								-3,
								12,
								-8
							],
							"size": [
								0,
								4,
								14
							],
							"uv": [
								48,
								86
							]
						},
						{
							"origin": [
								-7,
								12,
								-8
							],
							"size": [
								0,
								2,
								14
							],
							"uv": [
								76,
								88
							]
						},
						{
							"origin": [
								-10,
								2,
								-8
							],
							"size": [
								20,
								10,
								14
							],
							"uv": [
								0,
								56
							]
						}
					]
				},
				{
					"name": "pelvis",
					"parent": "hips",
					"pivot": [
						0,
						8,
						6
					],
					"cubes": [
						{
							"origin": [
								-8,
								4,
								6
							],
							"size": [
								16,
								8,
								12
							],
							"uv": [
								0,
								80
							]
						},
						{
							"origin": [
								7,
								12,
								6
							],
							"size": [
								0,
								2,
								12
							],
							"uv": [
								92,
								66
							]
						},
						{
							"origin": [
								3,
								12,
								6
							],
							"size": [
								0,
								4,
								12
							],
							"uv": [
								92,
								60
							]
						},
						{
							"origin": [
								-7,
								12,
								6
							],
							"size": [
								0,
								2,
								12
							],
							"uv": [
								92,
								64
							]
						},
						{
							"origin": [
								-3,
								12,
								6
							],
							"size": [
								0,
								4,
								12
							],
							"uv": [
								64,
								0
							]
						}
					]
				},
				{
					"name": "leftfin2",
					"parent": "pelvis",
					"pivot": [
						8,
						6,
						12
					],
					"cubes": [
						{
							"origin": [
								8,
								5,
								7
							],
							"size": [
								14,
								2,
								10
							],
							"pivot": [
								8,
								6,
								7
							],
							"rotation": [
								0,
								-25,
								0
							],
							"uv": [
								92,
								60
							]
						}
					]
				},
				{
					"name": "rightfin2",
					"parent": "pelvis",
					"pivot": [
						-8,
						6,
						12
					],
					"cubes": [
						{
							"origin": [
								-22,
								5,
								7
							],
							"size": [
								14,
								2,
								10
							],
							"pivot": [
								-8,
								6,
								7
							],
							"rotation": [
								0,
								25,
								0
							],
							"uv": [
								56,
								84
							]
						}
					]
				},
				{
					"name": "lowertail",
					"parent": "pelvis",
					"pivot": [
						0,
						8,
						18
					],
					"cubes": [
						{
							"origin": [
								-6,
								6,
								18
							],
							"size": [
								12,
								6,
								10
							],
							"uv": [
								94,
								86
							]
						}
					]
				},
				{
					"name": "uppertail",
					"parent": "lowertail",
					"pivot": [
						0,
						8,
						28
					],
					"cubes": [
						{
							"origin": [
								4,
								9,
								28
							],
							"size": [
								16,
								2,
								10
							],
							"pivot": [
								4,
								10,
								28
							],
							"rotation": [
								0,
								-45,
								0
							],
							"uv": [
								80,
								12
							]
						},
						{
							"origin": [
								-20,
								9,
								28
							],
							"size": [
								16,
								2,
								10
							],
							"pivot": [
								-4,
								10,
								28
							],
							"rotation": [
								0,
								45,
								0
							],
							"uv": [
								64,
								0
							]
						},
						{
							"origin": [
								-4,
								8,
								28
							],
							"size": [
								8,
								4,
								10
							],
							"uv": [
								22,
								100
							]
						}
					]
				}
			]
		}
	]
}