{
	"format_version": "1.12.0",
	"minecraft:geometry": [
		{
			"description": {
				"identifier": "geometry.manhole_cover",
				"texture_width": 16,
				"texture_height": 16,
				"visible_bounds_width": 2,
				"visible_bounds_height": 2.5,
				"visible_bounds_offset": [
					0,
					0.75,
					0
				]
			},
			"bones": [
				{
					"name": "bone",
					"pivot": [
						0,
						0,
						0
					],
					"cubes": [
						{
							"origin": [
								-8,
								14,
								-8
							],
							"size": [
								16,
								1,
								16
							],
							"uv": {
								"north": {
									"uv": [
										16,
										0
									],
									"uv_size": [
										-16,
										1
									]
								},
								"east": {
									"uv": [
										0,
										0
									],
									"uv_size": [
										16,
										1
									]
								},
								"south": {
									"uv": [
										0,
										0
									],
									"uv_size": [
										16,
										1
									]
								},
								"west": {
									"uv": [
										16,
										0
									],
									"uv_size": [
										-16,
										1
									]
								},
								"up": {
									"uv": [
										0,
										0
									],
									"uv_size": [
										16,
										16
									]
								},
								"down": {
									"uv": [
										0,
										16
									],
									"uv_size": [
										16,
										-16
									]
								}
							}
						}
					]
				}
			]
		}
	]
}