{
	"format_version": "1.12.0",
	"minecraft:geometry": [
		{
			"description": {
				"identifier": "geometry.marsh_prowler",
				"texture_width": 16,
				"texture_height": 16,
				"visible_bounds_width": 7,
				"visible_bounds_height": 2.5,
				"visible_bounds_offset": [
					0,
					0.75,
					0
				]
			},
			"bones": [
				{
					"name": "body",
					"pivot": [
						0,
						7,
						-7
					],
					"cubes": [
						{
							"origin": [
								-4,
								7,
								-12
							],
							"size": [
								8,
								6,
								22
							],
							"uv": {
								"north": {
									"uv": [
										2.75,
										2.75
									],
									"uv_size": [
										1,
										0.75
									]
								},
								"east": {
									"uv": [
										0,
										2.75
									],
									"uv_size": [
										2.75,
										0.75
									]
								},
								"south": {
									"uv": [
										6.5,
										2.75
									],
									"uv_size": [
										1,
										0.75
									]
								},
								"west": {
									"uv": [
										3.75,
										2.75
									],
									"uv_size": [
										2.75,
										0.75
									]
								},
								"up": {
									"uv": [
										2.75,
										0
									],
									"uv_size": [
										1,
										2.75
									]
								},
								"down": {
									"uv": [
										3.75,
										2.75
									],
									"uv_size": [
										1,
										-2.75
									]
								}
							}
						},
						{
							"origin": [
								0,
								13,
								-12
							],
							"size": [
								0,
								9,
								22
							],
							"uv": {
								"north": {
									"uv": [
										2.75,
										4.625
									],
									"uv_size": [
										0,
										1.125
									]
								},
								"east": {
									"uv": [
										0,
										15
									],
									"uv_size": [
										2.75,
										1.125
									]
								},
								"south": {
									"uv": [
										5.5,
										4.625
									],
									"uv_size": [
										0,
										1.125
									]
								},
								"west": {
									"uv": [
										2.75,
										4.625
									],
									"uv_size": [
										2.75,
										1.125
									]
								},
								"up": {
									"uv": [
										2.75,
										1.875
									],
									"uv_size": [
										0,
										2.75
									]
								},
								"down": {
									"uv": [
										2.75,
										4.625
									],
									"uv_size": [
										0,
										-2.75
									]
								}
							}
						},
						{
							"origin": [
								0,
								13,
								-12
							],
							"size": [
								0,
								9,
								22
							],
							"pivot": [
								0,
								13,
								-7
							],
							"rotation": [
								0,
								0,
								-30
							],
							"uv": {
								"north": {
									"uv": [
										2.75,
										4.625
									],
									"uv_size": [
										0,
										1.125
									]
								},
								"east": {
									"uv": [
										0,
										15
									],
									"uv_size": [
										2.75,
										1.125
									]
								},
								"south": {
									"uv": [
										5.5,
										4.625
									],
									"uv_size": [
										0,
										1.125
									]
								},
								"west": {
									"uv": [
										2.75,
										4.625
									],
									"uv_size": [
										2.75,
										1.125
									]
								},
								"up": {
									"uv": [
										2.75,
										1.875
									],
									"uv_size": [
										0,
										2.75
									]
								},
								"down": {
									"uv": [
										2.75,
										4.625
									],
									"uv_size": [
										0,
										-2.75
									]
								}
							}
						},
						{
							"origin": [
								0,
								13,
								-12
							],
							"size": [
								0,
								9,
								22
							],
							"pivot": [
								0,
								13,
								-7
							],
							"rotation": [
								0,
								0,
								30
							],
							"uv": {
								"north": {
									"uv": [
										2.75,
										4.625
									],
									"uv_size": [
										0,
										1.125
									]
								},
								"east": {
									"uv": [
										2.75,
										15
									],
									"uv_size": [
										-2.75,
										1.125
									]
								},
								"south": {
									"uv": [
										5.5,
										4.625
									],
									"uv_size": [
										0,
										1.125
									]
								},
								"west": {
									"uv": [
										2.75,
										4.625
									],
									"uv_size": [
										-2.75,
										1.125
									]
								},
								"up": {
									"uv": [
										2.75,
										1.875
									],
									"uv_size": [
										0,
										2.75
									]
								},
								"down": {
									"uv": [
										2.75,
										4.625
									],
									"uv_size": [
										0,
										-2.75
									]
								}
							}
						}
					]
				},
				{
					"name": "leg0",
					"parent": "body",
					"pivot": [
						-4,
						11,
						7
					],
					"cubes": [
						{
							"origin": [
								-6,
								0,
								5
							],
							"size": [
								3,
								11,
								4
							],
							"uv": {
								"north": {
									"uv": [
										0.5,
										0.5
									],
									"uv_size": [
										0.375,
										1.375
									]
								},
								"east": {
									"uv": [
										0,
										0.5
									],
									"uv_size": [
										0.5,
										1.375
									]
								},
								"south": {
									"uv": [
										1.375,
										0.5
									],
									"uv_size": [
										0.375,
										1.375
									]
								},
								"west": {
									"uv": [
										0.875,
										0.5
									],
									"uv_size": [
										0.5,
										1.375
									]
								},
								"up": {
									"uv": [
										0.5,
										0
									],
									"uv_size": [
										0.375,
										0.5
									]
								},
								"down": {
									"uv": [
										0.875,
										0.5
									],
									"uv_size": [
										0.375,
										-0.5
									]
								}
							}
						}
					]
				},
				{
					"name": "leg1",
					"parent": "body",
					"pivot": [
						4,
						11,
						7
					],
					"cubes": [
						{
							"origin": [
								3,
								0,
								5
							],
							"size": [
								3,
								11,
								4
							],
							"uv": {
								"north": {
									"uv": [
										0.875,
										0.5
									],
									"uv_size": [
										-0.375,
										1.375
									]
								},
								"east": {
									"uv": [
										1.375,
										0.5
									],
									"uv_size": [
										-0.5,
										1.375
									]
								},
								"south": {
									"uv": [
										1.75,
										0.5
									],
									"uv_size": [
										-0.375,
										1.375
									]
								},
								"west": {
									"uv": [
										0.5,
										0.5
									],
									"uv_size": [
										-0.5,
										1.375
									]
								},
								"up": {
									"uv": [
										0.875,
										0
									],
									"uv_size": [
										-0.375,
										0.5
									]
								},
								"down": {
									"uv": [
										1.25,
										0.5
									],
									"uv_size": [
										-0.375,
										-0.5
									]
								}
							}
						}
					]
				},
				{
					"name": "leg2",
					"parent": "body",
					"pivot": [
						-4,
						11,
						-7
					],
					"cubes": [
						{
							"origin": [
								-6,
								0,
								-9
							],
							"size": [
								3,
								11,
								4
							],
							"uv": {
								"north": {
									"uv": [
										0.5,
										0.5
									],
									"uv_size": [
										0.375,
										1.375
									]
								},
								"east": {
									"uv": [
										0,
										0.5
									],
									"uv_size": [
										0.5,
										1.375
									]
								},
								"south": {
									"uv": [
										1.375,
										0.5
									],
									"uv_size": [
										0.375,
										1.375
									]
								},
								"west": {
									"uv": [
										0.875,
										0.5
									],
									"uv_size": [
										0.5,
										1.375
									]
								},
								"up": {
									"uv": [
										0.5,
										0
									],
									"uv_size": [
										0.375,
										0.5
									]
								},
								"down": {
									"uv": [
										0.875,
										0.5
									],
									"uv_size": [
										0.375,
										-0.5
									]
								}
							}
						}
					]
				},
				{
					"name": "leg3",
					"parent": "body",
					"pivot": [
						4,
						11,
						-7
					],
					"cubes": [
						{
							"origin": [
								3,
								0,
								-9
							],
							"size": [
								3,
								11,
								4
							],
							"uv": {
								"north": {
									"uv": [
										0.875,
										0.5
									],
									"uv_size": [
										-0.375,
										1.375
									]
								},
								"east": {
									"uv": [
										1.375,
										0.5
									],
									"uv_size": [
										-0.5,
										1.375
									]
								},
								"south": {
									"uv": [
										1.75,
										0.5
									],
									"uv_size": [
										-0.375,
										1.375
									]
								},
								"west": {
									"uv": [
										0.5,
										0.5
									],
									"uv_size": [
										-0.5,
										1.375
									]
								},
								"up": {
									"uv": [
										0.875,
										0
									],
									"uv_size": [
										-0.375,
										0.5
									]
								},
								"down": {
									"uv": [
										1.25,
										0.5
									],
									"uv_size": [
										-0.375,
										-0.5
									]
								}
							}
						}
					]
				},
				{
					"name": "tail",
					"parent": "body",
					"pivot": [
						0,
						11,
						10
					],
					"cubes": [
						{
							"origin": [
								-3,
								8,
								10
							],
							"size": [
								6,
								5,
								21
							],
							"uv": {
								"north": {
									"uv": [
										6,
										6.125
									],
									"uv_size": [
										0.75,
										0.625
									]
								},
								"east": {
									"uv": [
										3.375,
										6.125
									],
									"uv_size": [
										2.625,
										0.625
									]
								},
								"south": {
									"uv": [
										9.375,
										6.125
									],
									"uv_size": [
										0.75,
										0.625
									]
								},
								"west": {
									"uv": [
										6.75,
										6.125
									],
									"uv_size": [
										2.625,
										0.625
									]
								},
								"up": {
									"uv": [
										6,
										3.5
									],
									"uv_size": [
										0.75,
										2.625
									]
								},
								"down": {
									"uv": [
										6.75,
										6.125
									],
									"uv_size": [
										0.75,
										-2.625
									]
								}
							}
						},
						{
							"origin": [
								0,
								6,
								10
							],
							"size": [
								0,
								9,
								24
							],
							"uv": {
								"north": {
									"uv": [
										3,
										3.5
									],
									"uv_size": [
										0,
										1.125
									]
								},
								"east": {
									"uv": [
										0,
										3.5
									],
									"uv_size": [
										3,
										1.125
									]
								},
								"south": {
									"uv": [
										6,
										3.5
									],
									"uv_size": [
										0,
										1.125
									]
								},
								"west": {
									"uv": [
										3,
										3.5
									],
									"uv_size": [
										3,
										1.125
									]
								},
								"up": {
									"uv": [
										3,
										0.5
									],
									"uv_size": [
										0,
										3
									]
								},
								"down": {
									"uv": [
										3,
										3.5
									],
									"uv_size": [
										0,
										-3
									]
								}
							}
						}
					]
				},
				{
					"name": "head",
					"parent": "body",
					"pivot": [
						0,
						11,
						-12
					],
					"cubes": [
						{
							"origin": [
								-4,
								10,
								-26
							],
							"size": [
								8,
								3,
								14
							],
							"uv": {
								"north": {
									"uv": [
										1.75,
										8.5
									],
									"uv_size": [
										1,
										0.375
									]
								},
								"east": {
									"uv": [
										0,
										8.5
									],
									"uv_size": [
										1.75,
										0.375
									]
								},
								"south": {
									"uv": [
										4.5,
										8.5
									],
									"uv_size": [
										1,
										0.375
									]
								},
								"west": {
									"uv": [
										2.75,
										8.5
									],
									"uv_size": [
										1.75,
										0.375
									]
								},
								"up": {
									"uv": [
										1.75,
										6.75
									],
									"uv_size": [
										1,
										1.75
									]
								},
								"down": {
									"uv": [
										2.75,
										8.5
									],
									"uv_size": [
										1,
										-1.75
									]
								}
							}
						},
						{
							"origin": [
								-3,
								8,
								-25
							],
							"size": [
								0,
								2,
								13
							],
							"uv": {
								"north": {
									"uv": [
										6.375,
										2.25
									],
									"uv_size": [
										0,
										0.25
									]
								},
								"east": {
									"uv": [
										4.75,
										2.25
									],
									"uv_size": [
										1.625,
										0.25
									]
								},
								"south": {
									"uv": [
										8,
										2.25
									],
									"uv_size": [
										0,
										0.25
									]
								},
								"west": {
									"uv": [
										6.375,
										2.25
									],
									"uv_size": [
										1.625,
										0.25
									]
								},
								"up": {
									"uv": [
										6.375,
										0.625
									],
									"uv_size": [
										0,
										1.625
									]
								},
								"down": {
									"uv": [
										6.375,
										2.25
									],
									"uv_size": [
										0,
										-1.625
									]
								}
							}
						},
						{
							"origin": [
								3,
								8,
								-25
							],
							"size": [
								0,
								2,
								13
							],
							"uv": {
								"north": {
									"uv": [
										6.375,
										2.25
									],
									"uv_size": [
										0,
										0.25
									]
								},
								"east": {
									"uv": [
										8,
										2.25
									],
									"uv_size": [
										-1.625,
										0.25
									]
								},
								"south": {
									"uv": [
										8,
										2.25
									],
									"uv_size": [
										0,
										0.25
									]
								},
								"west": {
									"uv": [
										6.375,
										2.25
									],
									"uv_size": [
										-1.625,
										0.25
									]
								},
								"up": {
									"uv": [
										6.375,
										0.625
									],
									"uv_size": [
										0,
										1.625
									]
								},
								"down": {
									"uv": [
										6.375,
										2.25
									],
									"uv_size": [
										0,
										-1.625
									]
								}
							}
						},
						{
							"origin": [
								-3,
								8,
								-25
							],
							"size": [
								6,
								2,
								0
							],
							"uv": {
								"north": {
									"uv": [
										1.25,
										0.25
									],
									"uv_size": [
										0.75,
										0.25
									]
								},
								"east": {
									"uv": [
										1.25,
										0.25
									],
									"uv_size": [
										0,
										0.25
									]
								},
								"south": {
									"uv": [
										2,
										0.25
									],
									"uv_size": [
										0.75,
										0.25
									]
								},
								"west": {
									"uv": [
										2,
										0.25
									],
									"uv_size": [
										0,
										0.25
									]
								},
								"up": {
									"uv": [
										1.25,
										0.25
									],
									"uv_size": [
										0.75,
										0
									]
								},
								"down": {
									"uv": [
										2,
										0.25
									],
									"uv_size": [
										0.75,
										0
									]
								}
							}
						}
					]
				},
				{
					"name": "mouth",
					"parent": "head",
					"pivot": [
						0,
						9,
						-13
					],
					"cubes": [
						{
							"origin": [
								-5,
								6,
								-26
							],
							"size": [
								10,
								4,
								14
							],
							"uv": {
								"north": {
									"uv": [
										6.5,
										1.75
									],
									"uv_size": [
										1.25,
										0.5
									]
								},
								"east": {
									"uv": [
										4.75,
										1.75
									],
									"uv_size": [
										1.75,
										0.5
									]
								},
								"south": {
									"uv": [
										9.5,
										1.75
									],
									"uv_size": [
										1.25,
										0.5
									]
								},
								"west": {
									"uv": [
										7.75,
										1.75
									],
									"uv_size": [
										1.75,
										0.5
									]
								},
								"up": {
									"uv": [
										6.5,
										0
									],
									"uv_size": [
										1.25,
										1.75
									]
								},
								"down": {
									"uv": [
										7.75,
										1.75
									],
									"uv_size": [
										1.25,
										-1.75
									]
								}
							}
						},
						{
							"origin": [
								-3,
								10,
								-25
							],
							"size": [
								0,
								2,
								13
							],
							"uv": {
								"north": {
									"uv": [
										1.625,
										6.25
									],
									"uv_size": [
										0,
										0.25
									]
								},
								"east": {
									"uv": [
										0,
										6.25
									],
									"uv_size": [
										1.625,
										0.25
									]
								},
								"south": {
									"uv": [
										3.25,
										6.25
									],
									"uv_size": [
										0,
										0.25
									]
								},
								"west": {
									"uv": [
										1.625,
										6.25
									],
									"uv_size": [
										1.625,
										0.25
									]
								},
								"up": {
									"uv": [
										1.625,
										4.625
									],
									"uv_size": [
										0,
										1.625
									]
								},
								"down": {
									"uv": [
										1.625,
										6.25
									],
									"uv_size": [
										0,
										-1.625
									]
								}
							}
						},
						{
							"origin": [
								3,
								10,
								-25
							],
							"size": [
								0,
								2,
								13
							],
							"uv": {
								"north": {
									"uv": [
										1.625,
										6.25
									],
									"uv_size": [
										0,
										0.25
									]
								},
								"east": {
									"uv": [
										3.25,
										6.25
									],
									"uv_size": [
										-1.625,
										0.25
									]
								},
								"south": {
									"uv": [
										3.25,
										6.25
									],
									"uv_size": [
										0,
										0.25
									]
								},
								"west": {
									"uv": [
										1.625,
										6.25
									],
									"uv_size": [
										-1.625,
										0.25
									]
								},
								"up": {
									"uv": [
										1.625,
										4.625
									],
									"uv_size": [
										0,
										1.625
									]
								},
								"down": {
									"uv": [
										1.625,
										6.25
									],
									"uv_size": [
										0,
										-1.625
									]
								}
							}
						},
						{
							"origin": [
								-3,
								10,
								-25
							],
							"size": [
								6,
								2,
								0
							],
							"uv": {
								"north": {
									"uv": [
										1.25,
										0
									],
									"uv_size": [
										0.75,
										0.25
									]
								},
								"east": {
									"uv": [
										1.25,
										0
									],
									"uv_size": [
										0,
										0.25
									]
								},
								"south": {
									"uv": [
										2,
										0
									],
									"uv_size": [
										0.75,
										0.25
									]
								},
								"west": {
									"uv": [
										2,
										0
									],
									"uv_size": [
										0,
										0.25
									]
								},
								"up": {
									"uv": [
										1.25,
										0
									],
									"uv_size": [
										0.75,
										0
									]
								},
								"down": {
									"uv": [
										2,
										0
									],
									"uv_size": [
										0.75,
										0
									]
								}
							}
						},
						{
							"origin": [
								-4,
								2,
								-26
							],
							"size": [
								8,
								4,
								0
							],
							"uv": {
								"north": {
									"uv": [
										0,
										1.875
									],
									"uv_size": [
										1,
										0.5
									]
								},
								"east": {
									"uv": [
										0,
										1.875
									],
									"uv_size": [
										0,
										0.5
									]
								},
								"south": {
									"uv": [
										1,
										1.875
									],
									"uv_size": [
										1,
										0.5
									]
								},
								"west": {
									"uv": [
										1,
										1.875
									],
									"uv_size": [
										0,
										0.5
									]
								},
								"up": {
									"uv": [
										0,
										1.875
									],
									"uv_size": [
										1,
										0
									]
								},
								"down": {
									"uv": [
										1,
										1.875
									],
									"uv_size": [
										1,
										0
									]
								}
							}
						},
						{
							"origin": [
								-4,
								2,
								-26
							],
							"size": [
								0,
								4,
								13
							],
							"uv": {
								"north": {
									"uv": [
										1.625,
										5.75
									],
									"uv_size": [
										0,
										0.5
									]
								},
								"east": {
									"uv": [
										0,
										5.75
									],
									"uv_size": [
										1.625,
										0.5
									]
								},
								"south": {
									"uv": [
										3.25,
										5.75
									],
									"uv_size": [
										0,
										0.5
									]
								},
								"west": {
									"uv": [
										1.625,
										5.75
									],
									"uv_size": [
										1.625,
										0.5
									]
								},
								"up": {
									"uv": [
										1.625,
										4.125
									],
									"uv_size": [
										0,
										1.625
									]
								},
								"down": {
									"uv": [
										1.625,
										5.75
									],
									"uv_size": [
										0,
										-1.625
									]
								}
							}
						},
						{
							"origin": [
								4,
								2,
								-26
							],
							"size": [
								0,
								4,
								13
							],
							"uv": {
								"north": {
									"uv": [
										1.625,
										5.75
									],
									"uv_size": [
										0,
										0.5
									]
								},
								"east": {
									"uv": [
										3.25,
										5.75
									],
									"uv_size": [
										-1.625,
										0.5
									]
								},
								"south": {
									"uv": [
										3.25,
										5.75
									],
									"uv_size": [
										0,
										0.5
									]
								},
								"west": {
									"uv": [
										1.625,
										5.75
									],
									"uv_size": [
										-1.625,
										0.5
									]
								},
								"up": {
									"uv": [
										1.625,
										4.125
									],
									"uv_size": [
										0,
										1.625
									]
								},
								"down": {
									"uv": [
										1.625,
										5.75
									],
									"uv_size": [
										0,
										-1.625
									]
								}
							}
						}
					]
				}
			]
		}
	]
}