{
	"format_version": "1.12.0",
	"minecraft:geometry": [
		{
			"description": {
				"identifier": "geometry.mole_rat",
				"texture_width": 64,
				"texture_height": 64,
				"visible_bounds_width": 4,
				"visible_bounds_height": 2.5,
				"visible_bounds_offset": [
					0,
					0.75,
					0
				]
			},
			"bones": [
				{
					"name": "bone",
					"pivot": [
						1,
						3,
						-5
					],
					"cubes": [
						{
							"origin": [
								1,
								9,
								-5
							],
							"size": [
								0,
								4,
								8
							],
							"pivot": [
								0,
								7,
								1
							],
							"rotation": [
								10,
								0,
								0
							],
							"uv": [
								16,
								26
							]
						},
						{
							"origin": [
								-1,
								9,
								-5
							],
							"size": [
								0,
								4,
								8
							],
							"pivot": [
								0,
								7,
								1
							],
							"rotation": [
								10,
								0,
								0
							],
							"uv": [
								16,
								26
							]
						},
						{
							"origin": [
								-5,
								3,
								-5
							],
							"size": [
								10,
								6,
								8
							],
							"pivot": [
								0,
								7,
								1
							],
							"rotation": [
								10,
								0,
								0
							],
							"uv": [
								0,
								16
							]
						},
						{
							"origin": [
								-4,
								2,
								-1
							],
							"size": [
								8,
								6,
								10
							],
							"uv": [
								0,
								0
							]
						},
						{
							"origin": [
								-1,
								8,
								2
							],
							"size": [
								0,
								4,
								6
							],
							"uv": [
								32,
								24
							]
						},
						{
							"origin": [
								1,
								8,
								2
							],
							"size": [
								0,
								4,
								6
							],
							"uv": [
								32,
								24
							]
						}
					]
				},
				{
					"name": "head",
					"parent": "bone",
					"pivot": [
						0,
						5,
						-4
					],
					"cubes": [
						{
							"origin": [
								-3,
								4,
								-10
							],
							"size": [
								6,
								3,
								6
							],
							"uv": [
								26,
								0
							]
						},
						{
							"origin": [
								-1.5,
								4,
								-10
							],
							"size": [
								3,
								2,
								-1
							],
							"uv": [
								60,
								4
							]
						},
						{
							"origin": [
								-1,
								2,
								-9.5
							],
							"size": [
								2,
								2,
								-1
							],
							"uv": [
								62,
								11
							]
						}
					]
				},
				{
					"name": "jaw",
					"parent": "head",
					"pivot": [
						0,
						4,
						-5
					],
					"cubes": [
						{
							"origin": [
								-2,
								3,
								-10
							],
							"size": [
								4,
								1,
								6
							],
							"uv": [
								28,
								16
							]
						}
					]
				},
				{
					"name": "leg0",
					"parent": "bone",
					"pivot": [
						-3,
						6,
						6
					],
					"cubes": [
						{
							"origin": [
								-6,
								0,
								5
							],
							"size": [
								3,
								6,
								3
							],
							"uv": [
								0,
								42
							]
						}
					]
				},
				{
					"name": "leg1",
					"parent": "bone",
					"pivot": [
						3,
						6,
						6
					],
					"cubes": [
						{
							"origin": [
								3,
								0,
								5
							],
							"size": [
								3,
								6,
								3
							],
							"uv": [
								36,
								34
							]
						}
					]
				},
				{
					"name": "leg2",
					"parent": "bone",
					"pivot": [
						-5,
						4,
						-1
					],
					"cubes": [
						{
							"origin": [
								-7,
								0,
								-3
							],
							"size": [
								3,
								4,
								3
							],
							"uv": [
								36,
								23
							]
						}
					]
				},
				{
					"name": "leg3",
					"parent": "bone",
					"pivot": [
						5,
						4,
						-1
					],
					"cubes": [
						{
							"origin": [
								4,
								0,
								-3
							],
							"size": [
								3,
								4,
								3
							],
							"uv": [
								12,
								42
							]
						}
					]
				}
			]
		}
	]
}