{
	"format_version": "1.12.0",
	"minecraft:geometry": [
		{
			"description": {
				"identifier": "geometry.motorcycle",
				"texture_width": 64,
				"texture_height": 64,
				"visible_bounds_width": 5,
				"visible_bounds_height": 2.5,
				"visible_bounds_offset": [
					0,
					0.75,
					0
				]
			},
			"bones": [
				{
					"name": "car",
					"pivot": [
						12,
						3,
						-27
					]
				},
				{
					"name": "body",
					"parent": "car",
					"pivot": [
						-1,
						6,
						7
					],
					"cubes": [
						{
							"origin": [
								-3,
								3,
								-1
							],
							"size": [
								6,
								3,
								8
							],
							"uv": [
								0,
								23
							]
						},
						{
							"origin": [
								-4,
								4,
								7
							],
							"size": [
								8,
								4,
								10
							],
							"uv": [
								0,
								0
							]
						},
						{
							"origin": [
								1,
								6,
								16.5
							],
							"size": [
								2,
								1,
								1
							],
							"uv": [
								0,
								23
							]
						},
						{
							"origin": [
								-3,
								6,
								16.5
							],
							"size": [
								2,
								1,
								1
							],
							"uv": [
								0,
								20
							]
						},
						{
							"origin": [
								-4,
								8,
								8
							],
							"size": [
								8,
								1,
								8
							],
							"uv": [
								0,
								14
							]
						},
						{
							"origin": [
								-4,
								9,
								9
							],
							"size": [
								8,
								1,
								6
							],
							"uv": [
								26,
								0
							]
						},
						{
							"origin": [
								-3,
								4,
								-7
							],
							"size": [
								6,
								4,
								6
							],
							"uv": [
								22,
								29
							]
						},
						{
							"origin": [
								-3,
								3,
								-5
							],
							"size": [
								6,
								1,
								4
							],
							"uv": [
								22,
								34
							]
						},
						{
							"origin": [
								-2,
								7,
								6
							],
							"size": [
								4,
								3,
								1
							],
							"pivot": [
								-2,
								7,
								6.5
							],
							"rotation": [
								-10,
								0,
								0
							],
							"uv": [
								48,
								0
							]
						},
						{
							"origin": [
								-2,
								6,
								2
							],
							"size": [
								4,
								1,
								5
							],
							"uv": [
								45,
								16
							]
						}
					]
				},
				{
					"name": "wheel",
					"parent": "body",
					"pivot": [
						0,
						4,
						-12
					],
					"rotation": [
						-45,
						0,
						0
					],
					"cubes": [
						{
							"origin": [
								-2.5,
								3,
								-13
							],
							"size": [
								5,
								8,
								2
							],
							"uv": [
								18,
								46
							]
						},
						{
							"origin": [
								-1.5,
								11,
								-13
							],
							"size": [
								3,
								6,
								2
							],
							"uv": [
								0,
								0
							]
						},
						{
							"origin": [
								-2.5,
								17,
								-13
							],
							"size": [
								5,
								1,
								2
							],
							"uv": [
								40,
								29
							]
						},
						{
							"origin": [
								-5.5,
								17,
								-12
							],
							"size": [
								3,
								1,
								1
							],
							"uv": [
								0,
								18
							]
						},
						{
							"origin": [
								2.5,
								17,
								-12
							],
							"size": [
								3,
								1,
								1
							],
							"uv": [
								0,
								8
							]
						},
						{
							"origin": [
								-1,
								13,
								-14
							],
							"size": [
								2,
								2,
								2
							],
							"pivot": [
								0,
								14,
								-13
							],
							"rotation": [
								-45,
								0,
								0
							],
							"uv": [
								0,
								14
							]
						}
					]
				},
				{
					"name": "frontaxis",
					"parent": "car",
					"pivot": [
						0,
						4,
						-12
					],
					"cubes": [
						{
							"origin": [
								-2,
								1,
								-15
							],
							"size": [
								4,
								6,
								6
							],
							"uv": [
								0,
								35
							]
						},
						{
							"origin": [
								-2,
								1,
								-16
							],
							"size": [
								4,
								6,
								1
							],
							"uv": [
								48,
								7
							]
						},
						{
							"origin": [
								-2,
								1,
								-9
							],
							"size": [
								4,
								6,
								1
							],
							"uv": [
								46,
								47
							]
						},
						{
							"origin": [
								-2,
								7,
								-15
							],
							"size": [
								4,
								1,
								6
							],
							"uv": [
								38,
								40
							]
						},
						{
							"origin": [
								-2,
								0,
								-15
							],
							"size": [
								4,
								1,
								6
							],
							"uv": [
								40,
								33
							]
						}
					]
				},
				{
					"name": "rearaxis",
					"parent": "car",
					"pivot": [
						0,
						4,
						12
					],
					"cubes": [
						{
							"origin": [
								-3,
								1,
								9
							],
							"size": [
								6,
								6,
								6
							],
							"uv": [
								26,
								17
							]
						},
						{
							"origin": [
								-3,
								1,
								8
							],
							"size": [
								6,
								6,
								1
							],
							"uv": [
								32,
								47
							]
						},
						{
							"origin": [
								-3,
								1,
								15
							],
							"size": [
								6,
								6,
								1
							],
							"uv": [
								0,
								47
							]
						},
						{
							"origin": [
								-3,
								7,
								9
							],
							"size": [
								6,
								1,
								6
							],
							"uv": [
								20,
								39
							]
						},
						{
							"origin": [
								-3,
								0,
								9
							],
							"size": [
								6,
								1,
								6
							],
							"uv": [
								30,
								8
							]
						}
					]
				}
			]
		}
	]
}