{
	"format_version": "1.12.0",
	"minecraft:geometry": [
		{
			"description": {
				"identifier": "geometry.mutant",
				"texture_width": 128,
				"texture_height": 128,
				"visible_bounds_width": 4,
				"visible_bounds_height": 4.5,
				"visible_bounds_offset": [
					0,
					1.75,
					0
				]
			},
			"bones": [
				{
					"name": "mutant",
					"pivot": [
						0,
						0,
						0
					]
				},
				{
					"name": "body",
					"parent": "mutant",
					"pivot": [
						0,
						0,
						0
					],
					"cubes": [
						{
							"origin": [
								-8,
								14,
								-4
							],
							"size": [
								16,
								14,
								8
							],
							"uv": [
								0,
								0
							]
						}
					]
				},
				{
					"name": "head",
					"parent": "body",
					"pivot": [
						0,
						28,
						0
					],
					"cubes": [
						{
							"origin": [
								-4,
								28,
								-4
							],
							"size": [
								8,
								8,
								8
							],
							"uv": [
								40,
								38
							]
						},
						{
							"origin": [
								0,
								30,
								-5
							],
							"size": [
								0,
								12,
								12
							],
							"uv": [
								104,
								0
							]
						}
					]
				},
				{
					"name": "jaw",
					"parent": "head",
					"pivot": [
						0,
						28,
						2
					],
					"cubes": [
						{
							"origin": [
								-4,
								30,
								-4.5
							],
							"size": [
								8,
								1,
								8
							],
							"inflate": 0.05,
							"uv": [
								0,
								80
							]
						},
						{
							"origin": [
								-4,
								28,
								-4.5
							],
							"size": [
								8,
								2,
								8
							],
							"inflate": 0.1,
							"uv": [
								0,
								66
							]
						}
					]
				},
				{
					"name": "leg3",
					"parent": "body",
					"pivot": [
						8,
						26,
						0
					],
					"cubes": [
						{
							"origin": [
								8,
								10,
								-3
							],
							"size": [
								6,
								18,
								6
							],
							"uv": [
								0,
								22
							]
						}
					]
				},
				{
					"name": "leftItem",
					"parent": "leg3",
					"pivot": [
						0,
						0,
						0
					]
				},
				{
					"name": "leg2",
					"parent": "body",
					"pivot": [
						-8,
						26,
						0
					],
					"cubes": [
						{
							"origin": [
								-14,
								10,
								-3
							],
							"size": [
								6,
								18,
								6
							],
							"uv": [
								24,
								22
							]
						},
						{
							"origin": [
								-18,
								24,
								0
							],
							"size": [
								8,
								8,
								0
							],
							"uv": [
								73,
								0
							]
						}
					]
				},
				{
					"name": "rightItem",
					"parent": "leg2",
					"pivot": [
						0,
						0,
						0
					]
				},
				{
					"name": "hammer",
					"parent": "leg2",
					"pivot": [
						0,
						0,
						0
					],
					"cubes": [
						{
							"origin": [
								-11,
								11,
								-13
							],
							"size": [
								2,
								2,
								24
							],
							"uv": [
								0,
								102
							]
						},
						{
							"origin": [
								-14,
								8,
								-25
							],
							"size": [
								8,
								8,
								12
							],
							"uv": [
								52,
								108
							]
						}
					]
				},
				{
					"name": "leg1",
					"parent": "body",
					"pivot": [
						3,
						14,
						0
					],
					"cubes": [
						{
							"origin": [
								0,
								0,
								-3
							],
							"size": [
								6,
								14,
								6
							],
							"uv": [
								0,
								46
							]
						}
					]
				},
				{
					"name": "leg0",
					"parent": "body",
					"pivot": [
						-3,
						14,
						0
					],
					"cubes": [
						{
							"origin": [
								-6,
								0,
								-3
							],
							"size": [
								6,
								14,
								6
							],
							"uv": [
								48,
								0
							]
						}
					]
				}
			]
		}
	]
}