{
	"format_version": "1.16.0",
	"minecraft:geometry": [
		{
			"description": {
				"identifier": "geometry.obrez_empty",
				"texture_width": 32,
				"texture_height": 32,
				"visible_bounds_width": 3,
				"visible_bounds_height": 2.5,
				"visible_bounds_offset": [
					0,
					0.75,
					0
				]
			},
			"bones": [
				{
					"name": "root",
					"pivot": [
						0,
						-1,
						0
					],
					"binding": "q.item_slot_to_bone_name(c.item_slot)",
					"cubes": [
						{
							"origin": [
								-1,
								-1,
								5
							],
							"size": [
								2,
								5,
								3
							],
							"inflate": -0.1,
							"pivot": [
								0,
								3,
								4
							],
							"rotation": [
								30,
								0,
								0
							],
							"uv": [
								16,
								0
							]
						},
						{
							"origin": [
								0,
								0.5,
								2.1
							],
							"size": [
								0,
								3,
								5
							],
							"uv": [
								10,
								9
							]
						},
						{
							"origin": [
								-1,
								3,
								3
							],
							"size": [
								2,
								3,
								4
							],
							"uv": [
								0,
								0
							]
						},
						{
							"origin": [
								-0.5,
								5.5,
								5
							],
							"size": [
								0,
								1,
								2
							],
							"uv": [
								0,
								1
							]
						},
						{
							"origin": [
								0.5,
								5.5,
								5
							],
							"size": [
								0,
								1,
								2
							],
							"uv": [
								0,
								0
							]
						},
						{
							"origin": [
								-1,
								4,
								-8.8
							],
							"size": [
								2,
								2,
								12
							],
							"inflate": -0.2,
							"uv": [
								0,
								0
							]
						},
						{
							"origin": [
								-1,
								3,
								-3
							],
							"size": [
								2,
								2,
								6
							],
							"uv": [
								0,
								14
							]
						},
						{
							"origin": [
								-1,
								4,
								-5
							],
							"size": [
								2,
								1,
								2
							],
							"uv": [
								0,
								9
							]
						}
					]
				},
				{
					"name": "bolt",
					"parent": "root",
					"pivot": [
						1,
						5,
						-1.5
					],
					"cubes": [
						{
							"origin": [
								0,
								4.5,
								-2
							],
							"size": [
								2,
								1,
								1
							],
							"inflate": -0.2,
							"uv": [
								6,
								9
							]
						}
					]
				}
			]
		}
	]
}