{
	"format_version": "1.12.0",
	"minecraft:geometry": [
		{
			"description": {
				"identifier": "geometry.pillar",
				"texture_width": 16,
				"texture_height": 16,
				"visible_bounds_width": 2,
				"visible_bounds_height": 2.5,
				"visible_bounds_offset": [
					0,
					0.75,
					0
				]
			},
			"bones": [
				{
					"name": "bone",
					"pivot": [
						0,
						8,
						0
					],
					"cubes": [
						{
							"origin": [
								-4,
								0,
								-4
							],
							"size": [
								8,
								16,
								8
							],
							"uv": {
								"north": {
									"uv": [
										8,
										0
									],
									"uv_size": [
										8,
										16
									]
								},
								"east": {
									"uv": [
										0,
										0
									],
									"uv_size": [
										8,
										16
									]
								},
								"south": {
									"uv": [
										8,
										0
									],
									"uv_size": [
										8,
										16
									]
								},
								"west": {
									"uv": [
										0,
										0
									],
									"uv_size": [
										8,
										16
									]
								},
								"up": {
									"uv": [
										4,
										4
									],
									"uv_size": [
										8,
										8
									]
								},
								"down": {
									"uv": [
										4,
										12
									],
									"uv_size": [
										8,
										-8
									]
								}
							}
						}
					]
				}
			]
		}
	]
}