{
	"format_version": "1.16.0",
	"minecraft:geometry": [
		{
			"description": {
				"identifier": "geometry.pistol",
				"texture_width": 64,
				"texture_height": 64,
				"visible_bounds_width": 2,
				"visible_bounds_height": 2.5,
				"visible_bounds_offset": [
					0,
					0.75,
					0
				]
			},
			"bones": [
				{
					"name": "root",
					"pivot": [
						0,
						0,
						0
					],
					"binding": "q.item_slot_to_bone_name(c.item_slot)",
					"cubes": [
						{
							"origin": [
								-1,
								0,
								3
							],
							"size": [
								2,
								5,
								3
							],
							"pivot": [
								0,
								4,
								4
							],
							"rotation": [
								25,
								0,
								0
							],
							"uv": [
								13,
								12
							]
						},
						{
							"origin": [
								0,
								2,
								0
							],
							"size": [
								0,
								4,
								3
							],
							"pivot": [
								0,
								4,
								4
							],
							"rotation": [
								25,
								0,
								0
							],
							"uv": [
								0,
								0
							]
						},
						{
							"origin": [
								-1,
								4,
								-3
							],
							"size": [
								2,
								2,
								9
							],
							"inflate": 0.1,
							"uv": [
								0,
								0
							]
						},
						{
							"origin": [
								-0.5,
								6,
								-4
							],
							"size": [
								1,
								1,
								9
							],
							"inflate": 0.1,
							"uv": [
								13,
								2
							]
						}
					]
				},
				{
					"name": "hammer",
					"parent": "root",
					"pivot": [
						0,
						7,
						1
					],
					"cubes": [
						{
							"origin": [
								0,
								6.75,
								-3
							],
							"size": [
								0,
								1,
								1
							],
							"uv": [
								0,
								0
							]
						},
						{
							"origin": [
								-1,
								6,
								-3
							],
							"size": [
								2,
								1,
								9
							],
							"inflate": 0.15,
							"uv": [
								0,
								11
							]
						},
						{
							"origin": [
								0.5,
								6.75,
								4
							],
							"size": [
								0,
								1,
								2
							],
							"uv": [
								4,
								0
							]
						},
						{
							"origin": [
								-0.5,
								6.75,
								4
							],
							"size": [
								0,
								1,
								2
							],
							"uv": [
								0,
								0
							]
						}
					]
				}
			]
		}
	]
}