{
	"format_version": "1.16.0",
	"minecraft:entity": {
		"description": {
			"identifier": "nubs:automatic_pistol_silencer_bullet",
			"is_spawnable": false,
			"is_summonable": false,
			"is_experimental": false,
			"runtime_identifier": "minecraft:snowball"
		},
		"component_groups": {
			"nubs:despawn_bullet": {
				"minecraft:instant_despawn": {
					"remove_child_entities": true
				}
			}
		},
		"components": {
			"minecraft:physics": {},
			"minecraft:pushable": {
				"is_pushable": true,
				"is_pushable_by_piston": true
			},
			"minecraft:break_blocks": {
				"breakable_blocks": [
					"minecraft:glass",
					"minecraft:glass_pane",
					"minecraft:stained_glass",
					"minecraft:stained_glass_pane",
					"minecraft:tinted_glass"
				]
			},
			"minecraft:collision_box": {
				"width": 0.25,
				"height": 0.25
			},
			"minecraft:projectile": {
				"on_hit": {
					"impact_damage": {
						"damage": 7,
						"knockback": true,
						"semi_random_diff_damage": false,
						"destroy_on_hit": true
					},
					"stick_in_ground": {
						"shake_time": 0.25
					}
				},
				"power": 7,
				"gravity": 0,
				"uncertainty_base": 1.5,
				"uncertainty_multiplier": 0,
				"anchor": 1,
				"should_bounce": true,
				"multiple_targets": true,
				"offset": [
					0,
					0,
					0
				],
				"liquid_inertia": 0.5
			},
			"minecraft:timer": {
				"looping": false,
				"randomInterval": false,
				"time_down_event": {
					"event": "nubs:bullet_despawn_event"
				},
				"time": [
					2,
					2
				]
			}
		},
		"events": {
			"nubs:bullet_despawn_event": {
				"add": {
					"component_groups": [
						"nubs:despawn_bullet"
					]
				}
			}
		}
	}
}