{
	"format_version": "1.8.0",
	"minecraft:client_entity": {
		"description": {
			"identifier": "nubs:alligator",
			"min_engine_version": "1.8.0",
			"materials": {
				"default": "spider"
			},
			"textures": {
				"default": "textures/entity/nubs_alligator"
			},
			"geometry": {
				"default": "geometry.alligator"
			},
			"animations": {
				"default_leg_pose": "animation.quadruped.setup",
				"look_at_target": "animation.spider.look_at_target",
				"walk": "animation.quadruped.walk"
			},
			"animation_controllers": [
				{
					"move": "controller.animation.spider.move"
				}
			],
			"render_controllers": [
				"controller.render.skeleton"
			],
			"spawn_egg": {
				"texture": "nubs:alligator",
				"texture_index": 0
			}
		}
	}
}