{
	"format_version": "1.10.0",
	"minecraft:client_entity": {
		"description": {
			"identifier": "nubs:laser_pistol_bullet",
			"materials": {
				"default": "spider"
			},
			"textures": {
				"default": "textures/guns/projectiles/nubs_green_laser"
			},
			"geometry": {
				"default": "geometry.medium_laser"
			},
			"animations": {
				"setup": "animation.laser.shot"
			},
			"scripts": {
				"pre_animation": [
					"variable.shake = query.shake_time - query.frame_alpha;",
					"variable.shake_power = variable.shake > 0.0 ? -Math.sin(variable.shake * 200.0) * variable.shake : 0.0;"
				],
				"animate": [
					"setup"
				]
			},
			"render_controllers": [
				"controller.render.spider"
			]
		}
	}
}