{
	"format_version": "1.8.0",
	"minecraft:client_entity": {
		"description": {
			"identifier": "nubs:tube_worm",
			"min_engine_version": "1.8.0",
			"materials": {
				"default": "skeleton"
			},
			"textures": {
				"default": "textures/entity/nubs_tube_worm"
			},
			"geometry": {
				"default": "geometry.tube_worm"
			},
			"animations": {
				"swim": "animation.tube_worm.swim",
				"flop": "animation.tube_worm.swim"
			},
			"animation_controllers": [
				{
					"move": "controller.animation.fish.general"
				}
			],
			"render_controllers": [
				"controller.render.skeleton"
			],
			"spawn_egg": {
				"texture": "nubs:tube_worm",
				"texture_index": 0
			}
		}
	}
}