{
	"format_version": "1.10.0",
	"minecraft:client_entity": {
		"description": {
			"identifier": "nubs:willow_boat",
			"materials": {
				"default": "entity_alphatest",
				"water": "entity_alphablend"
			},
			"textures": {
				"default": "textures/entity/nubs_willow_boat"
			},
			"geometry": {
				"default": "geometry.boat_geometry"
			},
			"render_controllers": [
				"controller.render.custom_boat"
			],
			"animations": {
				"setup": "animation.boat_geometry.setup",
				"move": "animation.boat_geometry.move"
			},
			"scripts": {
				"animate": [
					"setup",
					{
						"move": "query.is_moving"
					}
				]
			}
		}
	}
}