{
	"format_version": "1.16.100",
	"minecraft:block": {
		"description": {
			"identifier": "nubs:dirty_redwood_planks"
		},
		"components": {
			"minecraft:destroy_time": 1,
			"minecraft:friction": 0.6,
			"minecraft:map_color": "#180000",
			"minecraft:flammable": {
				"flame_odds": 1,
				"burn_odds": 1
			},
			"minecraft:block_light_absorption": 15,
			"minecraft:block_light_emission": 0,
			"minecraft:explosion_resistance": 3,
			"minecraft:creative_category": {
				"group": "none",
				"category": "none"
			},
			"minecraft:on_interact": {
				"event": "nubs:clear_block",
				"target": "self",
				"condition": "query.is_item_name_any('slot.weapon.mainhand',0,'minecraft:diamond_shovel','minecraft:golden_shovel','minecraft:iron_shovel','minecraft:netherite_shovel','minecraft:stone_shovel','minecraft:wooden_shovel')"
			}
		},
		"events": {
			"nubs:clear_block": {
				"swing": {},
				"damage": {
					"type": "durability",
					"amount": 1,
					"target": "item"
				},
				"run_command": {
					"command": [
						"setblock ~~~ nubs:redwood_planks"
					]
				}
			}
		}
	}
}