{
	"format_version": "1.16.100",
	"minecraft:block": {
		"description": {
			"identifier": "nubs:redwood_planks"
		},
		"components": {
			"minecraft:destroy_time": 1,
			"minecraft:friction": 0.6,
			"minecraft:map_color": "#180000",
			"minecraft:flammable": {
				"flame_odds": 1,
				"burn_odds": 1
			},
			"minecraft:block_light_absorption": 15,
			"minecraft:block_light_emission": 0,
			"minecraft:explosion_resistance": 3,
			"tag:wood": {},
			"minecraft:creative_category": {
				"group": "none",
				"category": "none"
			}
		},
		"events": {}
	}
}