{
	"format_version": "1.17.0",
	"minecraft:block": {
		"description": {
			"identifier": "nubs:redwood_boards",
			"properties": {
				"nubs:direction": [
					0,
					1,
					2,
					3
				]
			}
		},
		"components": {
			"minecraft:on_player_placing": {
				"event": "facing_direction",
				"target": "self"
			},
			"minecraft:on_placed": {
				"event": "facing_direction",
				"target": "self"
			},
			"minecraft:destroy_time": 1,
			"minecraft:explosion_resistance": 5,
			"minecraft:map_color": "#3D3D3D",
			"minecraft:block_light_absorption": 0,
			"minecraft:geometry": "geometry.boards",
			"minecraft:material_instances": {
				"*": {
					"texture": "nubs_redwood_planks",
					"render_method": "alpha_test"
				}
			},
			"minecraft:placement_filter": {
				"conditions": [
					{
						"allowed_faces": [
							"side"
						]
					}
				]
			},
			"minecraft:entity_collision": {
				"origin": [
					-8,
					0,
					6
				],
				"size": [
					16,
					16,
					2
				]
			},
			"minecraft:pick_collision": {
				"origin": [
					-8,
					0,
					6
				],
				"size": [
					16,
					16,
					2
				]
			},
			"minecraft:creative_category": {
				"group": "none",
				"category": "none"
			}
		},
		"permutations": [
			{
				"condition": "query.block_property('nubs:direction') == 0",
				"components": {
					"minecraft:rotation": [
						0,
						180,
						0
					]
				}
			},
			{
				"condition": "query.block_property('nubs:direction') == 1",
				"components": {
					"minecraft:rotation": [
						0,
						0,
						0
					]
				}
			},
			{
				"condition": "query.block_property('nubs:direction') == 2",
				"components": {
					"minecraft:rotation": [
						0,
						-90,
						0
					]
				}
			},
			{
				"condition": "query.block_property('nubs:direction') == 3",
				"components": {
					"minecraft:rotation": [
						0,
						90,
						0
					]
				}
			}
		],
		"events": {
			"facing_direction": {
				"set_block_property": {
					"nubs:direction": "query.cardinal_facing_2d-2"
				}
			}
		}
	}
}