{
	"format_version": "1.16.100",
	"minecraft:block": {
		"description": {
			"identifier": "nubs:orange_everglades_leaves"
		},
		"components": {
			"minecraft:destroy_time": 0.3,
			"minecraft:friction": 0.6,
			"minecraft:map_color": "#180000",
			"minecraft:flammable": {
				"flame_odds": 1,
				"burn_odds": 1
			},
			"minecraft:block_light_absorption": 7,
			"minecraft:block_light_emission": 0,
			"minecraft:explosion_resistance": 3,
			"minecraft:material_instances": {
				"*": {
					"render_method": "blend",
					"texture": "nubs_orange_everglades_leaves"
				}
			},
			"minecraft:unit_cube": {},
			"minecraft:breathability": "air",
			"minecraft:geometry": "geometry.transparent_block",
			"minecraft:creative_category": {
				"group": "none",
				"category": "none"
			}
		},
		"events": {}
	}
}