{
	"format_version": "1.16.100",
	"minecraft:block": {
		"description": {
			"identifier": "nubs:rotten_redwood_planks",
			"properties": {
				"nubs:rot": [
					0,
					1,
					2,
					3,
					4
				],
				"nubs:stored_rot": [
					0,
					1,
					2,
					3,
					4
				]
			}
		},
		"components": {
			"minecraft:destroy_time": 1,
			"minecraft:unit_cube": {},
			"minecraft:material_instances": {
				"*": {
					"texture": "nubs_rotten_redwood_planks_0",
					"render_method": "alpha_test"
				}
			},
			"minecraft:map_color": "#000000",
			"minecraft:flammable": {
				"burn_odds": 50,
				"flame_odds": 50
			},
			"minecraft:explosion_resistance": 0.1,
			"minecraft:on_step_on": {
				"event": "nubs:rot"
			},
			"minecraft:loot": "loot_tables/blocks/rotten_planks.json",
			"minecraft:creative_category": {
				"group": "none",
				"category": "none"
			},
			"minecraft:on_interact": {
				"event": "nubs:fix_block",
				"target": "self",
				"condition": "query.is_item_name_any('slot.weapon.mainhand',0,'nubs:nails')"
			}
		},
		"events": {
			"nubs:fix_block": {
				"swing": {},
				"decrement_stack": {},
				"run_command": {
					"command": [
						"setblock ~~~ nubs:redwood_planks"
					]
				}
			},
			"nubs:rot": {
				"sequence": [
					{
						"set_block_property": {
							"nubs:rot": "(query.block_property('nubs:rot')<4) ? query.block_property('nubs:rot')+1"
						}
					},
					{
						"set_block_property": {
							"nubs:stored_rot": 0
						}
					},
					{
						"run_command": {
							"command": [
								"playsound step.wood @a[r=10]"
							]
						}
					}
				]
			},
			"nubs:break": {
				"run_command": {
					"command": [
						"fill ~~~ ~~~ air 0 destroy"
					]
				}
			},
			"nubs:stored_1": {
				"sequence": [
					{
						"set_block_property": {
							"nubs:rot": 0
						}
					},
					{
						"set_block_property": {
							"nubs:stored_rot": 1
						}
					}
				]
			},
			"nubs:stored_2": {
				"sequence": [
					{
						"set_block_property": {
							"nubs:rot": 0
						}
					},
					{
						"set_block_property": {
							"nubs:stored_rot": 2
						}
					}
				]
			},
			"nubs:stored_3": {
				"sequence": [
					{
						"set_block_property": {
							"nubs:rot": 0
						}
					},
					{
						"set_block_property": {
							"nubs:stored_rot": 3
						}
					}
				]
			},
			"nubs:stored_4": {
				"sequence": [
					{
						"set_block_property": {
							"nubs:rot": 0
						}
					},
					{
						"set_block_property": {
							"nubs:stored_rot": 4
						}
					}
				]
			},
			"nubs:weaken_2": {
				"sequence": [
					{
						"set_block_property": {
							"nubs:rot": 2
						}
					},
					{
						"set_block_property": {
							"nubs:stored_rot": 0
						}
					},
					{
						"run_command": {
							"command": [
								"playsound step.wood @a[r=10]"
							]
						}
					}
				]
			},
			"nubs:weaken_3": {
				"sequence": [
					{
						"set_block_property": {
							"nubs:rot": 3
						}
					},
					{
						"set_block_property": {
							"nubs:stored_rot": 0
						}
					},
					{
						"run_command": {
							"command": [
								"playsound step.wood @a[r=10]"
							]
						}
					}
				]
			},
			"nubs:weaken_4": {
				"sequence": [
					{
						"set_block_property": {
							"nubs:rot": 4
						}
					},
					{
						"set_block_property": {
							"nubs:stored_rot": 0
						}
					},
					{
						"run_command": {
							"command": [
								"playsound step.wood @a[r=10]"
							]
						}
					}
				]
			}
		},
		"permutations": [
			{
				"condition": "query.block_property('nubs:rot') == 0",
				"components": {
					"minecraft:material_instances": {
						"*": {
							"texture": "nubs_rotten_redwood_planks_0",
							"render_method": "opaque"
						}
					},
					"minecraft:ticking": {
						"looping": false,
						"range": [
							0,
							0
						],
						"on_tick": {
							"event": "placeholder"
						}
					}
				}
			},
			{
				"condition": "query.block_property('nubs:rot') == 1",
				"components": {
					"minecraft:material_instances": {
						"*": {
							"texture": "nubs_rotten_redwood_planks_1",
							"render_method": "opaque"
						}
					},
					"minecraft:ticking": {
						"looping": false,
						"range": [
							1,
							1
						],
						"on_tick": {
							"event": "nubs:rot"
						}
					},
					"minecraft:on_step_off": {
						"event": "nubs:stored_1"
					}
				}
			},
			{
				"condition": "query.block_property('nubs:rot') == 2",
				"components": {
					"minecraft:material_instances": {
						"*": {
							"texture": "nubs_rotten_redwood_planks_2",
							"render_method": "opaque"
						}
					},
					"minecraft:ticking": {
						"looping": false,
						"range": [
							0.5,
							0.5
						],
						"on_tick": {
							"event": "nubs:rot"
						}
					},
					"minecraft:on_step_off": {
						"event": "nubs:stored_2"
					}
				}
			},
			{
				"condition": "query.block_property('nubs:rot') == 3",
				"components": {
					"minecraft:material_instances": {
						"*": {
							"texture": "nubs_rotten_redwood_planks_3",
							"render_method": "opaque"
						}
					},
					"minecraft:ticking": {
						"looping": false,
						"range": [
							0.25,
							0.25
						],
						"on_tick": {
							"event": "nubs:rot"
						}
					},
					"minecraft:on_step_off": {
						"event": "nubs:stored_3"
					}
				}
			},
			{
				"condition": "query.block_property('nubs:rot') == 4",
				"components": {
					"minecraft:material_instances": {
						"*": {
							"texture": "nubs_rotten_redwood_planks_4",
							"render_method": "opaque"
						}
					},
					"minecraft:ticking": {
						"looping": false,
						"range": [
							0.125,
							0.125
						],
						"on_tick": {
							"event": "nubs:break"
						}
					},
					"minecraft:on_step_off": {
						"event": "nubs:stored_4"
					}
				}
			},
			{
				"condition": "query.block_property('nubs:stored_rot') == 1",
				"components": {
					"minecraft:material_instances": {
						"*": {
							"texture": "nubs_rotten_redwood_planks_1",
							"render_method": "opaque"
						}
					},
					"minecraft:ticking": {
						"looping": false,
						"range": [
							1,
							1
						],
						"on_tick": {
							"event": "placeholder"
						}
					},
					"minecraft:on_step_on": {
						"event": "nubs:weaken_2"
					}
				}
			},
			{
				"condition": "query.block_property('nubs:stored_rot') == 2",
				"components": {
					"minecraft:material_instances": {
						"*": {
							"texture": "nubs_rotten_redwood_planks_2",
							"render_method": "opaque"
						}
					},
					"minecraft:ticking": {
						"looping": false,
						"range": [
							0.5,
							0.5
						],
						"on_tick": {
							"event": "placeholder"
						}
					},
					"minecraft:on_step_on": {
						"event": "nubs:weaken_3"
					}
				}
			},
			{
				"condition": "query.block_property('nubs:stored_rot') == 3",
				"components": {
					"minecraft:material_instances": {
						"*": {
							"texture": "nubs_rotten_redwood_planks_3",
							"render_method": "opaque"
						}
					},
					"minecraft:ticking": {
						"looping": false,
						"range": [
							0.25,
							0.25
						],
						"on_tick": {
							"event": "placeholder"
						}
					},
					"minecraft:on_step_on": {
						"event": "nubs:weaken_4"
					}
				}
			},
			{
				"condition": "query.block_property('nubs:stored_rot') == 4",
				"components": {
					"minecraft:material_instances": {
						"*": {
							"texture": "nubs_rotten_redwood_planks_4",
							"render_method": "opaque"
						}
					},
					"minecraft:ticking": {
						"looping": false,
						"range": [
							0.125,
							0.125
						],
						"on_tick": {
							"event": "placeholder"
						}
					},
					"minecraft:on_step_on": {
						"event": "nubs:break"
					}
				}
			}
		]
	}
}