{
	"format_version": "1.16.0",
	"minecraft:block": {
		"description": {
			"identifier": "nubs:blood_hive_entrance",
			"is_experimental": false,
			"register_to_creative_menu": true
		},
		"components": {
			"minecraft:destroy_time": 0.5,
			"minecraft:friction": 0.6,
			"minecraft:map_color": "#590600",
			"minecraft:flammable": {
				"flame_odds": 0,
				"burn_odds": 0
			},
			"minecraft:block_light_absorption": 0,
			"minecraft:block_light_emission": 0,
			"minecraft:explosion_resistance": 0.5,
			"minecraft:creative_category": {
				"category": "commands",
				"group": "commands"
			}
		}
	}
}