{
	"format_version": "1.16.100",
	"minecraft:block": {
		"description": {
			"identifier": "nubs:redwood_log",
			"properties": {
				"nubs:direction": [
					0,
					1,
					2
				]
			}
		},
		"components": {
			"minecraft:destroy_time": 2,
			"minecraft:friction": 0.6,
			"minecraft:flammable": {
				"burn_odds": 1,
				"flame_odds": 1
			},
			"minecraft:on_player_placing": {
				"event": "set_direction"
			},
			"minecraft:unit_cube": {},
			"minecraft:material_instances": {
				"*": {
					"texture": "nubs_redwood_log_side",
					"render_method": "opaque"
				},
				"ends": {
					"texture": "nubs_redwood_log_up",
					"render_method": "opaque"
				},
				"up": {
					"texture": "nubs_redwood_log_up",
					"render_method": "opaque"
				},
				"down": {
					"texture": "nubs_redwood_log_down",
					"render_method": "opaque"
				}
			},
			"tag:wood": {},
			"minecraft:creative_category": {
				"group": "none",
				"category": "none"
			}
		},
		"permutations": [
			{
				"condition": "query.block_property('nubs:direction') == 0",
				"components": {
					"minecraft:rotation": [
						0,
						0,
						0
					]
				}
			},
			{
				"condition": "query.block_property('nubs:direction') == 1",
				"components": {
					"minecraft:rotation": [
						90,
						0,
						0
					]
				}
			},
			{
				"condition": "query.block_property('nubs:direction') == 2",
				"components": {
					"minecraft:rotation": [
						0,
						0,
						90
					]
				}
			}
		],
		"events": {
			"set_direction": {
				"set_block_property": {
					"nubs:direction": "math.floor(query.block_face/2)"
				}
			}
		}
	}
}