{
	"format_version": "1.16.100",
	"minecraft:block": {
		"description": {
			"identifier": "nubs:everglades_grass",
			"is_experimental": false,
			"register_to_creative_menu": true
		},
		"components": {
			"minecraft:destroy_time": 0.5,
			"minecraft:friction": 0.6,
			"minecraft:map_color": "#302720",
			"minecraft:flammable": {
				"flame_odds": 0,
				"burn_odds": 0
			},
			"minecraft:block_light_absorption": 15,
			"minecraft:block_light_emission": 0,
			"minecraft:explosion_resistance": 0.5,
			"minecraft:creative_category": {
				"group": "none",
				"category": "none"
			}
		},
		"events": {}
	}
}