{
	"format_version": "1.20.20",
	"minecraft:block": {
		"description": {
			"identifier": "nubs:vine_rod",
			"menu_category": {
				"group": "commands",
				"category": "commands"
			}
		},
		"components": {
			"minecraft:destructible_by_mining": {
				"seconds_to_destroy": 0.5
			},
			"minecraft:destructible_by_explosion": true,
			"minecraft:flammable": true,
			"minecraft:geometry": "geometry.crop",
			"minecraft:collision_box": false,
			"minecraft:selection_box": {
				"origin": [
					-6,
					0,
					-6
				],
				"size": [
					12,
					16,
					12
				]
			},
			"minecraft:on_interact": {
				"event": "set_crop",
				"condition": "query.equipped_item_any_tag('slot.weapon.mainhand','crop')"
			},
			"minecraft:placement_filter": {
				"conditions": [
					{
						"allowed_faces": [
							"up"
						],
						"block_filter": [
							"farmland",
							"nubs:vine_rod",
							"nubs:tomato_vines"
						]
					}
				]
			},
			"minecraft:loot": "loot_tables/blocks/vine_rod.json",
			"minecraft:material_instances": {
				"*": {
					"texture": "nubs_vine_rod",
					"render_method": "alpha_test"
				}
			},
			"minecraft:queued_ticking": {
				"interval_range": [
					10,
					10
				],
				"looping": true,
				"on_tick": {
					"event": "nubs:destroy",
					"condition": "q.block_neighbor_has_any_tag(1,0,0,'water')||q.block_neighbor_has_any_tag(-1,0,0,'water')||q.block_neighbor_has_any_tag(0,0,1,'water')||q.block_neighbor_has_any_tag(0,0,-1,'water')||q.block_neighbor_has_any_tag(0,1,0,'water')"
				}
			}
		},
		"events": {
			"set_crop": {
				"sequence": [
					{
						"condition": "query.get_equipped_item_name('main_hand')=='tomato'",
						"trigger": {
							"event": "set_tomato"
						}
					}
				]
			},
			"set_tomato": {
				"sequence": [
					{
						"decrement_stack": {}
					},
					{
						"run_command": {
							"command": [
								"particle minecraft:crop_growth_emitter ~~~"
							]
						}
					},
					{
						"set_block": {
							"block_type": "nubs:tomato_vines"
						}
					}
				]
			},
			"nubs:destroy": {
				"run_command": {
					"command": [
						"setblock ~~~ air destroy"
					]
				}
			}
		},
		"permutations": []
	}
}