{
	"format_version": "1.20.20",
	"minecraft:block": {
		"description": {
			"identifier": "nubs:tomato_vines",
			"menu_category": {
				"category": "none"
			},
			"states": {
				"nubs:growth_stage": [
					0,
					1,
					2,
					3,
					4,
					5
				]
			}
		},
		"components": {
			"minecraft:destructible_by_mining": {
				"seconds_to_destroy": 0.5
			},
			"minecraft:destructible_by_explosion": true,
			"minecraft:flammable": true,
			"minecraft:collision_box": false,
			"minecraft:geometry": "geometry.crop",
			"minecraft:loot": "loot_tables/crops/tomato_0.json",
			"minecraft:random_ticking": {
				"on_tick": {
					"event": "nubs:grow",
					"condition": "q.block_state('nubs:growth_stage')<5"
				}
			},
			"minecraft:queued_ticking": {
				"interval_range": [
					10,
					10
				],
				"looping": true,
				"on_tick": {
					"event": "nubs:destroy",
					"condition": "q.block_neighbor_has_any_tag(1,0,0,'water')||q.block_neighbor_has_any_tag(-1,0,0,'water')||q.block_neighbor_has_any_tag(0,0,1,'water')||q.block_neighbor_has_any_tag(0,0,-1,'water')||q.block_neighbor_has_any_tag(0,1,0,'water')"
				}
			},
			"minecraft:on_interact": {
				"event": "nubs:fertilize",
				"condition": "q.is_item_name_any('slot.weapon.mainhand','minecraft:bone_meal')&&q.block_state('nubs:growth_stage')<5"
			},
			"minecraft:selection_box": {
				"origin": [
					-6,
					0,
					-6
				],
				"size": [
					12,
					16,
					12
				]
			}
		},
		"events": {
			"nubs:destroy": {
				"run_command": {
					"command": [
						"setblock ~~~ air destroy"
					]
				}
			},
			"nubs:grow": {
				"randomize": [
					{
						"weight": 1,
						"set_block_state": {
							"nubs:growth_stage": "q.block_state('nubs:growth_stage') + 1"
						}
					},
					{
						"weight": 2
					}
				]
			},
			"nubs:fertilize": {
				"decrement_stack": {},
				"run_command": {
					"command": [
						"particle minecraft:crop_growth_emitter ~~~",
						"playsound item.bone_meal.use @a ~~~"
					]
				},
				"trigger": {
					"event": "nubs:grow"
				}
			}
		},
		"permutations": [
			{
				"condition": "q.block_state('nubs:growth_stage') == 0",
				"components": {
					"minecraft:material_instances": {
						"*": {
							"texture": "nubs_tomato_vines_stage_0",
							"render_method": "alpha_test"
						}
					},
					"minecraft:placement_filter": {
						"conditions": [
							{
								"allowed_faces": [
									"up"
								],
								"block_filter": [
									"minecraft:farmland",
									{
										"name": "nubs:tomato_vines",
										"tags": "query.any_tag('large_tomato')"
									}
								]
							}
						]
					},
					"tag:small_tomato": {}
				}
			},
			{
				"condition": "q.block_state('nubs:growth_stage') == 1",
				"components": {
					"minecraft:material_instances": {
						"*": {
							"texture": "nubs_tomato_vines_stage_1",
							"render_method": "alpha_test"
						}
					},
					"minecraft:placement_filter": {
						"conditions": [
							{
								"allowed_faces": [
									"up"
								],
								"block_filter": [
									"minecraft:farmland",
									{
										"name": "nubs:tomato_vines",
										"tags": "query.any_tag('large_tomato')"
									}
								]
							}
						]
					},
					"tag:small_tomato": {}
				}
			},
			{
				"condition": "q.block_state('nubs:growth_stage') == 2",
				"components": {
					"minecraft:material_instances": {
						"*": {
							"texture": "nubs_tomato_vines_stage_2",
							"render_method": "alpha_test"
						}
					},
					"minecraft:placement_filter": {
						"conditions": [
							{
								"allowed_faces": [
									"up"
								],
								"block_filter": [
									"minecraft:farmland",
									{
										"name": "nubs:tomato_vines",
										"tags": "query.any_tag('large_tomato')"
									}
								]
							}
						]
					},
					"tag:small_tomato": {}
				}
			},
			{
				"condition": "q.block_state('nubs:growth_stage') == 3",
				"components": {
					"minecraft:material_instances": {
						"*": {
							"texture": "nubs_tomato_vines_stage_3",
							"render_method": "alpha_test"
						}
					},
					"minecraft:placement_filter": {
						"conditions": [
							{
								"allowed_faces": [
									"up"
								],
								"block_filter": [
									"minecraft:farmland",
									"nubs:vine_rod",
									{
										"name": "nubs:tomato_vines",
										"tags": "query.any_tag('large_tomato')"
									}
								]
							}
						]
					},
					"tag:large_tomato": {}
				}
			},
			{
				"condition": "q.block_state('nubs:growth_stage') == 4",
				"components": {
					"minecraft:material_instances": {
						"*": {
							"texture": "nubs_tomato_vines_stage_4",
							"render_method": "alpha_test"
						}
					},
					"minecraft:placement_filter": {
						"conditions": [
							{
								"allowed_faces": [
									"up"
								],
								"block_filter": [
									"minecraft:farmland",
									"nubs:vine_rod",
									{
										"name": "nubs:tomato_vines",
										"tags": "query.any_tag('large_tomato')"
									}
								]
							}
						]
					},
					"tag:large_tomato": {}
				}
			},
			{
				"condition": "q.block_state('nubs:growth_stage') == 5",
				"components": {
					"minecraft:material_instances": {
						"*": {
							"texture": "nubs_tomato_vines_stage_5",
							"render_method": "alpha_test"
						}
					},
					"minecraft:loot": "loot_tables/crops/tomato_1.json",
					"minecraft:placement_filter": {
						"conditions": [
							{
								"allowed_faces": [
									"up"
								],
								"block_filter": [
									"minecraft:farmland",
									"nubs:vine_rod",
									{
										"name": "nubs:tomato_vines",
										"tags": "query.any_tag('large_tomato')"
									}
								]
							}
						]
					},
					"tag:large_tomato": {}
				}
			}
		]
	}
}