{
	"format_version": "1.20.20",
	"minecraft:block": {
		"description": {
			"identifier": "nubs:scorched_door_tile",
			"menu_category": {
				"group": "commands",
				"category": "commands"
			},
			"states": {
				"nubs:open_bit": [
					false,
					true
				],
				"nubs:direction": [
					0,
					1,
					2,
					3
				],
				"nubs:upper_block_bit": [
					false,
					true
				],
				"nubs:door_hinge_bit": [
					false,
					true
				],
				"nubs:placed": [
					false,
					true
				],
				"nubs:interacted": [
					false,
					true
				]
			}
		},
		"components": {
			"minecraft:destructible_by_mining": {
				"seconds_to_destroy": 0.8
			},
			"minecraft:destructible_by_explosion": true,
			"minecraft:geometry": "geometry.door_default",
			"minecraft:material_instances": {
				"*": {
					"texture": "nubs_scorched_door_upper",
					"render_method": "alpha_test"
				}
			},
			"minecraft:on_player_placing": {
				"event": "nubs:setup",
				"target": "self"
			},
			"minecraft:on_placed": {
				"condition": "!query.block_state('nubs:upper_block_bit')",
				"event": "nubs:set_child",
				"target": "self"
			},
			"minecraft:on_interact": {
				"event": "interacted",
				"target": "self"
			},
			"minecraft:queued_ticking": {
				"looping": true,
				"interval_range": [
					0,
					0
				],
				"on_tick": {
					"event": "set_update",
					"target": "self",
					"condition": "query.block_state('nubs:interacted')==true"
				}
			},
			"tag:door": {}
		},
		"permutations": [
			{
				"condition": "!query.block_state('nubs:upper_block_bit') && query.block_state('nubs:placed')",
				"components": {
					"minecraft:loot": "loot_tables/blocks/scorched_door.json"
				}
			},
			{
				"condition": "query.block_state('nubs:upper_block_bit')",
				"components": {
					"minecraft:loot": "loot_tables/empty.json",
					"minecraft:material_instances": {
						"down": {
							"texture": "nubs_air",
							"render_method": "alpha_test"
						},
						"*": {
							"texture": "nubs_scorched_door_upper",
							"render_method": "alpha_test"
						}
					},
					"minecraft:placement_filter": {
						"conditions": [
							{
								"block_filter": [
									"nubs:scorched_door_tile"
								],
								"allowed_faces": [
									"up"
								]
							}
						]
					},
					"minecraft:on_player_destroyed": {
						"event": "destroy"
					}
				}
			},
			{
				"condition": "!query.block_state('nubs:upper_block_bit')",
				"components": {
					"minecraft:material_instances": {
						"up": {
							"texture": "nubs_air",
							"render_method": "alpha_test"
						},
						"*": {
							"texture": "nubs_scorched_door_lower",
							"render_method": "alpha_test"
						}
					}
				}
			},
			{
				"condition": "!query.block_state('nubs:open_bit') && query.block_state('nubs:door_hinge_bit') == false",
				"components": {
					"minecraft:geometry": "geometry.door_left_closed",
					"minecraft:collision_box": {
						"origin": [
							-8,
							0,
							-8
						],
						"size": [
							16,
							16,
							3
						]
					},
					"minecraft:selection_box": {
						"origin": [
							-8,
							0,
							-8
						],
						"size": [
							16,
							16,
							3
						]
					},
					"tag:left_door": {}
				}
			},
			{
				"condition": "!query.block_state('nubs:open_bit') && query.block_state('nubs:door_hinge_bit')",
				"components": {
					"minecraft:geometry": "geometry.door_right_closed",
					"minecraft:collision_box": {
						"origin": [
							-8,
							0,
							-8
						],
						"size": [
							16,
							16,
							3
						]
					},
					"minecraft:selection_box": {
						"origin": [
							-8,
							0,
							-8
						],
						"size": [
							16,
							16,
							3
						]
					}
				}
			},
			{
				"condition": "query.block_state('nubs:open_bit') && query.block_state('nubs:door_hinge_bit') == false",
				"components": {
					"minecraft:geometry": "geometry.door_left_opened",
					"minecraft:collision_box": {
						"origin": [
							-8,
							0,
							-8
						],
						"size": [
							3,
							16,
							16
						]
					},
					"minecraft:selection_box": {
						"origin": [
							-8,
							0,
							-8
						],
						"size": [
							3,
							16,
							16
						]
					},
					"tag:left_door": {}
				}
			},
			{
				"condition": "query.block_state('nubs:open_bit') && query.block_state('nubs:door_hinge_bit')",
				"components": {
					"minecraft:geometry": "geometry.door_right_opened",
					"minecraft:collision_box": {
						"origin": [
							5,
							0,
							-8
						],
						"size": [
							3,
							16,
							16
						]
					},
					"minecraft:selection_box": {
						"origin": [
							5,
							0,
							-8
						],
						"size": [
							3,
							16,
							16
						]
					}
				}
			},
			{
				"condition": "query.block_state('nubs:direction') == 0",
				"components": {
					"minecraft:transformation": {
						"rotation": [
							0,
							90,
							0
						]
					}
				}
			},
			{
				"condition": "query.block_state('nubs:direction') == 1",
				"components": {
					"minecraft:transformation": {
						"rotation": [
							0,
							0,
							0
						]
					}
				}
			},
			{
				"condition": "query.block_state('nubs:direction') == 2",
				"components": {
					"minecraft:transformation": {
						"rotation": [
							0,
							-90,
							0
						]
					}
				}
			},
			{
				"condition": "query.block_state('nubs:direction') == 3",
				"components": {
					"minecraft:transformation": {
						"rotation": [
							0,
							180,
							0
						]
					}
				}
			}
		],
		"events": {
			"nubs:setup": {
				"sequence": [
					{
						"set_block_state": {
							"nubs:direction": "(query.cardinal_facing_2d == 5 ? 0 : (query.cardinal_facing_2d == 2 ? 3 : query.cardinal_facing_2d-2))",
							"nubs:placed": true
						}
					},
					{
						"set_block_state": {
							"nubs:door_hinge_bit": "(query.block_neighbor_has_any_tag(0,0,-1,'left_door') && query.block_state('nubs:direction') == 0) || (query.block_neighbor_has_any_tag(1,0,0,'left_door') && query.block_state('nubs:direction') == 1) || (query.block_neighbor_has_any_tag(0,0,1,'left_door') && query.block_state('nubs:direction') == 2) || (query.block_neighbor_has_any_tag(-1,0,0,'left_door') && query.block_state('nubs:direction') == 3)"
						}
					}
				]
			},
			"nubs:set_child": {
				"sequence": [
					{
						"condition": "!query.block_state('nubs:door_hinge_bit')",
						"sequence": [
							{
								"condition": "query.block_state('nubs:direction')==0",
								"run_command": {
									"command": [
										"setblock ~ ~1 ~ nubs:scorched_door_tile [\"nubs:direction\"=0, \"nubs:upper_block_bit\"=true]"
									],
									"target": "self"
								}
							},
							{
								"condition": "query.block_state('nubs:direction')==1",
								"run_command": {
									"command": [
										"setblock ~ ~1 ~ nubs:scorched_door_tile [\"nubs:direction\"=1, \"nubs:upper_block_bit\"=true]"
									],
									"target": "self"
								}
							},
							{
								"condition": "query.block_state('nubs:direction')==2",
								"run_command": {
									"command": [
										"setblock ~ ~1 ~ nubs:scorched_door_tile [\"nubs:direction\"=2, \"nubs:upper_block_bit\"=true]"
									],
									"target": "self"
								}
							},
							{
								"condition": "query.block_state('nubs:direction')==3",
								"run_command": {
									"command": [
										"setblock ~ ~1 ~ nubs:scorched_door_tile [\"nubs:direction\"=3, \"nubs:upper_block_bit\"=true]"
									],
									"target": "self"
								}
							}
						]
					},
					{
						"condition": "query.block_state('nubs:door_hinge_bit')",
						"sequence": [
							{
								"condition": "query.block_state('nubs:direction')==0",
								"run_command": {
									"command": [
										"setblock ~ ~1 ~ nubs:scorched_door_tile [\"nubs:direction\"=0, \"nubs:upper_block_bit\"=true, \"nubs:door_hinge_bit\"=true]"
									],
									"target": "self"
								}
							},
							{
								"condition": "query.block_state('nubs:direction')==1",
								"run_command": {
									"command": [
										"setblock ~ ~1 ~ nubs:scorched_door_tile [\"nubs:direction\"=1, \"nubs:upper_block_bit\"=true, \"nubs:door_hinge_bit\"=true]"
									],
									"target": "self"
								}
							},
							{
								"condition": "query.block_state('nubs:direction')==2",
								"run_command": {
									"command": [
										"setblock ~ ~1 ~ nubs:scorched_door_tile [\"nubs:direction\"=2, \"nubs:upper_block_bit\"=true, \"nubs:door_hinge_bit\"=true]"
									],
									"target": "self"
								}
							},
							{
								"condition": "query.block_state('nubs:direction')==3",
								"run_command": {
									"command": [
										"setblock ~ ~1 ~ nubs:scorched_door_tile [\"nubs:direction\"=3, \"nubs:upper_block_bit\"=true, \"nubs:door_hinge_bit\"=true]"
									],
									"target": "self"
								}
							}
						]
					}
				]
			},
			"interacted": {
				"sequence": [
					{
						"condition": "!query.block_state('nubs:upper_block_bit')",
						"set_block_state": {
							"nubs:interacted": true
						},
						"run_command": {
							"command": [
								"playsound random.door_close @p ~ ~ ~ 100"
							],
							"target": "self"
						}
					},
					{
						"condition": "query.block_state('nubs:upper_block_bit')&&query.block_state('nubs:open_bit')==true",
						"sequence": [
							{
								"run_command": {
									"command": [
										"playsound random.door_close @p ~ ~ ~ 100"
									],
									"target": "self"
								}
							},
							{
								"condition": "query.block_state('nubs:door_hinge_bit')",
								"sequence": [
									{
										"condition": "query.block_state('nubs:direction')==0",
										"run_command": {
											"command": [
												"setblock ~ ~-1 ~ nubs:scorched_door_tile [\"nubs:direction\"=0, \"nubs:interacted\"=true, \"nubs:open_bit\"=true, \"nubs:door_hinge_bit\"=true]"
											],
											"target": "self"
										}
									},
									{
										"condition": "query.block_state('nubs:direction')==1",
										"run_command": {
											"command": [
												"setblock ~ ~-1 ~ nubs:scorched_door_tile [\"nubs:direction\"=1, \"nubs:interacted\"=true, \"nubs:open_bit\"=true, \"nubs:door_hinge_bit\"=true]"
											],
											"target": "self"
										}
									},
									{
										"condition": "query.block_state('nubs:direction')==2",
										"run_command": {
											"command": [
												"setblock ~ ~-1 ~ nubs:scorched_door_tile [\"nubs:direction\"=2, \"nubs:interacted\"=true, \"nubs:open_bit\"=true, \"nubs:door_hinge_bit\"=true]"
											],
											"target": "self"
										}
									},
									{
										"condition": "query.block_state('nubs:direction')==3",
										"run_command": {
											"command": [
												"setblock ~ ~-1 ~ nubs:scorched_door_tile [\"nubs:direction\"=3, \"nubs:interacted\"=true, \"nubs:open_bit\"=true, \"nubs:door_hinge_bit\"=true]"
											],
											"target": "self"
										}
									}
								]
							},
							{
								"condition": "!query.block_state('nubs:door_hinge_bit')",
								"sequence": [
									{
										"condition": "query.block_state('nubs:direction')==0",
										"run_command": {
											"command": [
												"setblock ~ ~-1 ~ nubs:scorched_door_tile [\"nubs:direction\"=0, \"nubs:interacted\"=true, \"nubs:open_bit\"=true]"
											],
											"target": "self"
										}
									},
									{
										"condition": "query.block_state('nubs:direction')==1",
										"run_command": {
											"command": [
												"setblock ~ ~-1 ~ nubs:scorched_door_tile [\"nubs:direction\"=1, \"nubs:interacted\"=true, \"nubs:open_bit\"=true]"
											],
											"target": "self"
										}
									},
									{
										"condition": "query.block_state('nubs:direction')==2",
										"run_command": {
											"command": [
												"setblock ~ ~-1 ~ nubs:scorched_door_tile [\"nubs:direction\"=2, \"nubs:interacted\"=true, \"nubs:open_bit\"=true]"
											],
											"target": "self"
										}
									},
									{
										"condition": "query.block_state('nubs:direction')==3",
										"run_command": {
											"command": [
												"setblock ~ ~-1 ~ nubs:scorched_door_tile [\"nubs:direction\"=3, \"nubs:interacted\"=true, \"nubs:open_bit\"=true]"
											],
											"target": "self"
										}
									}
								]
							}
						]
					},
					{
						"condition": "query.block_state('nubs:upper_block_bit')&&query.block_state('nubs:open_bit')==false",
						"sequence": [
							{
								"run_command": {
									"command": [
										"playsound random.door_open @p ~ ~ ~ 100"
									],
									"target": "self"
								}
							},
							{
								"condition": "query.block_state('nubs:door_hinge_bit')",
								"sequence": [
									{
										"condition": "query.block_state('nubs:direction')==0",
										"run_command": {
											"command": [
												"setblock ~ ~-1 ~ nubs:scorched_door_tile [\"nubs:direction\"=0, \"nubs:interacted\"=true, \"nubs:door_hinge_bit\"=true]"
											],
											"target": "self"
										}
									},
									{
										"condition": "query.block_state('nubs:direction')==1",
										"run_command": {
											"command": [
												"setblock ~ ~-1 ~ nubs:scorched_door_tile [\"nubs:direction\"=1, \"nubs:interacted\"=true, \"nubs:door_hinge_bit\"=true]"
											],
											"target": "self"
										}
									},
									{
										"condition": "query.block_state('nubs:direction')==2",
										"run_command": {
											"command": [
												"setblock ~ ~-1 ~ nubs:scorched_door_tile [\"nubs:direction\"=2, \"nubs:interacted\"=true, \"nubs:door_hinge_bit\"=true]"
											],
											"target": "self"
										}
									},
									{
										"condition": "query.block_state('nubs:direction')==3",
										"run_command": {
											"command": [
												"setblock ~ ~-1 ~ nubs:scorched_door_tile [\"nubs:direction\"=3, \"nubs:interacted\"=true, \"nubs:door_hinge_bit\"=true]"
											],
											"target": "self"
										}
									}
								]
							},
							{
								"condition": "!query.block_state('nubs:door_hinge_bit')",
								"sequence": [
									{
										"condition": "query.block_state('nubs:direction')==0",
										"run_command": {
											"command": [
												"setblock ~ ~-1 ~ nubs:scorched_door_tile [\"nubs:direction\"=0, \"nubs:interacted\"=true]"
											],
											"target": "self"
										}
									},
									{
										"condition": "query.block_state('nubs:direction')==1",
										"run_command": {
											"command": [
												"setblock ~ ~-1 ~ nubs:scorched_door_tile [\"nubs:direction\"=1, \"nubs:interacted\"=true]"
											],
											"target": "self"
										}
									},
									{
										"condition": "query.block_state('nubs:direction')==2",
										"run_command": {
											"command": [
												"setblock ~ ~-1 ~ nubs:scorched_door_tile [\"nubs:direction\"=2, \"nubs:interacted\"=true]"
											],
											"target": "self"
										}
									},
									{
										"condition": "query.block_state('nubs:direction')==3",
										"run_command": {
											"command": [
												"setblock ~ ~-1 ~ nubs:scorched_door_tile [\"nubs:direction\"=3, \"nubs:interacted\"=true]"
											],
											"target": "self"
										}
									}
								]
							}
						]
					}
				]
			},
			"set_update": {
				"sequence": [
					{
						"set_block_state": {
							"nubs:interacted": false,
							"nubs:placed": true
						}
					},
					{
						"condition": "query.block_state('nubs:open_bit')==false&&query.block_state('nubs:interacted')==true",
						"sequence": [
							{
								"condition": "query.block_state('nubs:door_hinge_bit')==true",
								"sequence": [
									{
										"set_block_state": {
											"nubs:open_bit": true
										}
									},
									{
										"condition": "query.block_state('nubs:direction')==0",
										"run_command": {
											"command": [
												"setblock ~ ~1 ~ nubs:scorched_door_tile [\"nubs:direction\"=0, \"nubs:upper_block_bit\"=true, \"nubs:open_bit\"=true, \"nubs:door_hinge_bit\"=true]"
											],
											"target": "self"
										}
									},
									{
										"condition": "query.block_state('nubs:direction')==1",
										"run_command": {
											"command": [
												"setblock ~ ~1 ~ nubs:scorched_door_tile [\"nubs:direction\"=1, \"nubs:upper_block_bit\"=true, \"nubs:open_bit\"=true, \"nubs:door_hinge_bit\"=true]"
											],
											"target": "self"
										}
									},
									{
										"condition": "query.block_state('nubs:direction')==2",
										"run_command": {
											"command": [
												"setblock ~ ~1 ~ nubs:scorched_door_tile [\"nubs:direction\"=2, \"nubs:upper_block_bit\"=true, \"nubs:open_bit\"=true, \"nubs:door_hinge_bit\"=true]"
											],
											"target": "self"
										}
									},
									{
										"condition": "query.block_state('nubs:direction')==3",
										"run_command": {
											"command": [
												"setblock ~ ~1 ~ nubs:scorched_door_tile [\"nubs:direction\"=3, \"nubs:upper_block_bit\"=true, \"nubs:open_bit\"=true, \"nubs:door_hinge_bit\"=true]"
											],
											"target": "self"
										}
									}
								]
							},
							{
								"condition": "query.block_state('nubs:door_hinge_bit')==false",
								"sequence": [
									{
										"set_block_state": {
											"nubs:open_bit": true
										}
									},
									{
										"condition": "query.block_state('nubs:direction')==0",
										"run_command": {
											"command": [
												"setblock ~ ~1 ~ nubs:scorched_door_tile [\"nubs:direction\"=0, \"nubs:upper_block_bit\"=true, \"nubs:open_bit\"=true]"
											],
											"target": "self"
										}
									},
									{
										"condition": "query.block_state('nubs:direction')==1",
										"run_command": {
											"command": [
												"setblock ~ ~1 ~ nubs:scorched_door_tile [\"nubs:direction\"=1, \"nubs:upper_block_bit\"=true, \"nubs:open_bit\"=true]"
											],
											"target": "self"
										}
									},
									{
										"condition": "query.block_state('nubs:direction')==2",
										"run_command": {
											"command": [
												"setblock ~ ~1 ~ nubs:scorched_door_tile [\"nubs:direction\"=2, \"nubs:upper_block_bit\"=true, \"nubs:open_bit\"=true]"
											],
											"target": "self"
										}
									},
									{
										"condition": "query.block_state('nubs:direction')==3",
										"run_command": {
											"command": [
												"setblock ~ ~1 ~ nubs:scorched_door_tile [\"nubs:direction\"=3, \"nubs:upper_block_bit\"=true, \"nubs:open_bit\"=true]"
											],
											"target": "self"
										}
									}
								]
							}
						]
					},
					{
						"condition": "query.block_state('nubs:open_bit')&&query.block_state('nubs:interacted')==true",
						"sequence": [
							{
								"condition": "query.block_state('nubs:door_hinge_bit')==true",
								"sequence": [
									{
										"set_block_state": {
											"nubs:open_bit": false
										}
									},
									{
										"condition": "query.block_state('nubs:direction')==0",
										"run_command": {
											"command": [
												"setblock ~ ~1 ~ nubs:scorched_door_tile [\"nubs:direction\"=0, \"nubs:upper_block_bit\"=true, \"nubs:open_bit\"=false, \"nubs:door_hinge_bit\"=true]"
											],
											"target": "self"
										}
									},
									{
										"condition": "query.block_state('nubs:direction')==1",
										"run_command": {
											"command": [
												"setblock ~ ~1 ~ nubs:scorched_door_tile [\"nubs:direction\"=1, \"nubs:upper_block_bit\"=true, \"nubs:open_bit\"=false, \"nubs:door_hinge_bit\"=true]"
											],
											"target": "self"
										}
									},
									{
										"condition": "query.block_state('nubs:direction')==2",
										"run_command": {
											"command": [
												"setblock ~ ~1 ~ nubs:scorched_door_tile [\"nubs:direction\"=2, \"nubs:upper_block_bit\"=true, \"nubs:open_bit\"=false, \"nubs:door_hinge_bit\"=true]"
											],
											"target": "self"
										}
									},
									{
										"condition": "query.block_state('nubs:direction')==3",
										"run_command": {
											"command": [
												"setblock ~ ~1 ~ nubs:scorched_door_tile [\"nubs:direction\"=3, \"nubs:upper_block_bit\"=true, \"nubs:open_bit\"=false, \"nubs:door_hinge_bit\"=true]"
											],
											"target": "self"
										}
									}
								]
							},
							{
								"condition": "query.block_state('nubs:door_hinge_bit')==false",
								"sequence": [
									{
										"set_block_state": {
											"nubs:open_bit": false
										}
									},
									{
										"condition": "query.block_state('nubs:direction')==0",
										"run_command": {
											"command": [
												"setblock ~ ~1 ~ nubs:scorched_door_tile [\"nubs:direction\"=0, \"nubs:upper_block_bit\"=true, \"nubs:open_bit\"=false]"
											],
											"target": "self"
										}
									},
									{
										"condition": "query.block_state('nubs:direction')==1",
										"run_command": {
											"command": [
												"setblock ~ ~1 ~ nubs:scorched_door_tile [\"nubs:direction\"=1, \"nubs:upper_block_bit\"=true, \"nubs:open_bit\"=false]"
											],
											"target": "self"
										}
									},
									{
										"condition": "query.block_state('nubs:direction')==2",
										"run_command": {
											"command": [
												"setblock ~ ~1 ~ nubs:scorched_door_tile [\"nubs:direction\"=2, \"nubs:upper_block_bit\"=true, \"nubs:open_bit\"=false]"
											],
											"target": "self"
										}
									},
									{
										"condition": "query.block_state('nubs:direction')==3",
										"run_command": {
											"command": [
												"setblock ~ ~1 ~ nubs:scorched_door_tile [\"nubs:direction\"=3, \"nubs:upper_block_bit\"=true, \"nubs:open_bit\"=false]"
											],
											"target": "self"
										}
									}
								]
							}
						]
					}
				]
			},
			"destroy": {
				"run_command": {
					"command": [
						"setblock ~ ~-1 ~ air destroy"
					]
				}
			}
		}
	}
}