{
	"format_version": "1.20.20",
	"minecraft:block": {
		"description": {
			"identifier": "nubs:stripped_scorched_log",
			"menu_category": {
				"category": "nature",
				"group": "itemGroup.name.log"
			},
			"states": {
				"nubs:pillar_axis": [
					0,
					1,
					2
				],
				"nubs:player_bit": [
					0,
					1
				]
			}
		},
		"components": {
			"minecraft:destructible_by_mining": {
				"seconds_to_destroy": 1
			},
			"minecraft:destructible_by_explosion": true,
			"minecraft:flammable": true,
			"minecraft:unit_cube": {},
			"minecraft:material_instances": {
				"*": {
					"texture": "nubs_scorched_stripped_log",
					"render_method": "opaque"
				},
				"up": {
					"texture": "nubs_scorched_stripped_log_top",
					"render_method": "opaque"
				},
				"down": {
					"texture": "nubs_scorched_stripped_log_top",
					"render_method": "opaque"
				}
			},
			"minecraft:on_player_placing": {
				"event": "facing"
			},
			"minecraft:on_placed": {
				"event": "facingp",
				"target": "self",
				"condition": "query.block_state('nubs:player_bit')==0"
			}
		},
		"permutations": [
			{
				"condition": "query.block_state('nubs:pillar_axis') == 1",
				"components": {
					"minecraft:transformation": {
						"rotation": [
							90,
							0,
							0
						]
					}
				}
			},
			{
				"condition": "query.block_state('nubs:pillar_axis') == 2",
				"components": {
					"minecraft:transformation": {
						"rotation": [
							0,
							0,
							90
						]
					}
				}
			}
		],
		"events": {
			"facing": {
				"sequence": [
					{
						"condition": "query.block_face==3||query.block_face==2",
						"set_block_state": {
							"nubs:pillar_axis": 1,
							"nubs:player_bit": 1
						}
					},
					{
						"condition": "query.block_face==4||query.block_face==5",
						"set_block_state": {
							"nubs:pillar_axis": 2,
							"nubs:player_bit": 1
						}
					},
					{
						"condition": "query.block_face==1||query.block_face==0",
						"set_block_state": {
							"nubs:pillar_axis": 0,
							"nubs:player_bit": 1
						}
					}
				]
			},
			"facingp": {
				"set_block_state": {
					"nubs:pillar_axis": "t.stripped"
				}
			}
		}
	}
}