{
	"format_version": "1.20.20",
	"minecraft:block": {
		"description": {
			"identifier": "nubs:scorched_fence_gate",
			"menu_category": {
				"category": "construction",
				"group": "itemGroup.name.fenceGate"
			},
			"states": {
				"nubs:direction": [
					0,
					1,
					2,
					3
				],
				"nubs:placed_bit": [
					0,
					1
				],
				"nubs:open_bit": [
					false,
					true
				]
			}
		},
		"components": {
			"minecraft:destructible_by_mining": {
				"seconds_to_destroy": 0.5
			},
			"minecraft:destructible_by_explosion": true,
			"minecraft:flammable": {},
			"minecraft:geometry": {
				"identifier": "geometry.custom_fence_gate",
				"bone_visibility": {
					"render": "query.block_state('nubs:placed_bit') == 0",
					"fence_gate": "query.block_state('nubs:placed_bit') == 1",
					"northsouth": "query.block_state('nubs:placed_bit') == 1 && (query.block_state('nubs:direction') == 0 || query.block_state('nubs:direction') == 1)",
					"nsclose": "query.block_state('nubs:placed_bit') == 1 && query.block_state('nubs:open_bit') == false && (query.block_state('nubs:direction') == 0 || query.block_state('nubs:direction') == 1)",
					"nsopen_north": "query.block_state('nubs:placed_bit') == 1 && (query.block_state('nubs:open_bit') == true && query.block_state('nubs:direction') == 0)",
					"nsopen_south": "query.block_state('nubs:placed_bit') == 1 && (query.block_state('nubs:open_bit') == true && query.block_state('nubs:direction') == 1)",
					"westeast": "query.block_state('nubs:placed_bit') == 1 && (query.block_state('nubs:direction') == 2 || query.block_state('nubs:direction') == 3)",
					"weclose": "query.block_state('nubs:placed_bit') == 1 && query.block_state('nubs:open_bit') == false && (query.block_state('nubs:direction') == 2 || query.block_state('nubs:direction') == 3)",
					"weopen_west": "query.block_state('nubs:placed_bit') == 1 && (query.block_state('nubs:open_bit') == true && query.block_state('nubs:direction') == 2)",
					"weopen_east": "query.block_state('nubs:placed_bit') == 1 && (query.block_state('nubs:open_bit') == true && query.block_state('nubs:direction') == 3)"
				}
			},
			"minecraft:material_instances": {
				"*": {
					"texture": "nubs_scorched_planks",
					"render_method": "opaque"
				}
			},
			"minecraft:on_player_placing": {
				"event": "direction"
			},
			"minecraft:on_placed": {
				"event": "placed_bit"
			},
			"tag:custom_fence": {}
		},
		"permutations": [
			{
				"condition": "query.block_state('nubs:open_bit') == false",
				"components": {
					"minecraft:on_interact": {
						"event": "open"
					}
				}
			},
			{
				"condition": "query.block_state('nubs:open_bit') == true",
				"components": {
					"minecraft:on_interact": {
						"event": "close"
					},
					"minecraft:collision_box": false
				}
			},
			{
				"condition": "query.block_state('nubs:direction') == 0 || query.block_state('nubs:direction') == 1",
				"components": {
					"minecraft:selection_box": {
						"origin": [
							-8,
							0,
							-2
						],
						"size": [
							16,
							16,
							4
						]
					}
				}
			},
			{
				"condition": "query.block_state('nubs:open_bit') == false && (query.block_state('nubs:direction') == 0 || query.block_state('nubs:direction') == 1)",
				"components": {
					"minecraft:collision_box": {
						"origin": [
							-8,
							0,
							-2
						],
						"size": [
							16,
							16,
							4
						]
					}
				}
			},
			{
				"condition": "query.block_state('nubs:direction') == 2 || query.block_state('nubs:direction') == 3",
				"components": {
					"minecraft:selection_box": {
						"origin": [
							-2,
							0,
							-8
						],
						"size": [
							4,
							16,
							16
						]
					}
				}
			},
			{
				"condition": "query.block_state('nubs:open_bit') == false && (query.block_state('nubs:direction') == 2 || query.block_state('nubs:direction') == 3)",
				"components": {
					"minecraft:collision_box": {
						"origin": [
							-2,
							0,
							-8
						],
						"size": [
							4,
							16,
							16
						]
					}
				}
			}
		],
		"events": {
			"direction": {
				"set_block_state": {
					"nubs:direction": "query.cardinal_facing_2d-2"
				},
				"trigger": "placed_bit"
			},
			"open": {
				"sequence": [
					{
						"condition": "query.cardinal_facing_2d==2&&(query.block_state('nubs:direction')==0||query.block_state('nubs:direction')==1)",
						"set_block_state": {
							"nubs:direction": 0,
							"nubs:open_bit": true
						}
					},
					{
						"condition": "query.cardinal_facing_2d==3&&(query.block_state('nubs:direction')==0||query.block_state('nubs:direction')==1)",
						"set_block_state": {
							"nubs:direction": 1,
							"nubs:open_bit": true
						}
					},
					{
						"condition": "query.block_state('nubs:direction')==0||query.block_state('nubs:direction')==1",
						"set_block_state": {
							"nubs:open_bit": true
						},
						"run_command": {
							"command": [
								"playsound random.door_open @a ~ ~ ~"
							]
						}
					},
					{
						"condition": "query.cardinal_facing_2d==4&&(query.block_state('nubs:direction')==2||query.block_state('nubs:direction')==3)",
						"set_block_state": {
							"nubs:direction": 3,
							"nubs:open_bit": true
						}
					},
					{
						"condition": "query.cardinal_facing_2d==5&&(query.block_state('nubs:direction')==2||query.block_state('nubs:direction')==3)",
						"set_block_state": {
							"nubs:direction": 2,
							"nubs:open_bit": true
						}
					},
					{
						"condition": "query.block_state('nubs:direction')==2||query.block_state('nubs:direction')==3",
						"set_block_state": {
							"nubs:open_bit": true
						},
						"run_command": {
							"command": [
								"playsound random.door_open @a ~ ~ ~"
							]
						}
					}
				]
			},
			"close": {
				"sequence": [
					{
						"condition": "query.cardinal_facing_2d==2&&(query.block_state('nubs:direction')==0||query.block_state('nubs:direction')==1)",
						"set_block_state": {
							"nubs:direction": 0,
							"nubs:open_bit": false
						}
					},
					{
						"condition": "query.cardinal_facing_2d==3&&(query.block_state('nubs:direction')==0||query.block_state('nubs:direction')==1)",
						"set_block_state": {
							"nubs:direction": 1,
							"nubs:open_bit": false
						}
					},
					{
						"condition": "query.block_state('nubs:direction')==0||query.block_state('nubs:direction')==1",
						"set_block_state": {
							"nubs:open_bit": false
						},
						"run_command": {
							"command": [
								"playsound random.door_close @a ~ ~ ~"
							]
						}
					},
					{
						"condition": "query.cardinal_facing_2d==4&&(query.block_state('nubs:direction')==2||query.block_state('nubs:direction')==3)",
						"set_block_state": {
							"nubs:direction": 3,
							"nubs:open_bit": false
						}
					},
					{
						"condition": "query.cardinal_facing_2d==5&&(query.block_state('nubs:direction')==2||query.block_state('nubs:direction')==3)",
						"set_block_state": {
							"nubs:direction": 2,
							"nubs:open_bit": false
						}
					},
					{
						"condition": "query.block_state('nubs:direction')==2||query.block_state('nubs:direction')==3",
						"set_block_state": {
							"nubs:open_bit": false
						},
						"run_command": {
							"command": [
								"playsound random.door_close @a ~ ~ ~"
							]
						}
					}
				]
			},
			"placed_bit": {
				"set_block_state": {
					"nubs:placed_bit": 1
				}
			}
		}
	}
}