{
	"format_version": "1.20.20",
	"minecraft:block": {
		"description": {
			"identifier": "nubs:scorched_slab",
			"menu_category": {
				"group": "itemGroup.name.slab",
				"category": "construction"
			},
			"states": {
				"nubs:slab": [
					0,
					1,
					2
				]
			}
		},
		"components": {
			"minecraft:destructible_by_mining": {
				"seconds_to_destroy": 2
			},
			"minecraft:destructible_by_explosion": true,
			"minecraft:flammable": true,
			"minecraft:on_player_placing": {
				"event": "up",
				"target": "self",
				"condition": "q.is_sneaking==1"
			}
		},
		"permutations": [
			{
				"condition": "query.block_state('nubs:slab') == 0",
				"components": {
					"minecraft:geometry": "geometry.custom_slab_down",
					"minecraft:material_instances": {
						"*": {
							"texture": "nubs_scorched_planks",
							"render_method": "opaque"
						}
					},
					"minecraft:collision_box": {
						"origin": [
							-8,
							0,
							-8
						],
						"size": [
							16,
							8,
							16
						]
					},
					"minecraft:selection_box": {
						"origin": [
							-8,
							0,
							-8
						],
						"size": [
							16,
							8,
							16
						]
					},
					"minecraft:on_interact": {
						"event": "block",
						"target": "self",
						"condition": "query.is_item_name_any('slot.weapon.mainhand',0,'nubs:scorched_slab')&&query.block_face==1"
					}
				}
			},
			{
				"condition": "query.block_state('nubs:slab') == 1",
				"components": {
					"minecraft:geometry": "geometry.custom_slab_up",
					"minecraft:material_instances": {
						"*": {
							"texture": "nubs_scorched_planks",
							"render_method": "opaque"
						}
					},
					"minecraft:collision_box": {
						"origin": [
							-8,
							8,
							-8
						],
						"size": [
							16,
							8,
							16
						]
					},
					"minecraft:selection_box": {
						"origin": [
							-8,
							8,
							-8
						],
						"size": [
							16,
							8,
							16
						]
					},
					"minecraft:on_interact": {
						"event": "block",
						"target": "self",
						"condition": "query.is_item_name_any('slot.weapon.mainhand',0,'nubs:scorched_slab')&&query.block_face==0"
					}
				}
			},
			{
				"condition": "query.block_state('nubs:slab') == 2",
				"components": {
					"minecraft:geometry": "geometry.custom_block",
					"minecraft:material_instances": {
						"*": {
							"texture": "nubs_scorched_planks",
							"render_method": "opaque"
						}
					},
					"minecraft:loot": "loot_tables/blocks/scorched_slab.json"
				}
			}
		],
		"events": {
			"block": {
				"set_block_state": {
					"nubs:slab": 2
				},
				"decrement_stack": {}
			},
			"up": {
				"set_block_state": {
					"nubs:slab": 1
				}
			}
		}
	}
}