{
	"format_version": "1.20.20",
	"minecraft:block": {
		"description": {
			"identifier": "nubs:scorched_sapling_block",
			"menu_category": {
				"category": "commands",
				"group": "commands"
			}
		},
		"components": {
			"minecraft:destructible_by_mining": {
				"seconds_to_destroy": 0.1
			},
			"minecraft:destructible_by_explosion": true,
			"minecraft:flammable": true,
			"minecraft:geometry": "geometry.custom_sapling_model",
			"minecraft:material_instances": {
				"*": {
					"texture": "nubs_scorched_sapling",
					"render_method": "alpha_test"
				}
			},
			"minecraft:collision_box": false,
			"minecraft:selection_box": {
				"origin": [
					-6,
					0,
					-6
				],
				"size": [
					12,
					13,
					12
				]
			},
			"minecraft:placement_filter": {
				"conditions": [
					{
						"allowed_faces": [
							"up"
						],
						"block_filter": [
							"dirt",
							"grass",
							"podzol",
							"farmland"
						]
					}
				]
			},
			"minecraft:queued_ticking": {
				"looping": true,
				"interval_range": [
					20000,
					25000
				],
				"on_tick": {
					"event": "grow"
				}
			},
			"minecraft:on_interact": {
				"event": "grow",
				"condition": "query.get_equipped_item_name(0)=='bone_meal'"
			}
		},
		"events": {
			"grow": {
				"sequence": [
					{
						"condition": "query.get_equipped_item_name('main_hand')=='bone_meal'",
						"run_command": {
							"command": [
								"particle minecraft:crop_growth_emitter ~ ~ ~",
								"playsound item.bone_meal.use @a ~ ~ ~"
							]
						},
						"decrement_stack": {},
						"trigger": "fertilize"
					},
					{
						"condition": "query.get_equipped_item_name('main_hand')!='bone_meal'",
						"run_command": {
							"command": [
								"structure load scorched_tree_0 ~-4 ~ ~-4"
							]
						}
					}
				]
			},
			"fertilize": {
				"randomize": [
					{
						"weight": 75
					},
					{
						"weight": 25,
						"run_command": {
							"command": [
								"structure load scorched_tree_0 ~-4 ~ ~-4"
							]
						}
					}
				]
			}
		}
	}
}