{
	"format_version": "1.20.20",
	"minecraft:block": {
		"description": {
			"identifier": "nubs:scorched_leaves",
			"menu_category": {
				"group": "itemGroup.name.leaves",
				"category": "nature"
			}
		},
		"components": {
			"minecraft:destructible_by_mining": {
				"seconds_to_destroy": 0.3
			},
			"minecraft:destructible_by_explosion": true,
			"minecraft:flammable": true,
			"minecraft:geometry": {
				"identifier": "geometry.custom_block"
			},
			"minecraft:material_instances": {
				"*": {
					"texture": "nubs_scorched_leaves",
					"render_method": "blend"
				}
			},
			"minecraft:light_dampening": 0
		},
		"events": {}
	}
}