{
	"format_version": "1.20.20",
	"minecraft:block": {
		"description": {
			"identifier": "nubs:cornstalk_lower",
			"menu_category": {
				"category": "none"
			},
			"states": {
				"nubs:growth_stage": [
					0,
					1,
					2,
					3,
					4,
					5,
					6
				]
			}
		},
		"components": {
			"minecraft:flammable": true,
			"minecraft:collision_box": false,
			"minecraft:geometry": "geometry.shortx",
			"minecraft:light_dampening": 0,
			"minecraft:loot": "loot_tables/crops/corn_0.json",
			"minecraft:random_ticking": {
				"on_tick": {
					"event": "nubs:grow",
					"condition": "q.block_state('nubs:growth_stage')<6"
				}
			},
			"minecraft:queued_ticking": {
				"interval_range": [
					10,
					10
				],
				"looping": true,
				"on_tick": {
					"event": "nubs:destroy",
					"condition": "q.block_neighbor_has_any_tag(1,0,0,'water')||q.block_neighbor_has_any_tag(-1,0,0,'water')||q.block_neighbor_has_any_tag(0,0,1,'water')||q.block_neighbor_has_any_tag(0,0,-1,'water')||q.block_neighbor_has_any_tag(0,1,0,'water')"
				}
			},
			"minecraft:on_interact": {
				"event": "nubs:fertilize",
				"condition": "q.is_item_name_any('slot.weapon.mainhand','minecraft:bone_meal')&&q.block_state('nubs:growth_stage')<6"
			},
			"minecraft:placement_filter": {
				"conditions": [
					{
						"allowed_faces": [
							"up"
						],
						"block_filter": [
							"farmland"
						]
					}
				]
			}
		},
		"events": {
			"nubs:destroy": {
				"run_command": {
					"command": [
						"setblock ~~~ air destroy"
					]
				}
			},
			"nubs:grow": {
				"randomize": [
					{
						"weight": 1,
						"set_block_state": {
							"nubs:growth_stage": "q.block_state('nubs:growth_stage') + 1"
						}
					},
					{
						"weight": 2
					}
				]
			},
			"nubs:fertilize": {
				"decrement_stack": {},
				"run_command": {
					"command": [
						"particle minecraft:crop_growth_emitter ~~~",
						"playsound item.bone_meal.use @a ~~~"
					]
				},
				"trigger": {
					"event": "nubs:grow"
				}
			},
			"upper3": {
				"run_command": {
					"command": [
						"setblock ~ ~1 ~ nubs:cornstalk_upper_3"
					]
				}
			},
			"upper4": {
				"run_command": {
					"command": [
						"setblock ~ ~1 ~ nubs:cornstalk_upper_4"
					]
				}
			},
			"upper5": {
				"run_command": {
					"command": [
						"setblock ~ ~1 ~ nubs:cornstalk_upper_5"
					]
				}
			},
			"upper6": {
				"run_command": {
					"command": [
						"setblock ~ ~1 ~ nubs:cornstalk_upper_6"
					]
				}
			}
		},
		"permutations": [
			{
				"condition": "q.block_state('nubs:growth_stage') == 0",
				"components": {
					"minecraft:material_instances": {
						"*": {
							"texture": "nubs_cornstalk_lower_stage_0",
							"render_method": "alpha_test"
						}
					},
					"minecraft:selection_box": {
						"origin": [
							-4,
							0,
							-4
						],
						"size": [
							8,
							4,
							8
						]
					}
				}
			},
			{
				"condition": "q.block_state('nubs:growth_stage') == 1",
				"components": {
					"minecraft:material_instances": {
						"*": {
							"texture": "nubs_cornstalk_lower_stage_1",
							"render_method": "alpha_test"
						}
					},
					"minecraft:selection_box": {
						"origin": [
							-4,
							0,
							-4
						],
						"size": [
							8,
							9,
							8
						]
					}
				}
			},
			{
				"condition": "q.block_state('nubs:growth_stage') == 2",
				"components": {
					"minecraft:material_instances": {
						"*": {
							"texture": "nubs_cornstalk_lower_stage_2",
							"render_method": "alpha_test"
						}
					},
					"minecraft:selection_box": {
						"origin": [
							-4,
							0,
							-4
						],
						"size": [
							8,
							13,
							8
						]
					}
				}
			},
			{
				"condition": "q.block_state('nubs:growth_stage') == 3",
				"components": {
					"minecraft:material_instances": {
						"*": {
							"texture": "nubs_cornstalk_lower_stage_3",
							"render_method": "alpha_test"
						}
					},
					"minecraft:selection_box": {
						"origin": [
							-4,
							0,
							-4
						],
						"size": [
							8,
							16,
							8
						]
					},
					"minecraft:on_placed": {
						"event": "upper3"
					}
				}
			},
			{
				"condition": "q.block_state('nubs:growth_stage') == 4",
				"components": {
					"minecraft:material_instances": {
						"*": {
							"texture": "nubs_cornstalk_lower_stage_4",
							"render_method": "alpha_test"
						}
					},
					"minecraft:selection_box": {
						"origin": [
							-4,
							0,
							-4
						],
						"size": [
							8,
							16,
							8
						]
					},
					"minecraft:on_placed": {
						"event": "upper4"
					}
				}
			},
			{
				"condition": "q.block_state('nubs:growth_stage') == 5",
				"components": {
					"minecraft:material_instances": {
						"*": {
							"texture": "nubs_cornstalk_lower_stage_5",
							"render_method": "alpha_test"
						}
					},
					"minecraft:selection_box": {
						"origin": [
							-4,
							0,
							-4
						],
						"size": [
							8,
							16,
							8
						]
					},
					"minecraft:on_placed": {
						"event": "upper5"
					}
				}
			},
			{
				"condition": "q.block_state('nubs:growth_stage') == 6",
				"components": {
					"minecraft:material_instances": {
						"*": {
							"texture": "nubs_cornstalk_lower_stage_6",
							"render_method": "alpha_test"
						}
					},
					"minecraft:loot": "loot_tables/crops/corn_1.json",
					"minecraft:selection_box": {
						"origin": [
							-4,
							0,
							-4
						],
						"size": [
							8,
							16,
							8
						]
					},
					"minecraft:on_placed": {
						"event": "upper6"
					}
				}
			}
		]
	}
}