{
	"format_version": "1.20.20",
	"minecraft:block": {
		"description": {
			"identifier": "nubs:cornstalk_upper_4",
			"menu_category": {
				"group": "commands",
				"category": "commands"
			}
		},
		"components": {
			"minecraft:destructible_by_mining": {
				"seconds_to_destroy": 0.1
			},
			"minecraft:destructible_by_explosion": true,
			"minecraft:flammable": true,
			"minecraft:collision_box": false,
			"minecraft:selection_box": {
				"origin": [
					-4,
					0,
					-4
				],
				"size": [
					8,
					12,
					8
				]
			},
			"minecraft:on_player_destroyed": {
				"event": "nubs:destroy"
			},
			"minecraft:material_instances": {
				"*": {
					"texture": "nubs_cornstalk_upper_stage_4",
					"render_method": "alpha_test"
				}
			},
			"minecraft:geometry": "geometry.shortx",
			"minecraft:loot": "loot_tables/null.json",
			"minecraft:placement_filter": {
				"conditions": [
					{
						"allowed_faces": [
							"up"
						],
						"block_filter": [
							"nubs:cornstalk_lower"
						]
					}
				]
			}
		},
		"events": {
			"nubs:destroy": {
				"run_command": {
					"command": [
						"setblock ~ ~-1 ~ air destroy"
					]
				}
			}
		}
	}
}