{
	"format_version": "1.20.20",
	"minecraft:block": {
		"description": {
			"identifier": "nubs:willow_trapdoor",
			"menu_category": {
				"category": "construction",
				"group": "itemGroup.name.trapdoor"
			},
			"states": {
				"nubs:direction": [
					0,
					1,
					2,
					3
				],
				"nubs:open_bit": [
					0,
					1
				],
				"nubs:upside_down_bit": [
					0,
					1
				]
			}
		},
		"components": {
			"minecraft:destructible_by_mining": {
				"seconds_to_destroy": 0.5
			},
			"minecraft:destructible_by_explosion": true,
			"minecraft:flammable": true,
			"minecraft:geometry": {
				"identifier": "geometry.custom_trapdoor",
				"bone_visibility": {
					"down_close": "q.block_state('nubs:open_bit') == 0 && q.block_state('nubs:upside_down_bit') == 0",
					"down_open": "q.block_state('nubs:open_bit') == 1 && q.block_state('nubs:upside_down_bit') == 0",
					"up_close": "q.block_state('nubs:open_bit') == 0 && q.block_state('nubs:upside_down_bit') == 1",
					"up_open": "q.block_state('nubs:open_bit') == 1 && q.block_state('nubs:upside_down_bit') == 1"
				}
			},
			"minecraft:material_instances": {
				"*": {
					"texture": "nubs_willow_trapdoor",
					"render_method": "alpha_test"
				}
			},
			"minecraft:on_player_placing": {
				"event": "direction"
			},
			"minecraft:light_dampening": 5
		},
		"permutations": [
			{
				"condition": "q.block_state('nubs:open_bit') == 0 && q.block_state('nubs:upside_down_bit') == 0",
				"components": {
					"minecraft:collision_box": {
						"origin": [
							-8,
							0,
							-8
						],
						"size": [
							16,
							3,
							16
						]
					},
					"minecraft:selection_box": {
						"origin": [
							-8,
							0,
							-8
						],
						"size": [
							16,
							3,
							16
						]
					}
				}
			},
			{
				"condition": "q.block_state('nubs:open_bit') == 1 && q.block_state('nubs:upside_down_bit') == 0",
				"components": {
					"minecraft:collision_box": {
						"origin": [
							-8,
							0,
							7
						],
						"size": [
							16,
							16,
							1
						]
					},
					"minecraft:selection_box": {
						"origin": [
							-8,
							0,
							5
						],
						"size": [
							16,
							16,
							3
						]
					}
				}
			},
			{
				"condition": "q.block_state('nubs:open_bit') == 0 && q.block_state('nubs:upside_down_bit') == 1",
				"components": {
					"minecraft:collision_box": {
						"origin": [
							-8,
							13,
							-8
						],
						"size": [
							16,
							3,
							16
						]
					},
					"minecraft:selection_box": {
						"origin": [
							-8,
							13,
							-8
						],
						"size": [
							16,
							3,
							16
						]
					}
				}
			},
			{
				"condition": "q.block_state('nubs:open_bit') == 1 && q.block_state('nubs:upside_down_bit') == 1",
				"components": {
					"minecraft:collision_box": {
						"origin": [
							-8,
							0,
							7
						],
						"size": [
							16,
							16,
							1
						]
					},
					"minecraft:selection_box": {
						"origin": [
							-8,
							0,
							5
						],
						"size": [
							16,
							16,
							3
						]
					}
				}
			},
			{
				"condition": "q.block_state('nubs:open_bit') == 0",
				"components": {
					"minecraft:on_interact": {
						"event": "open"
					}
				}
			},
			{
				"condition": "q.block_state('nubs:open_bit') == 1",
				"components": {
					"minecraft:on_interact": {
						"event": "close"
					}
				}
			},
			{
				"condition": "q.block_state('nubs:direction') == 0",
				"components": {
					"minecraft:transformation": {
						"rotation": [
							0,
							180,
							0
						]
					}
				}
			},
			{
				"condition": "q.block_state('nubs:direction') == 1",
				"components": {
					"minecraft:transformation": {
						"rotation": [
							0,
							0,
							0
						]
					}
				}
			},
			{
				"condition": "q.block_state('nubs:direction') == 2",
				"components": {
					"minecraft:transformation": {
						"rotation": [
							0,
							270,
							0
						]
					}
				}
			},
			{
				"condition": "q.block_state('nubs:direction') == 3",
				"components": {
					"minecraft:transformation": {
						"rotation": [
							0,
							90,
							0
						]
					}
				}
			}
		],
		"events": {
			"open": {
				"set_block_state": {
					"nubs:open_bit": 1
				},
				"run_command": {
					"command": [
						"playsound random.door_open @a ~ ~ ~"
					]
				}
			},
			"close": {
				"set_block_state": {
					"nubs:open_bit": 0
				},
				"run_command": {
					"command": [
						"playsound random.door_close @a ~ ~ ~"
					]
				}
			},
			"direction": {
				"sequence": [
					{
						"condition": "q.is_sneaking==1",
						"set_block_state": {
							"nubs:direction": "query.cardinal_facing_2d-2",
							"nubs:upside_down_bit": 0
						}
					},
					{
						"condition": "q.is_sneaking==0",
						"set_block_state": {
							"nubs:direction": "query.cardinal_facing_2d-2",
							"nubs:upside_down_bit": 1
						}
					}
				]
			}
		}
	}
}