{
	"file_path": "C:\\Users\\jepco\\AppData\\Local\\Packages\\Microsoft.MinecraftUWP_8wekyb3d8bbwe\\LocalState\\games\\com.mojang\\development_behavior_packs\\WasteLanders BP\\blocks\\developer_blocks\\load_system_blocks\\nubs_load_block_bunker.json",
	"file_type": "block",
	"format_version": 1,
	"file_uuid": "f7b0f048_871a_481c_b263_b9e0731af4d3",
	"file_version": 3,
	"cache_content": {
		"children": [
			{
				"data": "1.16.100",
				"key": "format_version"
			},
			{
				"open": {
					"format_version": "1.16.100",
					"minecraft:block": {
						"description": {
							"identifier": "nubs:load_block_bunker",
							"is_experimental": false,
							"register_to_creative_menu": true
						},
						"components": {
							"minecraft:destroy_time": 2,
							"minecraft:friction": 0.6,
							"minecraft:map_color": "#FFFFFF",
							"minecraft:flammable": {
								"flame_odds": 0,
								"burn_odds": 0
							},
							"minecraft:block_light_absorption": 15,
							"minecraft:block_light_emission": 0,
							"minecraft:explosion_resistance": 6,
							"minecraft:material_instances": {
								"*": {
									"texture": "nubs_load_block_city",
									"render_method": "alpha_test"
								}
							},
							"minecraft:creative_category": {
								"category": "commands",
								"group": "commands"
							},
							"minecraft:on_interact": {
								"event": "load"
							},
							"minecraft:on_placed": {
								"event": "load"
							}
						},
						"events": {
							"load": {
								"run_command": {
									"command": [
										"structure load mystructure:bunker_1 ~ ~-64 ~-25",
										"fill ~ ~ ~ ~ ~ ~ stone 0"
									]
								}
							}
						}
					}
				},
				"key": "minecraft:block",
				"children": [
					{
						"key": "description",
						"is_minified": true,
						"children": {
							"identifier": "nubs:load_block_bunker",
							"is_experimental": false,
							"register_to_creative_menu": true
						}
					},
					{
						"open": {
							"description": {
								"identifier": "nubs:load_block_bunker",
								"is_experimental": false,
								"register_to_creative_menu": true
							},
							"components": {
								"minecraft:destroy_time": 2,
								"minecraft:friction": 0.6,
								"minecraft:map_color": "#FFFFFF",
								"minecraft:flammable": {
									"flame_odds": 0,
									"burn_odds": 0
								},
								"minecraft:block_light_absorption": 15,
								"minecraft:block_light_emission": 0,
								"minecraft:explosion_resistance": 6,
								"minecraft:material_instances": {
									"*": {
										"texture": "nubs_load_block_city",
										"render_method": "alpha_test"
									}
								},
								"minecraft:creative_category": {
									"category": "commands",
									"group": "commands"
								},
								"minecraft:on_interact": {
									"event": "load"
								},
								"minecraft:on_placed": {
									"event": "load"
								}
							},
							"events": {
								"load": {
									"run_command": {
										"command": [
											"structure load mystructure:bunker_1 ~ ~-64 ~-25",
											"fill ~ ~ ~ ~ ~ ~ stone 0"
										]
									}
								}
							}
						},
						"key": "components",
						"is_minified": true,
						"children": {
							"minecraft:destroy_time": 2,
							"minecraft:friction": 0.6,
							"minecraft:map_color": "#FFFFFF",
							"minecraft:flammable": {
								"flame_odds": 0,
								"burn_odds": 0
							},
							"minecraft:block_light_absorption": 15,
							"minecraft:block_light_emission": 0,
							"minecraft:explosion_resistance": 6,
							"minecraft:material_instances": {
								"*": {
									"texture": "nubs_load_block_city",
									"render_method": "alpha_test"
								}
							},
							"minecraft:creative_category": {
								"category": "commands",
								"group": "commands"
							},
							"minecraft:on_interact": {
								"event": "load"
							},
							"minecraft:on_placed": {
								"event": "load"
							}
						}
					},
					{
						"open": {
							"description": {
								"identifier": "nubs:load_block_bunker",
								"is_experimental": false,
								"register_to_creative_menu": true
							},
							"components": {
								"minecraft:destroy_time": 2,
								"minecraft:friction": 0.6,
								"minecraft:map_color": "#FFFFFF",
								"minecraft:flammable": {
									"flame_odds": 0,
									"burn_odds": 0
								},
								"minecraft:block_light_absorption": 15,
								"minecraft:block_light_emission": 0,
								"minecraft:explosion_resistance": 6,
								"minecraft:material_instances": {
									"*": {
										"texture": "nubs_load_block_city",
										"render_method": "alpha_test"
									}
								},
								"minecraft:creative_category": {
									"category": "commands",
									"group": "commands"
								},
								"minecraft:on_interact": {
									"event": "load"
								},
								"minecraft:on_placed": {
									"event": "load"
								}
							},
							"events": {
								"load": {
									"run_command": {
										"command": [
											"structure load mystructure:bunker_1 ~ ~-64 ~-25",
											"fill ~ ~ ~ ~ ~ ~ stone 0"
										]
									}
								}
							}
						},
						"key": "events",
						"children": [
							{
								"open": {
									"load": {
										"run_command": {
											"command": [
												"structure load mystructure:bunker_1 ~ ~-64 ~-25",
												"fill ~ ~ ~ ~ ~ ~ stone 0"
											]
										}
									}
								},
								"key": "load",
								"children": [
									{
										"open": {
											"run_command": {
												"command": [
													"structure load mystructure:bunker_1 ~ ~-64 ~-25",
													"fill ~ ~ ~ ~ ~ ~ stone 0"
												]
											}
										},
										"key": "run_command",
										"children": [
											{
												"open": {
													"command": [
														"structure load mystructure:bunker_1 ~ ~-64 ~-25",
														"fill ~ ~ ~ ~ ~ ~ stone 0"
													]
												},
												"key": "command",
												"is_minified": true,
												"children": [
													"structure load mystructure:bunker_1 ~ ~-64 ~-25",
													"fill ~ ~ ~ ~ ~ ~ stone 0"
												]
											}
										]
									}
								]
							}
						]
					}
				]
			}
		]
	}
}