{
	"format_version": "1.20.20",
	"minecraft:block": {
		"description": {
			"identifier": "nubs:red_sandy_pavement",
			"menu_category": {
				"group": "construction",
				"category": "construction"
			}
		},
		"components": {
			"minecraft:map_color": "#FFFFFF",
			"minecraft:on_interact": {
				"event": "nubs:clear_block",
				"target": "self",
				"condition": "query.is_item_name_any('slot.weapon.mainhand',0,'minecraft:diamond_shovel','minecraft:golden_shovel','minecraft:iron_shovel','minecraft:netherite_shovel','minecraft:stone_shovel','minecraft:wooden_shovel')"
			},
			"minecraft:destructible_by_mining": {
				"seconds_to_destroy": 2
			},
			"minecraft:destructible_by_explosion": true
		},
		"events": {
			"nubs:clear_block": {
				"swing": {},
				"damage": {
					"type": "none",
					"amount": 1,
					"target": "item"
				},
				"run_command": {
					"command": [
						"setblock ~~~ nubs:pavement"
					]
				}
			}
		}
	}
}