{
	"format_version": "1.20.20",
	"minecraft:block": {
		"description": {
			"identifier": "nubs:load_block_yellow",
			"menu_category": {
				"group": "commands",
				"category": "commands"
			}
		},
		"components": {
			"minecraft:destructible_by_mining": {
				"seconds_to_destroy": 1
			},
			"minecraft:queued_ticking": {
				"interval_range": [
					100,
					100
				],
				"on_tick": {
					"event": "load"
				}
			}
		},
		"events": {
			"load": {
				"randomize": [
					{
						"weight": 1,
						"run_command": {
							"command": [
								"structure load mystructure:skyscraper_1 ~ ~-1 ~"
							]
						},
						"set_block": {
							"block_type": "minecraft:air"
						}
					},
					{
						"weight": 1,
						"run_command": {
							"command": [
								"structure load mystructure:brickhouse_1 ~ ~-1 ~"
							]
						},
						"set_block": {
							"block_type": "minecraft:air"
						}
					},
					{
						"weight": 1,
						"run_command": {
							"command": [
								"structure load mystructure:skyscraper_6 ~ ~-1 ~"
							]
						},
						"set_block": {
							"block_type": "minecraft:air"
						}
					},
					{
						"weight": 1,
						"run_command": {
							"command": [
								"structure load mystructure:skyscraper_7 ~ ~-1 ~"
							]
						},
						"set_block": {
							"block_type": "minecraft:air"
						}
					},
					{
						"weight": 1,
						"run_command": {
							"command": [
								"structure load mystructure:garage_1 ~ ~-1 ~"
							]
						},
						"set_block": {
							"block_type": "minecraft:air"
						}
					},
					{
						"weight": 1,
						"run_command": {
							"command": [
								"structure load mystructure:network_tower_1 ~ ~ ~"
							]
						},
						"set_block": {
							"block_type": "minecraft:air"
						}
					},
					{
						"weight": 1,
						"run_command": {
							"command": [
								"structure load mystructure:skyscraper_10 ~ ~-1 ~"
							]
						},
						"set_block": {
							"block_type": "minecraft:air"
						}
					},
					{
						"weight": 1,
						"run_command": {
							"command": [
								"structure load mystructure:store_9 ~ ~-5 ~"
							]
						},
						"set_block": {
							"block_type": "minecraft:air"
						}
					},
					{
						"weight": 1,
						"run_command": {
							"command": [
								"structure load mystructure:skyscraper_12 ~ ~-1 ~"
							]
						},
						"set_block": {
							"block_type": "minecraft:air"
						}
					},
					{
						"weight": 1,
						"run_command": {
							"command": [
								"structure load mystructure:brickhouse_10 ~ ~-1 ~"
							]
						},
						"set_block": {
							"block_type": "minecraft:air"
						}
					},
					{
						"weight": 1,
						"run_command": {
							"command": [
								"structure load mystructure:power_plant_2 ~ ~-5 ~"
							]
						},
						"set_block": {
							"block_type": "minecraft:air"
						}
					},
					{
						"weight": 1,
						"run_command": {
							"command": [
								"structure load mystructure:skyscraper_13 ~ ~-1 ~"
							]
						},
						"set_block": {
							"block_type": "minecraft:air"
						}
					},
					{
						"weight": 1,
						"run_command": {
							"command": [
								"structure load mystructure:skyscraper_14 ~ ~-1 ~"
							]
						},
						"set_block": {
							"block_type": "minecraft:air"
						}
					}
				]
			}
		}
	}
}