{
	"format_version": "1.20.20",
	"minecraft:block": {
		"description": {
			"identifier": "nubs:load_block_red",
			"menu_category": {
				"group": "commands",
				"category": "commands"
			}
		},
		"components": {
			"minecraft:destructible_by_mining": {
				"seconds_to_destroy": 1
			},
			"minecraft:queued_ticking": {
				"interval_range": [
					100,
					100
				],
				"on_tick": {
					"event": "load"
				}
			}
		},
		"events": {
			"load": {
				"randomize": [
					{
						"weight": 1,
						"run_command": {
							"command": [
								"structure load mystructure:townhome_3 ~ ~-1 ~"
							]
						},
						"set_block": {
							"block_type": "minecraft:air"
						}
					},
					{
						"weight": 1,
						"run_command": {
							"command": [
								"structure load mystructure:townhome_4 ~ ~-6 ~"
							]
						},
						"set_block": {
							"block_type": "minecraft:air"
						}
					},
					{
						"weight": 1,
						"run_command": {
							"command": [
								"structure load mystructure:townhome_12 ~ ~-1 ~"
							]
						},
						"set_block": {
							"block_type": "minecraft:air"
						}
					},
					{
						"weight": 1,
						"run_command": {
							"command": [
								"structure load mystructure:townhome_13 ~ ~-1 ~"
							]
						},
						"set_block": {
							"block_type": "minecraft:air"
						}
					},
					{
						"weight": 1,
						"run_command": {
							"command": [
								"structure load mystructure:townhome_14 ~ ~-1 ~"
							]
						},
						"set_block": {
							"block_type": "minecraft:air"
						}
					},
					{
						"weight": 1,
						"run_command": {
							"command": [
								"structure load mystructure:skyscraper_9 ~ ~-1 ~"
							]
						},
						"set_block": {
							"block_type": "minecraft:air"
						}
					},
					{
						"weight": 1,
						"run_command": {
							"command": [
								"structure load mystructure:library_1 ~ ~-1 ~"
							]
						},
						"set_block": {
							"block_type": "minecraft:air"
						}
					}
				]
			}
		}
	}
}