{
	"format_version": "1.10",
	"minecraft:attachable": {
		"description": {
			"identifier": "nubs:automatic_pistol_silencer",
			"materials": {
				"default": "entity_alphatest",
				"enchanted": "entity_alphatest_glint"
			},
			"textures": {
				"default": "textures/guns/firearms/nubs_automatic_pistol_silencer"
			},
			"geometry": {
				"default": "geometry.automatic_pistol_silencer"
			},
			"animations": {
				"wield": "controller.animation.gun.wield",
				"fire": "controller.animation.gun.fire",
				"wield_first_person": "animation.automatic_pistol.wield_first_person",
				"wield_third_person": "animation.automatic_pistol.wield_third_person",
				"shoot": "animation.automatic_pistol.shoot",
				"sprint": "animation.automatic_pistol.sprint",
				"sneak": "animation.automatic_pistol.sneak"
			},
			"scripts": {
				"animate": [
					"wield",
					"fire"
				]
			},
			"render_controllers": [
				"controller.render.item_default"
			]
		}
	}
}