{
	"format_version": "1.10",
	"minecraft:attachable": {
		"description": {
			"identifier": "nubs:break_action_shotgun_empty",
			"materials": {
				"default": "entity_alphatest",
				"enchanted": "entity_alphatest_glint"
			},
			"textures": {
				"default": "textures/guns/firearms/nubs_break_action_shotgun"
			},
			"geometry": {
				"default": "geometry.break_action_shotgun_empty"
			},
			"animations": {
				"wield": "controller.animation.gun.wield",
				"wield_first_person": "animation.shotgun.wield_first_person",
				"wield_third_person": "animation.shotgun.wield_third_person",
				"sprint": "animation.shotgun.sprint",
				"sneak": "animation.shotgun.sneak"
			},
			"scripts": {
				"animate": [
					"wield"
				]
			},
			"render_controllers": [
				"controller.render.item_default"
			]
		}
	}
}