{
	"format_version": "1.8.0",
	"minecraft:attachable": {
		"description": {
			"identifier": "nubs:cigarette",
			"materials": {
				"default": "entity_emissive"
			},
			"textures": {
				"default": "textures/models/armor/nubs_cigarette",
				"lit": "textures/models/armor/nubs_cigarette_lit"
			},
			"geometry": {
				"default": "geometry.cigarette"
			},
			"scripts": {
				"parent_setup": "variable.helmet_layer_visible = 0.0;"
			},
			"render_controllers": [
				"controller.render.cigarette"
			]
		}
	}
}