{
	"format_version": "1.10",
	"minecraft:attachable": {
		"description": {
			"identifier": "nubs:pistol_mag_empty",
			"materials": {
				"default": "entity_alphatest",
				"enchanted": "entity_alphatest_glint"
			},
			"textures": {
				"default": "textures/guns/firearms/nubs_pistol"
			},
			"geometry": {
				"default": "geometry.pistol_empty"
			},
			"animations": {
				"wield": "controller.animation.gun.wield",
				"wield_first_person": "animation.pistol.wield_first_person",
				"wield_third_person": "animation.pistol.wield_third_person",
				"sprint": "animation.pistol.sprint",
				"sneak": "animation.pistol.sneak"
			},
			"scripts": {
				"animate": [
					"wield"
				]
			},
			"render_controllers": [
				"controller.render.item_default"
			]
		}
	}
}