{
	"format_version": "1.8.0",
	"minecraft:attachable": {
		"description": {
			"identifier": "nubs:pk_01_boots",
			"materials": {
				"default": "armor",
				"enchanted": "armor_enchanted"
			},
			"textures": {
				"default": "textures/models/armor/nubs_pk_01_boots",
				"enchanted": "textures/misc/enchanted_item_glint"
			},
			"geometry": {
				"default": "geometry.armor.boots"
			},
			"scripts": {
				"parent_setup": "variable.boot_layer_visible = 0.0;"
			},
			"render_controllers": [
				"controller.render.armor"
			]
		}
	}
}