{
  "format_version": "1.10",
  "minecraft:attachable": {
    "description": {
      "identifier": "nubs:scrap_hook_thrower",
      "materials": {
        "default": "entity_alphatest",
        "enchanted": "entity_alphatest_glint"
      },
      "textures": {
        "default": "textures/entity/nubs_scrap_hook_thrower",
        "enchanted": "textures/misc/enchanted_item_glint"
      },
      "geometry": {
        "default": "geometry.scrap_hook_thrower"
      },
      "animations": {
        "wield": "controller.animation.gun.wield",
        "fire": "controller.animation.gun.fire",
        "wield_first_person": "animation.scrap_hook_thrower.wield_first_person",
        "wield_third_person": "animation.scrap_hook_thrower.wield_third_person",
        "shoot": "animation.scrap_hook_thrower.shoot",
        "sprint": "animation.scrap_hook_thrower.sprint"
      },
      "scripts": {
        "pre_animation": [
          "variable.charge_amount = math.clamp((query.main_hand_item_max_duration - (query.main_hand_item_use_duration - query.frame_alpha + 1.0)) / 10.0, 0.0, 1.0f);"
        ],
        "animate": [
          "wield",
          "fire"
        ]
      },
      "render_controllers": [ "controller.render.item_default" ]
    }
  }
}
