{
	"format_version": "1.20.10",
	"minecraft:block": {
		"description": {
			"identifier": "nubs:cracked_brick_wall",
			"properties": {
				"nubs:wall": [
					0,
					1,
					2,
					3,
					4,
					5,
					6,
					7,
					8,
					9,
					10,
					11,
					12,
					13,
					14,
					15
				],
				"nubs:upper_wall": [
					0,
					1
				],
				"nubs:render": [
					0,
					1
				]
			},
			"menu_category": {
				"group": "commands",
				"category": "commands"
			}
		},
		"components": {
			"minecraft:light_emission": 0,
			"minecraft:light_dampening": 0,
			"minecraft:material_instances": {
				"*": {
					"texture": "nubs_cracked_bricks",
					"render_method": "opaque"
				}
			},
			"minecraft:geometry": {
				"identifier": "geometry.custom_wall",
				"bone_visibility": {
					"render": "q.block_property('nubs:render') == 0",
					"wall": "q.block_property('nubs:render') == 1 && q.block_property('nubs:wall') == 0 || q.block_property('nubs:wall') == 1 || q.block_property('nubs:wall') == 2 || q.block_property('nubs:wall') == 3 || q.block_property('nubs:wall') == 4 || q.block_property('nubs:wall') == 5 || q.block_property('nubs:wall') == 6 || q.block_property('nubs:wall') == 8 || q.block_property('nubs:wall') == 9 || q.block_property('nubs:wall') == 10 || q.block_property('nubs:wall') == 11 || q.block_property('nubs:wall') == 13 || q.block_property('nubs:wall') == 14 || q.block_property('nubs:wall') == 15",
					"north": "q.block_property('nubs:wall') == 1 || q.block_property('nubs:wall') == 7 || q.block_property('nubs:wall') == 10 || q.block_property('nubs:wall') == 11 || q.block_property('nubs:wall') == 13 || q.block_property('nubs:wall') == 14 || q.block_property('nubs:wall') == 15 || q.block_property('nubs:wall') == 6 && q.block_property('nubs:upper_wall') == 0",
					"south": "q.block_property('nubs:wall') == 2 || q.block_property('nubs:wall') == 7 || q.block_property('nubs:wall') == 8 || q.block_property('nubs:wall') == 9 || q.block_property('nubs:wall') == 13 || q.block_property('nubs:wall') == 14 || q.block_property('nubs:wall') == 6 || q.block_property('nubs:wall') == 5 && q.block_property('nubs:upper_wall') == 0",
					"west": "q.block_property('nubs:wall') == 4 || q.block_property('nubs:wall') == 8 || q.block_property('nubs:wall') == 10 || q.block_property('nubs:wall') == 12 || q.block_property('nubs:wall') == 13 || q.block_property('nubs:wall') == 15 || q.block_property('nubs:wall') == 5 || q.block_property('nubs:wall') == 6 && q.block_property('nubs:upper_wall') == 0",
					"east": "q.block_property('nubs:wall') == 3 || q.block_property('nubs:wall') == 9 || q.block_property('nubs:wall') == 11 || q.block_property('nubs:wall') == 12 || q.block_property('nubs:wall') == 14 || q.block_property('nubs:wall') == 15 || q.block_property('nubs:wall') == 5 || q.block_property('nubs:wall') == 6 && q.block_property('nubs:upper_wall') == 0",
					"northsouth": "q.block_property('nubs:wall') == 7 && q.block_property('nubs:upper_wall') == 0",
					"westeast": "q.block_property('nubs:wall') == 12 && q.block_property('nubs:upper_wall') == 0",
					"upper_north": "q.block_property('nubs:wall') == 1 || q.block_property('nubs:wall') == 7 || q.block_property('nubs:wall') == 10 || q.block_property('nubs:wall') == 11 || q.block_property('nubs:wall') == 13 || q.block_property('nubs:wall') == 14 || q.block_property('nubs:wall') == 15 || q.block_property('nubs:wall') == 6 && q.block_property('nubs:upper_wall') == 1",
					"upper_south": "q.block_property('nubs:wall') == 2 || q.block_property('nubs:wall') == 7 || q.block_property('nubs:wall') == 8 || q.block_property('nubs:wall') == 9 || q.block_property('nubs:wall') == 13 || q.block_property('nubs:wall') == 14 || q.block_property('nubs:wall') == 6 || q.block_property('nubs:wall') == 5 && q.block_property('nubs:upper_wall') == 1",
					"upper_west": "q.block_property('nubs:wall') == 4 || q.block_property('nubs:wall') == 8 || q.block_property('nubs:wall') == 10 || q.block_property('nubs:wall') == 12 || q.block_property('nubs:wall') == 13 || q.block_property('nubs:wall') == 15 || q.block_property('nubs:wall') == 5 || q.block_property('nubs:wall') == 6 && q.block_property('nubs:upper_wall') == 1",
					"upper_east": "q.block_property('nubs:wall') == 3 || q.block_property('nubs:wall') == 9 || q.block_property('nubs:wall') == 11 || q.block_property('nubs:wall') == 12 || q.block_property('nubs:wall') == 14 || q.block_property('nubs:wall') == 15 || q.block_property('nubs:wall') == 5 || q.block_property('nubs:wall') == 6 && q.block_property('nubs:upper_wall') == 1",
					"upper_northsouth": "q.block_property('nubs:wall') == 7 && q.block_property('nubs:upper_wall') == 1",
					"upper_westeast": "q.block_property('nubs:wall') == 12 && q.block_property('nubs:upper_wall') == 1"
				}
			},
			"minecraft:queued_ticking": {
				"looping": true,
				"interval_range": [
					1,
					1
				],
				"on_tick": {
					"event": "nubs:wall_change",
					"target": "self"
				}
			},
			"minecraft:unwalkable": true,
			"minecraft:destructible_by_mining": {
				"seconds_to_destroy": 1
			},
			"minecraft:collision_box": {
				"origin": [
					-4,
					0,
					-4
				],
				"size": [
					8,
					16,
					8
				]
			},
			"minecraft:selection_box": {
				"origin": [
					-4,
					0,
					-4
				],
				"size": [
					8,
					16,
					8
				]
			},
			"minecraft:on_placed": {
				"event": "nubs:render"
			},
			"minecraft:on_player_placing": {
				"event": "nubs:render"
			},
			"tag:custom_fence": {},
			"tag:stone": {}
		},
		"events": {
			"nubs:wall_change": {
				"sequence": [
					{
						"condition": "!query.block_neighbor_has_any_tag(0,0,1,'custom_fence','candle','not_feature_replaceable','snow','grass','gravel','sand','dirt','diamond_pick_diggable','metal','stone','plant','pumpkin','wood','glass')&&!query.block_neighbor_has_any_tag(0,0,-1,'custom_fence','not_feature_replaceable','candle','snow','grass','gravel','sand','dirt','diamond_pick_diggable','metal','stone','plant','pumpkin','wood','glass')&&!query.block_neighbor_has_any_tag(-1,0,0,'custom_fence','not_feature_replaceable','candle','snow','grass','gravel','sand','dirt','diamond_pick_diggable','metal','stone','plant','pumpkin','wood','glass')&&!query.block_neighbor_has_any_tag(1,0,0,'custom_fence','not_feature_replaceable','candle','snow','grass','gravel','sand','dirt','diamond_pick_diggable','metal','stone','plant','pumpkin','wood','glass')",
						"trigger": {
							"event": "nubs:wall_0",
							"target": "self"
						}
					},
					{
						"condition": "query.block_neighbor_has_any_tag(0,0,-1,'custom_fence','not_feature_replaceable','snow','candle','grass','gravel','sand','dirt','diamond_pick_diggable','metal','stone','plant','pumpkin','wood','glass')&&!q.block_neighbor_has_any_tag(0,0,1,'custom_fence','not_feature_replaceable','candle','snow','grass','gravel','sand','dirt','diamond_pick_diggable','metal','stone','plant','pumpkin','wood','glass')&&!q.block_neighbor_has_any_tag(-1,0,0,'custom_fence','not_feature_replaceable','candle','snow','grass','gravel','sand','dirt','diamond_pick_diggable','metal','stone','plant','pumpkin','wood','glass')&&!q.block_neighbor_has_any_tag(1,0,0,'custom_fence','not_feature_replaceable','candle','snow','grass','gravel','sand','dirt','diamond_pick_diggable','metal','stone','plant','pumpkin','wood','glass')",
						"trigger": {
							"event": "nubs:wall_1",
							"target": "self"
						}
					},
					{
						"condition": "query.block_neighbor_has_any_tag(0,0,1,'custom_fence','not_feature_replaceable','candle','snow','grass','gravel','sand','dirt','diamond_pick_diggable','metal','stone','plant','pumpkin','wood','glass')&&!q.block_neighbor_has_any_tag(0,0,-1,'custom_fence','not_feature_replaceable','candle','snow','grass','gravel','sand','dirt','diamond_pick_diggable','metal','stone','plant','pumpkin','wood','glass')&&!q.block_neighbor_has_any_tag(-1,0,0,'custom_fence','not_feature_replaceable','candle','snow','grass','gravel','sand','dirt','diamond_pick_diggable','metal','stone','plant','pumpkin','wood','glass')&&!q.block_neighbor_has_any_tag(1,0,0,'custom_fence','not_feature_replaceable','candle','snow','grass','gravel','sand','dirt','diamond_pick_diggable','metal','stone','plant','pumpkin','wood','glass')",
						"trigger": {
							"event": "nubs:wall_2",
							"target": "self"
						}
					},
					{
						"condition": "query.block_neighbor_has_any_tag(1,0,0,'custom_fence','not_feature_replaceable','candle','snow','grass','gravel','sand','dirt','diamond_pick_diggable','metal','stone','plant','pumpkin','wood','glass')&&!q.block_neighbor_has_any_tag(-1,0,0,'custom_fence','not_feature_replaceable','candle','snow','grass','gravel','sand','dirt','diamond_pick_diggable','metal','stone','plant','pumpkin','wood','glass')&&!q.block_neighbor_has_any_tag(0,0,-1,'custom_fence','not_feature_replaceable','candle','snow','grass','gravel','sand','dirt','diamond_pick_diggable','metal','stone','plant','pumpkin','wood','glass')&&!q.block_neighbor_has_any_tag(0,0,1,'custom_fence','not_feature_replaceable','candle','snow','grass','gravel','sand','dirt','diamond_pick_diggable','metal','stone','plant','pumpkin','wood','glass')",
						"trigger": {
							"event": "nubs:wall_3",
							"target": "self"
						}
					},
					{
						"condition": "query.block_neighbor_has_any_tag(-1,0,0,'custom_fence','not_feature_replaceable','candle','snow','grass','gravel','sand','dirt','diamond_pick_diggable','metal','stone','plant','pumpkin','wood','glass')&&!q.block_neighbor_has_any_tag(1,0,0,'custom_fence','not_feature_replaceable','candle','snow','grass','gravel','sand','dirt','diamond_pick_diggable','metal','stone','plant','pumpkin','wood','glass')&&!q.block_neighbor_has_any_tag(0,0,1,'custom_fence','not_feature_replaceable','candle','snow','grass','gravel','sand','dirt','diamond_pick_diggable','metal','stone','plant','pumpkin','wood','glass')&&!q.block_neighbor_has_any_tag(0,0,-1,'custom_fence','not_feature_replaceable','candle','snow','grass','gravel','sand','dirt','diamond_pick_diggable','metal','stone','plant','pumpkin','wood','glass')",
						"trigger": {
							"event": "nubs:wall_4",
							"target": "self"
						}
					},
					{
						"condition": "query.block_neighbor_has_any_tag(0,0,1,'custom_fence','not_feature_replaceable','candle','snow','grass','gravel','sand','dirt','diamond_pick_diggable','metal','stone','plant','pumpkin','wood','glass')&&!query.block_neighbor_has_any_tag(0,0,-1,'custom_fence','not_feature_replaceable','candle','snow','grass','gravel','sand','dirt','diamond_pick_diggable','metal','stone','plant','pumpkin','wood','glass')&&query.block_neighbor_has_any_tag(-1,0,0,'custom_fence','not_feature_replaceable','candle','snow','grass','gravel','sand','dirt','diamond_pick_diggable','metal','stone','plant','pumpkin','wood','glass')&&query.block_neighbor_has_any_tag(1,0,0,'custom_fence','not_feature_replaceable','candle','snow','grass','gravel','sand','dirt','diamond_pick_diggable','metal','stone','plant','pumpkin','wood','glass')",
						"trigger": {
							"event": "nubs:wall_5",
							"target": "self"
						}
					},
					{
						"condition": "q.block_neighbor_has_any_tag(1,0,0,'custom_fence','not_feature_replaceable','candle','snow','grass','gravel','sand','dirt','diamond_pick_diggable','metal','stone','plant','pumpkin','wood','glass')&&q.block_neighbor_has_any_tag(-1,0,0,'custom_fence','not_feature_replaceable','candle','snow','grass','gravel','sand','dirt','diamond_pick_diggable','metal','stone','plant','pumpkin','wood','glass')&&q.block_neighbor_has_any_tag(0,0,1,'custom_fence','not_feature_replaceable','candle','snow','grass','gravel','sand','dirt','diamond_pick_diggable','metal','stone','plant','pumpkin','wood','glass')&&q.block_neighbor_has_any_tag(0,0,-1,'custom_fence','not_feature_replaceable','candle','snow','grass','gravel','sand','dirt','diamond_pick_diggable','metal','stone','plant','pumpkin','wood','glass')",
						"trigger": {
							"event": "nubs:wall_6",
							"target": "self"
						}
					},
					{
						"condition": "query.block_neighbor_has_any_tag(0,0,1,'custom_fence','not_feature_replaceable','candle','snow','grass','gravel','sand','dirt','diamond_pick_diggable','metal','stone','plant','pumpkin','wood','glass')&&query.block_neighbor_has_any_tag(0,0,-1,'custom_fence','not_feature_replaceable','candle','snow','grass','gravel','sand','dirt','diamond_pick_diggable','metal','stone','plant','pumpkin','wood','glass')&&!query.block_neighbor_has_any_tag(-1,0,0,'custom_fence','not_feature_replaceable','candle','snow','grass','gravel','sand','dirt','diamond_pick_diggable','metal','stone','plant','pumpkin','wood','glass')&&!query.block_neighbor_has_any_tag(1,0,0,'custom_fence','not_feature_replaceable','candle','snow','grass','gravel','sand','dirt','diamond_pick_diggable','metal','stone','plant','pumpkin','wood','glass')",
						"trigger": {
							"event": "nubs:wall_7",
							"target": "self"
						}
					},
					{
						"condition": "query.block_neighbor_has_any_tag(0,0,1,'custom_fence','not_feature_replaceable','candle','snow','grass','gravel','sand','dirt','diamond_pick_diggable','metal','stone','plant','pumpkin','wood','glass')&&!query.block_neighbor_has_any_tag(0,0,-1,'custom_fence','not_feature_replaceable','candle','snow','grass','gravel','sand','dirt','diamond_pick_diggable','metal','stone','plant','pumpkin','wood','glass')&&query.block_neighbor_has_any_tag(-1,0,0,'custom_fence','not_feature_replaceable','candle','snow','grass','gravel','sand','dirt','diamond_pick_diggable','metal','stone','plant','pumpkin','wood','glass')&&!query.block_neighbor_has_any_tag(1,0,0,'custom_fence','not_feature_replaceable','candle','snow','grass','gravel','sand','dirt','diamond_pick_diggable','metal','stone','plant','pumpkin','wood','glass')",
						"trigger": {
							"event": "nubs:wall_8",
							"target": "self"
						}
					},
					{
						"condition": "query.block_neighbor_has_any_tag(0,0,1,'custom_fence','not_feature_replaceable','candle','snow','grass','gravel','sand','dirt','diamond_pick_diggable','metal','stone','plant','pumpkin','wood','glass')&&!query.block_neighbor_has_any_tag(0,0,-1,'custom_fence','not_feature_replaceable','candle','snow','grass','gravel','sand','dirt','diamond_pick_diggable','metal','stone','plant','pumpkin','wood','glass')&&!query.block_neighbor_has_any_tag(-1,0,0,'custom_fence','not_feature_replaceable','candle','snow','grass','gravel','sand','dirt','diamond_pick_diggable','metal','stone','plant','pumpkin','wood','glass')&&query.block_neighbor_has_any_tag(1,0,0,'custom_fence','not_feature_replaceable','candle','snow','grass','gravel','sand','dirt','diamond_pick_diggable','metal','stone','plant','pumpkin','wood','glass')",
						"trigger": {
							"event": "nubs:wall_9",
							"target": "self"
						}
					},
					{
						"condition": "!query.block_neighbor_has_any_tag(0,0,1,'custom_fence','not_feature_replaceable','candle','snow','grass','gravel','sand','dirt','diamond_pick_diggable','metal','stone','plant','pumpkin','wood','glass')&&query.block_neighbor_has_any_tag(0,0,-1,'custom_fence','not_feature_replaceable','candle','snow','grass','gravel','sand','dirt','diamond_pick_diggable','metal','stone','plant','pumpkin','wood','glass')&&query.block_neighbor_has_any_tag(-1,0,0,'custom_fence','not_feature_replaceable','candle','snow','grass','gravel','sand','dirt','diamond_pick_diggable','metal','stone','plant','pumpkin','wood','glass')&&!query.block_neighbor_has_any_tag(1,0,0,'custom_fence','not_feature_replaceable','candle','snow','grass','gravel','sand','dirt','diamond_pick_diggable','metal','stone','plant','pumpkin','wood','glass')",
						"trigger": {
							"event": "nubs:wall_10",
							"target": "self"
						}
					},
					{
						"condition": "!query.block_neighbor_has_any_tag(0,0,1,'custom_fence','not_feature_replaceable','candle','snow','grass','gravel','sand','dirt','diamond_pick_diggable','metal','stone','plant','pumpkin','wood','glass')&&query.block_neighbor_has_any_tag(0,0,-1,'custom_fence','not_feature_replaceable','candle','snow','grass','gravel','sand','dirt','diamond_pick_diggable','metal','stone','plant','pumpkin','wood','glass')&&!query.block_neighbor_has_any_tag(-1,0,0,'custom_fence','not_feature_replaceable','candle','snow','grass','gravel','sand','dirt','diamond_pick_diggable','metal','stone','plant','pumpkin','wood','glass')&&query.block_neighbor_has_any_tag(1,0,0,'custom_fence','not_feature_replaceable','candle','snow','grass','gravel','sand','dirt','diamond_pick_diggable','metal','stone','plant','pumpkin','wood','glass')",
						"trigger": {
							"event": "nubs:wall_11",
							"target": "self"
						}
					},
					{
						"condition": "!query.block_neighbor_has_any_tag(0,0,1,'custom_fence','not_feature_replaceable','candle','snow','grass','gravel','sand','dirt','diamond_pick_diggable','metal','stone','plant','pumpkin','wood','glass')&&!query.block_neighbor_has_any_tag(0,0,-1,'custom_fence','not_feature_replaceable','candle','snow','grass','gravel','sand','dirt','diamond_pick_diggable','metal','stone','plant','pumpkin','wood','glass')&&query.block_neighbor_has_any_tag(-1,0,0,'custom_fence','not_feature_replaceable','candle','snow','grass','gravel','sand','dirt','diamond_pick_diggable','metal','stone','plant','pumpkin','wood','glass')&&query.block_neighbor_has_any_tag(1,0,0,'custom_fence','not_feature_replaceable','candle','snow','grass','gravel','sand','dirt','diamond_pick_diggable','metal','stone','plant','pumpkin','wood','glass')",
						"trigger": {
							"event": "nubs:wall_12",
							"target": "self"
						}
					},
					{
						"condition": "query.block_neighbor_has_any_tag(0,0,1,'custom_fence','not_feature_replaceable','candle','snow','grass','gravel','sand','dirt','diamond_pick_diggable','metal','stone','plant','pumpkin','wood','glass')&&query.block_neighbor_has_any_tag(0,0,-1,'custom_fence','not_feature_replaceable','candle','snow','grass','gravel','sand','dirt','diamond_pick_diggable','metal','stone','plant','pumpkin','wood','glass')&&query.block_neighbor_has_any_tag(-1,0,0,'custom_fence','not_feature_replaceable','candle','snow','grass','gravel','sand','dirt','diamond_pick_diggable','metal','stone','plant','pumpkin','wood','glass')&&!query.block_neighbor_has_any_tag(1,0,0,'custom_fence','not_feature_replaceable','candle','snow','grass','gravel','sand','dirt','diamond_pick_diggable','metal','stone','plant','pumpkin','wood','glass')",
						"trigger": {
							"event": "nubs:wall_13",
							"target": "self"
						}
					},
					{
						"condition": "query.block_neighbor_has_any_tag(0,0,1,'custom_fence','not_feature_replaceable','candle','snow','grass','gravel','sand','dirt','diamond_pick_diggable','metal','stone','plant','pumpkin','wood','glass')&&query.block_neighbor_has_any_tag(0,0,-1,'custom_fence','not_feature_replaceable','candle','snow','grass','gravel','sand','dirt','diamond_pick_diggable','metal','stone','plant','pumpkin','wood','glass')&&!query.block_neighbor_has_any_tag(-1,0,0,'custom_fence','not_feature_replaceable','candle','snow','grass','gravel','sand','dirt','diamond_pick_diggable','metal','stone','plant','pumpkin','wood','glass')&&query.block_neighbor_has_any_tag(1,0,0,'custom_fence','not_feature_replaceable','candle','snow','grass','gravel','sand','dirt','diamond_pick_diggable','metal','stone','plant','pumpkin','wood','glass')",
						"trigger": {
							"event": "nubs:wall_14",
							"target": "self"
						}
					},
					{
						"condition": "!query.block_neighbor_has_any_tag(0,0,1,'custom_fence','not_feature_replaceable','candle','snow','grass','gravel','sand','dirt','diamond_pick_diggable','metal','stone','plant','pumpkin','wood','glass')&&query.block_neighbor_has_any_tag(0,0,-1,'custom_fence','not_feature_replaceable','candle','snow','grass','gravel','sand','dirt','diamond_pick_diggable','metal','stone','plant','pumpkin','wood','glass')&&query.block_neighbor_has_any_tag(-1,0,0,'custom_fence','not_feature_replaceable','candle','snow','grass','gravel','sand','dirt','diamond_pick_diggable','metal','stone','plant','pumpkin','wood','glass')&&query.block_neighbor_has_any_tag(1,0,0,'custom_fence','not_feature_replaceable','candle','snow','grass','gravel','sand','dirt','diamond_pick_diggable','metal','stone','plant','pumpkin','wood','glass')",
						"trigger": {
							"event": "nubs:wall_15",
							"target": "self"
						}
					},
					{
						"condition": "query.block_neighbor_has_any_tag(0,1,0,'custom_fence','not_feature_replaceable','candle','snow','grass','gravel','sand','dirt','diamond_pick_diggable','metal','stone','plant','pumpkin','wood','glass')",
						"trigger": {
							"event": "nubs:upper_wall_1",
							"target": "self"
						}
					},
					{
						"condition": "!query.block_neighbor_has_any_tag(0,1,0,'custom_fence','not_feature_replaceable','candle','snow','grass','gravel','sand','dirt','diamond_pick_diggable','metal','stone','plant','pumpkin','wood','glass')",
						"trigger": {
							"event": "nubs:upper_wall_0",
							"target": "self"
						}
					}
				]
			},
			"nubs:upper_wall_0": {
				"set_block_property": {
					"nubs:upper_wall": 0
				}
			},
			"nubs:upper_wall_1": {
				"set_block_property": {
					"nubs:upper_wall": 1
				}
			},
			"nubs:wall_0": {
				"set_block_property": {
					"nubs:wall": 0
				}
			},
			"nubs:wall_1": {
				"set_block_property": {
					"nubs:wall": 1
				}
			},
			"nubs:wall_2": {
				"set_block_property": {
					"nubs:wall": 2
				}
			},
			"nubs:wall_3": {
				"set_block_property": {
					"nubs:wall": 3
				}
			},
			"nubs:wall_4": {
				"set_block_property": {
					"nubs:wall": 4
				}
			},
			"nubs:wall_5": {
				"set_block_property": {
					"nubs:wall": 5
				}
			},
			"nubs:wall_6": {
				"set_block_property": {
					"nubs:wall": 6
				}
			},
			"nubs:wall_7": {
				"set_block_property": {
					"nubs:wall": 7
				}
			},
			"nubs:wall_8": {
				"set_block_property": {
					"nubs:wall": 8
				}
			},
			"nubs:wall_9": {
				"set_block_property": {
					"nubs:wall": 9
				}
			},
			"nubs:wall_10": {
				"set_block_property": {
					"nubs:wall": 10
				}
			},
			"nubs:wall_11": {
				"set_block_property": {
					"nubs:wall": 11
				}
			},
			"nubs:wall_12": {
				"set_block_property": {
					"nubs:wall": 12
				}
			},
			"nubs:wall_13": {
				"set_block_property": {
					"nubs:wall": 13
				}
			},
			"nubs:wall_14": {
				"set_block_property": {
					"nubs:wall": 14
				}
			},
			"nubs:wall_15": {
				"set_block_property": {
					"nubs:wall": 15
				}
			},
			"nubs:render": {
				"set_block_property": {
					"nubs:render": 1
				}
			}
		},
		"permutations": [
			{
				"condition": "query.block_property('nubs:wall') == 0",
				"components": {
					"minecraft:collision_box": {
						"origin": [
							-4,
							0,
							-4
						],
						"size": [
							8,
							16,
							8
						]
					},
					"minecraft:selection_box": {
						"origin": [
							-4,
							0,
							-4
						],
						"size": [
							8,
							16,
							8
						]
					}
				}
			},
			{
				"condition": "query.block_property('nubs:wall') == 1",
				"components": {
					"minecraft:collision_box": {
						"origin": [
							-3,
							0,
							-8
						],
						"size": [
							6,
							16,
							12
						]
					},
					"minecraft:selection_box": {
						"origin": [
							-3,
							0,
							-8
						],
						"size": [
							6,
							16,
							12
						]
					}
				}
			},
			{
				"condition": "query.block_property('nubs:wall') == 2",
				"components": {
					"minecraft:collision_box": {
						"origin": [
							-3,
							0,
							-4
						],
						"size": [
							6,
							16,
							12
						]
					},
					"minecraft:selection_box": {
						"origin": [
							-3,
							0,
							-4
						],
						"size": [
							6,
							16,
							12
						]
					}
				}
			},
			{
				"condition": "query.block_property('nubs:wall') == 3",
				"components": {
					"minecraft:collision_box": {
						"origin": [
							-8,
							0,
							-3
						],
						"size": [
							12,
							16,
							6
						]
					},
					"minecraft:selection_box": {
						"origin": [
							-8,
							0,
							-3
						],
						"size": [
							12,
							16,
							6
						]
					}
				}
			},
			{
				"condition": "query.block_property('nubs:wall') == 4",
				"components": {
					"minecraft:collision_box": {
						"origin": [
							-4,
							0,
							-3
						],
						"size": [
							12,
							16,
							6
						]
					},
					"minecraft:selection_box": {
						"origin": [
							-4,
							0,
							-3
						],
						"size": [
							12,
							16,
							6
						]
					}
				}
			},
			{
				"condition": "query.block_property('nubs:wall') == 5",
				"components": {
					"minecraft:collision_box": {
						"origin": [
							-4,
							0,
							-4
						],
						"size": [
							8,
							16,
							8
						]
					},
					"minecraft:selection_box": {
						"origin": [
							-4,
							0,
							-4
						],
						"size": [
							8,
							16,
							8
						]
					}
				}
			},
			{
				"condition": "query.block_property('nubs:wall') == 6",
				"components": {
					"minecraft:collision_box": {
						"origin": [
							-4,
							0,
							-4
						],
						"size": [
							8,
							16,
							8
						]
					},
					"minecraft:selection_box": {
						"origin": [
							-4,
							0,
							-4
						],
						"size": [
							8,
							16,
							8
						]
					}
				}
			},
			{
				"condition": "query.block_property('nubs:wall') == 7",
				"components": {
					"minecraft:collision_box": {
						"origin": [
							-3,
							0,
							-8
						],
						"size": [
							6,
							16,
							16
						]
					},
					"minecraft:selection_box": {
						"origin": [
							-3,
							0,
							-8
						],
						"size": [
							6,
							16,
							16
						]
					}
				}
			},
			{
				"condition": "query.block_property('nubs:wall') == 8",
				"components": {
					"minecraft:collision_box": {
						"origin": [
							-4,
							0,
							-4
						],
						"size": [
							8,
							16,
							8
						]
					},
					"minecraft:selection_box": {
						"origin": [
							-4,
							0,
							-4
						],
						"size": [
							8,
							16,
							8
						]
					}
				}
			},
			{
				"condition": "query.block_property('nubs:wall') == 9",
				"components": {
					"minecraft:collision_box": {
						"origin": [
							-4,
							0,
							-4
						],
						"size": [
							8,
							16,
							8
						]
					},
					"minecraft:selection_box": {
						"origin": [
							-4,
							0,
							-4
						],
						"size": [
							8,
							16,
							8
						]
					}
				}
			},
			{
				"condition": "query.block_property('nubs:wall') == 10",
				"components": {
					"minecraft:collision_box": {
						"origin": [
							-4,
							0,
							-4
						],
						"size": [
							8,
							16,
							8
						]
					},
					"minecraft:selection_box": {
						"origin": [
							-4,
							0,
							-4
						],
						"size": [
							8,
							16,
							8
						]
					}
				}
			},
			{
				"condition": "query.block_property('nubs:wall') == 11",
				"components": {
					"minecraft:collision_box": {
						"origin": [
							-4,
							0,
							-4
						],
						"size": [
							8,
							16,
							8
						]
					},
					"minecraft:selection_box": {
						"origin": [
							-4,
							0,
							-4
						],
						"size": [
							8,
							16,
							8
						]
					}
				}
			},
			{
				"condition": "query.block_property('nubs:wall') == 12",
				"components": {
					"minecraft:collision_box": {
						"origin": [
							-8,
							0,
							-3
						],
						"size": [
							16,
							16,
							6
						]
					},
					"minecraft:selection_box": {
						"origin": [
							-8,
							0,
							-3
						],
						"size": [
							16,
							16,
							6
						]
					}
				}
			},
			{
				"condition": "query.block_property('nubs:wall') == 13",
				"components": {
					"minecraft:collision_box": {
						"origin": [
							-4,
							0,
							-4
						],
						"size": [
							8,
							16,
							8
						]
					},
					"minecraft:selection_box": {
						"origin": [
							-4,
							0,
							-4
						],
						"size": [
							8,
							16,
							8
						]
					}
				}
			},
			{
				"condition": "query.block_property('nubs:wall') == 14",
				"components": {
					"minecraft:collision_box": {
						"origin": [
							-4,
							0,
							-4
						],
						"size": [
							8,
							16,
							8
						]
					},
					"minecraft:selection_box": {
						"origin": [
							-4,
							0,
							-4
						],
						"size": [
							8,
							16,
							8
						]
					}
				}
			},
			{
				"condition": "query.block_property('nubs:wall') == 15",
				"components": {
					"minecraft:collision_box": {
						"origin": [
							-4,
							0,
							-4
						],
						"size": [
							8,
							16,
							8
						]
					},
					"minecraft:selection_box": {
						"origin": [
							-4,
							0,
							-4
						],
						"size": [
							8,
							16,
							8
						]
					}
				}
			}
		]
	}
}