{
	"file_path": "C:\\Users\\jepco\\AppData\\Local\\Packages\\Microsoft.MinecraftUWP_8wekyb3d8bbwe\\LocalState\\games\\com.mojang\\development_behavior_packs\\WasteLanders 2.3 BP\\recipes\\misc\\hanging_vines.json",
	"file_type": "recipe",
	"format_version": 1,
	"file_uuid": "e7b81ecb_7c61_4446_a4c2_d0b380b9075b",
	"file_version": 2,
	"cache_content": {
		"children": [
			{
				"data": "1.12",
				"key": "format_version"
			},
			{
				"open": {
					"format_version": 1.12,
					"minecraft:recipe_shapeless": {
						"description": {
							"identifier": "nubs:hanging_vines_placer"
						},
						"tags": [
							"crafting_table"
						],
						"ingredients": [
							{
								"item": "minecraft:vine"
							}
						],
						"result": {
							"item": "nubs:hanging_vines_placer"
						}
					}
				},
				"key": "minecraft:recipe_shapeless",
				"is_minified": true,
				"children": {
					"description": {
						"identifier": "nubs:hanging_vines_placer"
					},
					"tags": [
						"crafting_table"
					],
					"ingredients": [
						{
							"item": "minecraft:vine"
						}
					],
					"result": {
						"item": "nubs:hanging_vines_placer"
					}
				}
			}
		]
	}
}