{
	"format_version": "1.20.20",
	"minecraft:block": {
		"description": {
			"identifier": "nubs:steel_tile_beam",
			"menu_category": {
				"group": "itemGroup.name.copper",
				"category": "construction"
			},
			"states": {
				"nubs:direction": [
					0,
					1,
					2
				]
			}
		},
		"components": {
			"minecraft:destructible_by_mining": {
				"seconds_to_destroy": 2
			},
			"minecraft:destructible_by_explosion": false,
			"minecraft:geometry": "geometry.pillar",
			"minecraft:material_instances": {
				"*": {
					"texture": "nubs_steel_tile",
					"render_method": "opaque"
				}
			},
			"minecraft:collision_box": {
				"origin": [
					-4,
					0,
					-4
				],
				"size": [
					8,
					16,
					8
				]
			},
			"minecraft:selection_box": {
				"origin": [
					-4,
					0,
					-4
				],
				"size": [
					8,
					16,
					8
				]
			},
			"minecraft:on_player_placing": {
				"event": "set_direction"
			}
		},
		"permutations": [
			{
				"condition": "query.block_state('nubs:direction') == 0",
				"components": {
					"minecraft:transformation": {
						"rotation": [
							0,
							0,
							0
						]
					}
				}
			},
			{
				"condition": "query.block_state('nubs:direction') == 1",
				"components": {
					"minecraft:transformation": {
						"rotation": [
							90,
							0,
							0
						]
					}
				}
			},
			{
				"condition": "query.block_state('nubs:direction') == 2",
				"components": {
					"minecraft:transformation": {
						"rotation": [
							0,
							0,
							90
						]
					}
				}
			}
		],
		"events": {
			"set_direction": {
				"set_block_state": {
					"nubs:direction": "math.floor(query.block_face/2)"
				}
			}
		}
	}
}