{"format_version":"1.16.100","minecraft:fog_settings":{"description":{"identifier":"nubs:fog_wastelands"},"distance":{"air":{"fog_start":0,"fog_end":0.5,"fog_color":"#766d5e","render_distance_type":"render"},"water":{"fog_start":0,"fog_end":15,"fog_color":"#1f1b13","render_distance_type":"fixed"},"weather":{"fog_start":0,"fog_end":0.125,"fog_color":"#766d5e","render_distance_type":"render"},"lava":{"fog_start":0,"fog_end":0.64,"fog_color":"#991A00","render_distance_type":"fixed"},"lava_resistance":{"fog_start":2,"fog_end":4,"fog_color":"#991A00","render_distance_type":"fixed"}}}}