{
	"format_version": "1.20.20",
	"minecraft:block": {
		"description": {
			"identifier": "nubs:load_block_city_3",
			"menu_category": {
				"group": "commands",
				"category": "commands"
			}
		},
		"components": {
			"minecraft:destructible_by_mining": {
				"seconds_to_destroy": 1
			},
			"minecraft:queued_ticking": {
				"interval_range": [
					10,
					10
				],
				"on_tick": {
					"event": "load"
				}
			}
		},
		"events": {
			"load": {
				"run_command": {
					"command": [
						"structure load mystructure:city_3 ~-64 ~ ~-63",
						"fill ~~~ ~~~ stone"
					]
				}
			}
		}
	}
}