{
	"file_path": "C:\\Users\\jepco\\AppData\\Local\\Packages\\Microsoft.MinecraftUWP_8wekyb3d8bbwe\\LocalState\\games\\com.mojang\\development_behavior_packs\\WasteLanders BP\\blocks\\developer_blocks\\load_system_blocks\\mob_spawning\\nubs_load_block_vehicle.json",
	"file_type": "block",
	"format_version": 1,
	"file_uuid": "dbf1be22_3677_4bbe_b0e0_a8c9a0711627",
	"file_version": 1,
	"cache_content": {
		"children": [
			{
				"data": "1.16.100",
				"key": "format_version"
			},
			{
				"open": {
					"format_version": "1.16.100",
					"minecraft:block": {
						"description": {
							"identifier": "nubs:load_block_vehicle",
							"is_experimental": false,
							"register_to_creative_menu": true
						},
						"components": {
							"minecraft:destroy_time": 2,
							"minecraft:friction": 0.6,
							"minecraft:map_color": "#FFFFFF",
							"minecraft:flammable": {
								"flame_odds": 0,
								"burn_odds": 0
							},
							"minecraft:block_light_absorption": 15,
							"minecraft:block_light_emission": 0,
							"minecraft:explosion_resistance": 6,
							"minecraft:material_instances": {
								"*": {
									"texture": "nubs_load_block_vehicle",
									"render_method": "alpha_test"
								}
							},
							"minecraft:creative_category": {
								"category": "commands",
								"group": "commands"
							},
							"minecraft:on_placed": {
								"event": "load"
							}
						},
						"events": {
							"load": {
								"randomize": [
									{
										"weight": 1,
										"run_command": {
											"command": [
												"summon nubs:broken_car"
											]
										},
										"set_block": {
											"block_type": "minecraft:air"
										}
									},
									{
										"weight": 1,
										"run_command": {
											"command": [
												"summon nubs:broken_truck"
											]
										},
										"set_block": {
											"block_type": "minecraft:air"
										}
									},
									{
										"weight": 1,
										"run_command": {
											"command": [
												"summon nubs:broken_motorcycle"
											]
										},
										"set_block": {
											"block_type": "minecraft:air"
										}
									},
									{
										"weight": 1,
										"set_block": {
											"block_type": "minecraft:air"
										}
									}
								]
							}
						}
					}
				},
				"key": "minecraft:block",
				"children": [
					{
						"key": "description",
						"is_minified": true,
						"children": {
							"identifier": "nubs:load_block_vehicle",
							"is_experimental": false,
							"register_to_creative_menu": true
						}
					},
					{
						"open": {
							"description": {
								"identifier": "nubs:load_block_vehicle",
								"is_experimental": false,
								"register_to_creative_menu": true
							},
							"components": {
								"minecraft:destroy_time": 2,
								"minecraft:friction": 0.6,
								"minecraft:map_color": "#FFFFFF",
								"minecraft:flammable": {
									"flame_odds": 0,
									"burn_odds": 0
								},
								"minecraft:block_light_absorption": 15,
								"minecraft:block_light_emission": 0,
								"minecraft:explosion_resistance": 6,
								"minecraft:material_instances": {
									"*": {
										"texture": "nubs_load_block_vehicle",
										"render_method": "alpha_test"
									}
								},
								"minecraft:creative_category": {
									"category": "commands",
									"group": "commands"
								},
								"minecraft:on_placed": {
									"event": "load"
								}
							},
							"events": {
								"load": {
									"randomize": [
										{
											"weight": 1,
											"run_command": {
												"command": [
													"summon nubs:broken_car"
												]
											},
											"set_block": {
												"block_type": "minecraft:air"
											}
										},
										{
											"weight": 1,
											"run_command": {
												"command": [
													"summon nubs:broken_truck"
												]
											},
											"set_block": {
												"block_type": "minecraft:air"
											}
										},
										{
											"weight": 1,
											"run_command": {
												"command": [
													"summon nubs:broken_motorcycle"
												]
											},
											"set_block": {
												"block_type": "minecraft:air"
											}
										},
										{
											"weight": 1,
											"set_block": {
												"block_type": "minecraft:air"
											}
										}
									]
								}
							}
						},
						"key": "components",
						"is_minified": true,
						"children": {
							"minecraft:destroy_time": 2,
							"minecraft:friction": 0.6,
							"minecraft:map_color": "#FFFFFF",
							"minecraft:flammable": {
								"flame_odds": 0,
								"burn_odds": 0
							},
							"minecraft:block_light_absorption": 15,
							"minecraft:block_light_emission": 0,
							"minecraft:explosion_resistance": 6,
							"minecraft:material_instances": {
								"*": {
									"texture": "nubs_load_block_vehicle",
									"render_method": "alpha_test"
								}
							},
							"minecraft:creative_category": {
								"category": "commands",
								"group": "commands"
							},
							"minecraft:on_placed": {
								"event": "load"
							}
						}
					},
					{
						"key": "events",
						"is_minified": true,
						"children": {
							"load": {
								"randomize": [
									{
										"weight": 1,
										"run_command": {
											"command": [
												"summon nubs:broken_car"
											]
										},
										"set_block": {
											"block_type": "minecraft:air"
										}
									},
									{
										"weight": 1,
										"run_command": {
											"command": [
												"summon nubs:broken_truck"
											]
										},
										"set_block": {
											"block_type": "minecraft:air"
										}
									},
									{
										"weight": 1,
										"run_command": {
											"command": [
												"summon nubs:broken_motorcycle"
											]
										},
										"set_block": {
											"block_type": "minecraft:air"
										}
									},
									{
										"weight": 1,
										"set_block": {
											"block_type": "minecraft:air"
										}
									}
								]
							}
						}
					}
				]
			}
		]
	}
}