{
	"format_version": "1.8.0",
	"animations": {
		"animation.blood_wing.bobbing": {
			"loop": true,
			"animation_length": 0.32,
			"bones": {
				"thorax": {
					"rotation": [
						15,
						0,
						0
					]
				},
				"abdomen": {
					"rotation": {
						"0.0": [
							0,
							0,
							0
						],
						"0.16": [
							15,
							0,
							0
						],
						"0.32": [
							0,
							0,
							0
						]
					}
				},
				"la": {
					"rotation": [
						-10,
						0,
						0
					]
				},
				"ra": {
					"rotation": [
						-10,
						0,
						0
					]
				},
				"wing0": {
					"rotation": [
						10,
						0,
						0
					]
				},
				"wing1": {
					"rotation": [
						10,
						0,
						0
					]
				}
			}
		},
		"animation.blood_wing.flying": {
			"loop": true,
			"animation_length": 0.16,
			"bones": {
				"wing0": {
					"rotation": {
						"0.0": [
							0,
							0,
							45
						],
						"0.04": [
							0,
							0,
							45
						],
						"0.08": [
							0,
							0,
							0
						],
						"0.12": [
							0,
							0,
							-45
						],
						"0.16": [
							0,
							0,
							0
						]
					}
				},
				"wing1": {
					"rotation": {
						"0.0": [
							0,
							0,
							0
						],
						"0.04": [
							0,
							0,
							-45
						],
						"0.08": [
							0,
							0,
							0
						],
						"0.12": [
							0,
							0,
							45
						],
						"0.16": [
							0,
							0,
							0
						]
					}
				}
			}
		}
	}
}