{
	"format_version": "1.8.0",
	"animations": {
		"animation.cave_crawler.default_leg_pose": {
			"loop": true,
			"animation_length": 0.25,
			"bones": {
				"stinger": {
					"rotation": {
						"0.0": [
							0,
							0,
							0
						],
						"0.125": [
							5,
							0,
							0
						],
						"0.25": [
							0,
							0,
							0
						]
					}
				},
				"aa": {
					"rotation": {
						"0.0": [
							0,
							0,
							0
						],
						"0.125": [
							0,
							15,
							0
						],
						"0.25": [
							0,
							0,
							0
						]
					}
				},
				"ab": {
					"rotation": {
						"0.0": [
							0,
							0,
							0
						],
						"0.125": [
							0,
							-15,
							0
						],
						"0.25": [
							0,
							0,
							0
						]
					}
				},
				"leg5": {
					"rotation": [
						45,
						0,
						45
					],
					"position": [
						-1,
						1,
						0
					]
				},
				"la": {
					"rotation": [
						0,
						0,
						-90
					],
					"position": [
						-1,
						0,
						0
					]
				},
				"leg3": {
					"rotation": [
						0,
						0,
						55
					],
					"position": [
						-1,
						1,
						0
					]
				},
				"lb": {
					"rotation": [
						0,
						0,
						-90
					],
					"position": [
						-1,
						0,
						0
					]
				},
				"leg1": {
					"rotation": [
						-45,
						0,
						45
					],
					"position": [
						-1,
						1,
						0
					]
				},
				"lc": {
					"rotation": [
						0,
						0,
						-90
					],
					"position": [
						-1,
						0,
						0
					]
				},
				"leg4": {
					"rotation": [
						45,
						0,
						-45
					],
					"position": [
						1,
						1,
						0
					]
				},
				"ra": {
					"rotation": [
						0,
						0,
						90
					],
					"position": [
						1,
						0,
						0
					]
				},
				"leg2": {
					"rotation": [
						0,
						0,
						-55
					],
					"position": [
						1,
						1,
						0
					]
				},
				"rb": {
					"rotation": [
						0,
						0,
						90
					],
					"position": [
						1,
						0,
						0
					]
				},
				"leg0": {
					"rotation": [
						-45,
						0,
						-45
					],
					"position": [
						1,
						1,
						0
					]
				},
				"rc": {
					"rotation": [
						0,
						0,
						90
					],
					"position": [
						1,
						0,
						0
					]
				}
			}
		}
	}
}