{
	"format_version": "1.8.0",
	"animations": {
		"animation.desert_crawler.default_leg_pose": {
			"loop": true,
			"animation_length": 0.5,
			"bones": {
				"bone": {
					"position": [
						0,
						15,
						0
					]
				},
				"leg1": {
					"rotation": [
						29.83757,
						-35.39626,
						-44.71911
					],
					"position": [
						-1,
						0,
						0
					]
				},
				"leg5": {
					"rotation": [
						-29.83757,
						35.39626,
						-44.71911
					],
					"position": [
						-1,
						0,
						0
					]
				},
				"leg3": {
					"rotation": [
						0,
						0,
						-45
					],
					"position": [
						-1,
						0,
						0
					]
				},
				"leg2": {
					"rotation": [
						0,
						0,
						45
					],
					"position": [
						1,
						0,
						0
					]
				},
				"leg0": {
					"rotation": [
						29.83757,
						35.39626,
						44.71911
					],
					"position": [
						1,
						0,
						0
					]
				},
				"leg4": {
					"rotation": [
						-29.83757,
						-35.39626,
						44.71911
					],
					"position": [
						1,
						0,
						0
					]
				},
				"end1": {
					"rotation": [
						0,
						0,
						90
					],
					"position": [
						0,
						1.5,
						0
					]
				},
				"end0": {
					"rotation": [
						0,
						0,
						-90
					],
					"position": [
						0,
						1.5,
						0
					]
				},
				"end3": {
					"rotation": [
						0,
						0,
						105
					],
					"position": [
						0,
						1.5,
						0
					]
				},
				"end2": {
					"rotation": [
						0,
						0,
						-105
					],
					"position": [
						0,
						1.5,
						0
					]
				},
				"end5": {
					"rotation": [
						0,
						0,
						90
					],
					"position": [
						0,
						1.5,
						0
					]
				},
				"end4": {
					"rotation": [
						0,
						0,
						-90
					],
					"position": [
						0,
						1.5,
						0
					]
				},
				"body": {
					"rotation": {
						"0.0": [
							0,
							0,
							0
						],
						"0.125": [
							0,
							0,
							2.5
						],
						"0.25": [
							0,
							0,
							0
						],
						"0.375": [
							0,
							0,
							-2.5
						],
						"0.5": [
							0,
							0,
							0
						]
					},
					"position": [
						0,
						-5,
						0
					]
				}
			}
		}
	}
}