{
	"format_version": "1.8.0",
	"animations": {
		"animation.marsh_prowler.setup": {
			"loop": true,
			"animation_length": 1,
			"bones": {
				"tail": {
					"rotation": {
						"0.0": [
							0,
							0,
							0
						],
						"0.25": [
							0,
							5,
							0
						],
						"0.5": [
							0,
							0,
							0
						],
						"0.75": [
							0,
							-5,
							0
						],
						"1.0": [
							0,
							0,
							0
						]
					}
				},
				"mouth": {
					"rotation": {
						"0.0": [
							0,
							0,
							0
						],
						"0.5": [
							15,
							0,
							0
						],
						"1.0": [
							0,
							0,
							0
						]
					}
				}
			}
		}
	}
}