{
	"format_version": "1.8.0",
	"animations": {
		"animation.humanoid.shoot_third_person": {
			"loop": true,
			"animation_length": 1,
			"bones": {
				"rightArm": {
					"rotation": {
						"0.0": [
							0,
							0,
							0
						],
						"0.125": [
							-70,
							0,
							0
						],
						"0.25": [
							0,
							0,
							0
						]
					}
				}
			}
		},
		"animation.humanoid.hold_gun": {
			"loop": true,
			"bones": {
				"rightArm": {
					"rotation": [
						-55,
						0,
						0
					]
				}
			}
		}
	}
}