{
	"format_version": "1.8.0",
	"animations": {
		"animation.quadruped.walk": {
			"loop": true,
			"anim_time_update": "query.modified_distance_moved",
			"bones": {
				"leg0": {
					"rotation": [
						"math.cos(query.anim_time*38.17)*80",
						0,
						0
					]
				},
				"leg1": {
					"rotation": [
						"math.cos(query.anim_time*38.17)*-80",
						0,
						0
					]
				},
				"leg2": {
					"rotation": [
						"math.cos(query.anim_time*38.17)*-80",
						0,
						0
					]
				},
				"leg3": {
					"rotation": [
						"math.cos(query.anim_time*38.17)*80",
						0,
						0
					]
				}
			}
		},
		"animation.mole_rat.setup": {
			"loop": true,
			"animation_length": 1.28,
			"bones": {
				"head": {
					"rotation": {
						"0.0": [
							0,
							0,
							0
						],
						"0.32": [
							0,
							10,
							0
						],
						"0.64": [
							0,
							0,
							0
						],
						"0.96": [
							0,
							-10,
							0
						],
						"1.28": [
							0,
							0,
							0
						]
					}
				},
				"tail": {
					"rotation": {
						"0.0": [
							0,
							0,
							0
						],
						"0.32": [
							5,
							0,
							0
						],
						"0.64": [
							0,
							0,
							0
						],
						"0.96": [
							-5,
							0,
							0
						],
						"1.28": [
							0,
							0,
							0
						]
					}
				},
				"lower": {
					"rotation": {
						"0.0": [
							0,
							0,
							0
						],
						"0.32": [
							5,
							0,
							0
						],
						"0.64": [
							0,
							0,
							0
						],
						"0.96": [
							-5,
							0,
							0
						],
						"1.28": [
							0,
							0,
							0
						]
					}
				},
				"upper": {
					"rotation": {
						"0.0": [
							0,
							0,
							0
						],
						"0.32": [
							5,
							0,
							0
						],
						"0.64": [
							0,
							0,
							0
						],
						"0.96": [
							-5,
							0,
							0
						],
						"1.28": [
							0,
							0,
							0
						]
					}
				},
				"jaw": {
					"rotation": {
						"0.0": [
							0,
							0,
							0
						],
						"0.64": [
							25,
							0,
							0
						],
						"1.28": [
							0,
							0,
							0
						]
					}
				}
			}
		}
	}
}