{
	"format_version": "1.8.0",
	"animations": {
		"animation.raptor.setup": {
			"loop": true,
			"animation_length": 1,
			"bones": {
				"upper": {
					"rotation": {
						"0.0": [
							0,
							0,
							0
						],
						"0.25": [
							0,
							0,
							-5
						],
						"0.5": [
							0,
							0,
							0
						],
						"0.75": [
							0,
							0,
							5
						],
						"1.0": [
							0,
							0,
							0
						]
					}
				},
				"head": {
					"rotation": {
						"0.0": [
							0,
							0,
							0
						],
						"0.25": [
							0,
							0,
							10
						],
						"0.5": [
							0,
							0,
							0
						],
						"0.75": [
							0,
							0,
							-10
						],
						"1.0": [
							0,
							0,
							0
						]
					}
				},
				"jaw": {
					"rotation": {
						"0.0": [
							0,
							0,
							0
						],
						"0.5": [
							10,
							0,
							0
						],
						"1.0": [
							0,
							0,
							0
						]
					}
				},
				"tail": {
					"rotation": {
						"0.0": [
							0,
							0,
							0
						],
						"0.25": [
							10,
							0,
							0
						],
						"0.5": [
							0,
							0,
							0
						],
						"0.75": [
							-10,
							0,
							0
						],
						"1.0": [
							0,
							0,
							0
						]
					}
				},
				"end": {
					"rotation": {
						"0.0": [
							0,
							0,
							0
						],
						"0.25": [
							-15,
							0,
							0
						],
						"0.5": [
							0,
							0,
							0
						],
						"0.75": [
							15,
							0,
							0
						],
						"1.0": [
							0,
							0,
							0
						]
					}
				}
			}
		}
	}
}