{
	"format_version": "1.8.0",
	"animations": {
		"animation.rocket_launcher.shoot": {
			"animation_length": 2,
			"bones": {
				"root": {
					"rotation": {
						"0.0": [
							0,
							0,
							0
						],
						"0.125": [
							-45,
							0,
							0
						],
						"1.25": [
							0,
							0,
							0
						]
					},
					"position": {
						"0.0": [
							0,
							0,
							0
						],
						"0.125": [
							0,
							1,
							0
						],
						"1.25": [
							0,
							0,
							0
						]
					}
				},
				"hammer": {
					"position": {
						"0.0": [
							0,
							0,
							0
						],
						"0.125": [
							0,
							0,
							2
						],
						"0.25": [
							0,
							0,
							0
						]
					}
				}
			}
		},
		"animation.rocket_launcher.wield_first_person": {
			"loop": true,
			"bones": {
				"root": {
					"rotation": [
						90,
						55,
						-45
					],
					"position": [
						3,
						20,
						3
					],
					"scale": 1.5
				}
			}
		},
		"animation.rocket_launcher.wield_third_person": {
			"loop": true,
			"bones": {
				"root": {
					"rotation": [
						90,
						0,
						0
					],
					"position": [
						0,
						17,
						-1
					]
				}
			}
		},
		"animation.rocket_launcher.sprint": {
			"loop": true,
			"bones": {
				"root": {
					"rotation": [
						-45,
						0,
						0
					],
					"position": [
						0,
						-9,
						0
					]
				}
			}
		},
		"animation.rocket_launcher.sneak": {
			"loop": true,
			"bones": {
				"gun": {
					"rotation": [
						-0.99258,
						-0.49887,
						-11.86948
					],
					"position": [
						11,
						4,
						0
					]
				}
			}
		}
	}
}