{
	"format_version": "1.10.0",
	"animations": {
		"animation.scrap_hook_thrower.wield_first_person": {
			"loop": true,
			"override_previous_animation": true,
			"bones": {
				"root": {
					"rotation": [
						90,
						45,
						-45
					],
					"position": [
						5,
						20,
						5
					],
					"scale": 1.5
				}
			}
		},
		"animation.scrap_hook_thrower.wield_third_person": {
			"loop": true,
			"bones": {
				"root": {
					"rotation": [
						90,
						0,
						0
					],
					"position": [
						0,
						17,
						0
					]
				}
			}
		},
		"animation.scrap_hook_thrower.shoot": {
			"loop": true,
			"animation_length": 1,
			"bones": {
				"root": {
					"rotation": {
						"0.0": [
							0,
							0,
							0
						],
						"0.125": [
							-25,
							0,
							0
						],
						"0.25": [
							0,
							0,
							0
						]
					},
					"position": {
						"0.0": [
							0,
							0,
							0
						],
						"0.125": [
							0,
							2,
							0
						],
						"0.25": [
							0,
							0,
							0
						]
					}
				}
			}
		},
		"animation.scrap_hook_thrower.sprint": {
			"loop": true,
			"bones": {
				"root": {
					"rotation": [
						-45,
						0,
						0
					],
					"position": [
						0,
						-9,
						0
					]
				}
			}
		},
		"animation.scrap_hook_thrower.sneak": {
			"loop": true,
			"bones": {
				"gun": {
					"rotation": [
						-0.99258,
						-0.49887,
						-11.86948
					],
					"position": [
						11,
						4,
						0
					]
				}
			}
		}
	}
}