{
	"format_version": "1.8.0",
	"animations": {
		"animation.slug.setup": {
			"loop": true,
			"animation_length": 1,
			"bones": {
				"righta": {
					"rotation": {
						"0.0": [
							0,
							0,
							0
						],
						"0.25": [
							-5,
							0,
							0
						],
						"0.5": [
							0,
							0,
							0
						],
						"0.75": [
							5,
							0,
							0
						],
						"1.0": [
							0,
							0,
							0
						]
					}
				},
				"lefta": {
					"rotation": {
						"0.0": [
							0,
							0,
							0
						],
						"0.25": [
							5,
							0,
							0
						],
						"0.5": [
							0,
							0,
							0
						],
						"0.75": [
							-5,
							0,
							0
						],
						"1.0": [
							0,
							0,
							0
						]
					}
				}
			}
		},
		"animation.slug.slide": {
			"loop": true,
			"animation_length": 0.4,
			"bones": {
				"head": {
					"position": {
						"0.0": [
							0,
							0,
							0
						],
						"0.2": [
							0,
							0,
							2
						],
						"0.4": [
							0,
							0,
							0
						]
					}
				},
				"tail0": {
					"position": {
						"0.0": [
							0,
							0,
							0
						],
						"0.2": [
							0,
							0,
							-2
						],
						"0.4": [
							0,
							0,
							0
						]
					}
				},
				"tail1": {
					"position": {
						"0.0": [
							0,
							0,
							0
						],
						"0.2": [
							0,
							0,
							-2
						],
						"0.4": [
							0,
							0,
							0
						]
					}
				},
				"tail2": {
					"position": {
						"0.0": [
							0,
							0,
							0
						],
						"0.2": [
							0,
							0,
							-2
						],
						"0.4": [
							0,
							0,
							0
						]
					}
				}
			}
		}
	}
}