{
	"format_version": "1.8.0",
	"animations": {
		"animation.terminant.setup": {
			"loop": true,
			"animation_length": 0.66667,
			"bones": {
				"body1": {
					"rotation": {
						"0.0": [
							0,
							0,
							0
						],
						"0.1667": [
							0,
							-5,
							0
						],
						"0.3333": [
							0,
							0,
							0
						],
						"0.5": [
							0,
							5,
							0
						],
						"0.6667": [
							0,
							0,
							0
						]
					}
				},
				"head": {
					"rotation": {
						"0.0": [
							0,
							0,
							0
						],
						"0.1667": [
							0,
							5,
							0
						],
						"0.3333": [
							0,
							0,
							0
						],
						"0.5": [
							0,
							-5,
							0
						],
						"0.6667": [
							0,
							0,
							0
						]
					}
				},
				"right_antennae": {
					"rotation": [
						-25,
						0,
						0
					]
				},
				"left_antennae": {
					"rotation": [
						-25,
						0,
						0
					]
				},
				"right_mandible": {
					"rotation": {
						"0.0": [
							0,
							0,
							0
						],
						"0.3333": [
							0,
							10,
							0
						],
						"0.6667": [
							0,
							0,
							0
						]
					}
				},
				"left_mandible": {
					"rotation": {
						"0.0": [
							0,
							0,
							0
						],
						"0.3333": [
							0,
							-10,
							0
						],
						"0.6667": [
							0,
							0,
							0
						]
					}
				}
			}
		}
	}
}