{
	"format_version": "1.8.0",
	"animations": {
		"animation.tube_worm.swim": {
			"loop": true,
			"animation_length": 0.64,
			"bones": {
				"bone": {
					"rotation": {
						"0.0": [
							0,
							0,
							0
						],
						"0.16": [
							0,
							0,
							-5
						],
						"0.32": [
							0,
							0,
							0
						],
						"0.48": [
							0,
							0,
							5
						],
						"0.64": [
							0,
							0,
							0
						]
					}
				},
				"fin4": {
					"rotation": {
						"0.0": [
							10,
							0,
							0
						],
						"0.32": [
							20,
							0,
							0
						],
						"0.64": [
							10,
							0,
							0
						]
					},
					"position": [
						0,
						1,
						0
					]
				},
				"fin3": {
					"rotation": {
						"0.0": [
							0,
							-10,
							0
						],
						"0.32": [
							0,
							-20,
							0
						],
						"0.64": [
							0,
							-10,
							0
						]
					},
					"position": [
						-1,
						0,
						0
					]
				},
				"fin2": {
					"rotation": {
						"0.0": [
							0,
							10,
							0
						],
						"0.32": [
							0,
							20,
							0
						],
						"0.64": [
							0,
							10,
							0
						]
					},
					"position": [
						1,
						0,
						0
					]
				},
				"fin1": {
					"rotation": {
						"0.0": [
							-10,
							0,
							0
						],
						"0.32": [
							-20,
							0,
							0
						],
						"0.64": [
							-10,
							0,
							0
						]
					},
					"position": [
						0,
						-1,
						0
					]
				}
			}
		}
	}
}