{
	"format_version": "1.8.0",
	"animations": {
		"animation.vehicle.engine_hum": {
			"loop": true,
			"animation_length": 0.08,
			"bones": {
				"body": {
					"position": {
						"0.0": {
							"post": [
								0,
								0,
								0
							],
							"lerp_mode": "catmullrom"
						},
						"0.04": {
							"post": [
								0,
								0.25,
								0
							],
							"lerp_mode": "catmullrom"
						},
						"0.08": {
							"post": [
								0,
								0,
								0
							],
							"lerp_mode": "catmullrom"
						}
					}
				}
			}
		},
		"animation.vehicle.tires_move": {
			"loop": true,
			"animation_length": 0.16,
			"bones": {
				"frontaxis": {
					"rotation": {
						"0.0": {
							"post": [
								0,
								0,
								0
							],
							"lerp_mode": "catmullrom"
						},
						"0.16": {
							"post": [
								360,
								0,
								0
							],
							"lerp_mode": "catmullrom"
						}
					}
				},
				"rearaxis": {
					"rotation": {
						"0.0": {
							"post": [
								0,
								0,
								0
							],
							"lerp_mode": "catmullrom"
						},
						"0.16": {
							"post": [
								360,
								0,
								0
							],
							"lerp_mode": "catmullrom"
						}
					}
				}
			}
		}
	}
}