{
	"format_version": "1.20.20",
	"minecraft:block": {
		"description": {
			"identifier": "nubs:skeletal_remains",
			"menu_category": {
				"category": "nature",
				"group": "nature"
			},
			"states": {
				"nubs:facing": [
					0,
					1,
					2,
					3,
					4,
					5
				],
				"nubs:direction": [
					0,
					1,
					2,
					3
				]
			}
		},
		"components": {
			"minecraft:destructible_by_mining": {
				"seconds_to_destroy": 0.1
			},
			"minecraft:destructible_by_explosion": true,
			"minecraft:on_player_placing": {
				"event": "nubs:placement"
			},
			"minecraft:on_placed": {
				"event": "nubs:placement"
			}
		},
		"permutations": [
			{
				"condition": "q.block_state('nubs:facing') == 0",
				"components": {
					"minecraft:geometry": "geometry.skeletal_remains_up",
					"minecraft:material_instances": {
						"*": {
							"texture": "nubs_skeletal_remains_rope",
							"render_method": "alpha_test"
						}
					},
					"minecraft:selection_box": {
						"origin": [
							-8,
							0,
							-8
						],
						"size": [
							16,
							16,
							16
						]
					},
					"minecraft:collision_box": false
				}
			},
			{
				"condition": "q.block_state('nubs:facing') == 1",
				"components": {
					"minecraft:geometry": "geometry.skeletal_remains_down",
					"minecraft:material_instances": {
						"*": {
							"texture": "nubs_skeletal_remains",
							"render_method": "alpha_test"
						}
					},
					"minecraft:selection_box": {
						"origin": [
							-8,
							0,
							-8
						],
						"size": [
							16,
							4,
							16
						]
					},
					"minecraft:collision_box": false
				}
			},
			{
				"condition": "q.block_state('nubs:facing') == 2",
				"components": {
					"minecraft:geometry": "geometry.skeletal_remains_side",
					"minecraft:material_instances": {
						"*": {
							"texture": "nubs_skeletal_remains",
							"render_method": "alpha_test"
						}
					},
					"minecraft:selection_box": {
						"origin": [
							-8,
							0,
							-8
						],
						"size": [
							16,
							16,
							16
						]
					},
					"minecraft:collision_box": false
				}
			},
			{
				"condition": "q.block_state('nubs:facing') == 3",
				"components": {
					"minecraft:geometry": "geometry.skeletal_remains_side",
					"minecraft:material_instances": {
						"*": {
							"texture": "nubs_skeletal_remains",
							"render_method": "alpha_test"
						}
					},
					"minecraft:selection_box": {
						"origin": [
							-8,
							0,
							-8
						],
						"size": [
							16,
							16,
							16
						]
					},
					"minecraft:collision_box": false
				}
			},
			{
				"condition": "q.block_state('nubs:facing') == 4",
				"components": {
					"minecraft:geometry": "geometry.skeletal_remains_side",
					"minecraft:material_instances": {
						"*": {
							"texture": "nubs_skeletal_remains",
							"render_method": "alpha_test"
						}
					},
					"minecraft:selection_box": {
						"origin": [
							-8,
							0,
							-8
						],
						"size": [
							16,
							16,
							16
						]
					},
					"minecraft:collision_box": false
				}
			},
			{
				"condition": "q.block_state('nubs:facing') == 5",
				"components": {
					"minecraft:geometry": "geometry.skeletal_remains_side",
					"minecraft:material_instances": {
						"*": {
							"texture": "nubs_skeletal_remains",
							"render_method": "alpha_test"
						}
					},
					"minecraft:selection_box": {
						"origin": [
							-8,
							0,
							-8
						],
						"size": [
							16,
							16,
							16
						]
					},
					"minecraft:collision_box": false
				}
			},
			{
				"condition": "query.block_state('nubs:direction') == 0",
				"components": {
					"minecraft:transformation": {
						"rotation": [
							0,
							180,
							0
						]
					}
				}
			},
			{
				"condition": "query.block_state('nubs:direction') == 1",
				"components": {
					"minecraft:transformation": {
						"rotation": [
							0,
							0,
							0
						]
					}
				}
			},
			{
				"condition": "query.block_state('nubs:direction') == 2",
				"components": {
					"minecraft:transformation": {
						"rotation": [
							0,
							-90,
							0
						]
					}
				}
			},
			{
				"condition": "query.block_state('nubs:direction') == 3",
				"components": {
					"minecraft:transformation": {
						"rotation": [
							0,
							90,
							0
						]
					}
				}
			}
		],
		"events": {
			"nubs:placement": {
				"set_block_state": {
					"nubs:facing": "q.block_face",
					"nubs:direction": "query.cardinal_facing_2d-2"
				}
			}
		}
	}
}