{
	"format_version": "1.20.20",
	"minecraft:block": {
		"description": {
			"identifier": "nubs:uranium_rod",
			"menu_category": {
				"group": "items",
				"category": "items"
			},
			"states": {
				"nubs:direction": [
					0,
					1,
					2
				]
			}
		},
		"components": {
			"minecraft:on_player_placing": {
				"event": "set_direction"
			},
			"minecraft:geometry": "geometry.pillar",
			"minecraft:collision_box": {
				"origin": [
					-4,
					0,
					-4
				],
				"size": [
					8,
					16,
					8
				]
			},
			"minecraft:selection_box": {
				"origin": [
					-4,
					0,
					-4
				],
				"size": [
					8,
					16,
					8
				]
			},
			"minecraft:material_instances": {
				"*": {
					"texture": "nubs_uranium_rod",
					"render_method": "opaque"
				}
			},
			"minecraft:light_emission": 7,
			"minecraft:on_player_destroyed": {
				"event": "effect"
			},
			"minecraft:on_step_on": {
				"event": "effect"
			},
			"minecraft:on_fall_on": {
				"event": "effect"
			}
		},
		"permutations": [
			{
				"condition": "query.block_state('nubs:direction') == 0",
				"components": {
					"minecraft:transformation": {
						"rotation": [
							0,
							0,
							0
						]
					}
				}
			},
			{
				"condition": "query.block_state('nubs:direction') == 1",
				"components": {
					"minecraft:transformation": {
						"rotation": [
							90,
							0,
							0
						]
					}
				}
			},
			{
				"condition": "query.block_state('nubs:direction') == 2",
				"components": {
					"minecraft:transformation": {
						"rotation": [
							0,
							0,
							90
						]
					}
				}
			}
		],
		"events": {
			"set_direction": {
				"set_block_state": {
					"nubs:direction": "math.floor(query.block_face/2)"
				}
			},
			"effect": {
				"run_command": {
					"command": [
						"scoreboard players add @p[m=!1] radiation 3"
					]
				}
			}
		}
	}
}