{
	"format_version": "1.20.20",
	"minecraft:block": {
		"description": {
			"identifier": "nubs:fire_hydrant",
			"menu_category": {
				"category": "items",
				"group": "items"
			}
		},
		"components": {
			"minecraft:destructible_by_mining": {
				"seconds_to_destroy": 3
			},
			"minecraft:destructible_by_explosion": true,
			"minecraft:geometry": "geometry.hydrant",
			"minecraft:on_player_destroyed": {
				"event": "nubs:broken"
			},
			"minecraft:material_instances": {
				"*": {
					"texture": "nubs_fire_hydrant",
					"render_method": "opaque"
				}
			},
			"minecraft:selection_box": {
				"origin": [
					-5,
					0,
					-5
				],
				"size": [
					10,
					16,
					10
				]
			},
			"minecraft:collision_box": {
				"origin": [
					-5,
					0,
					-5
				],
				"size": [
					10,
					16,
					10
				]
			}
		},
		"events": {
			"nubs:broken": {
				"run_command": {
					"command": [
						"fill ~~~ ~~1~ flowing_water [\"liquid_depth\"=2] replace air"
					]
				}
			}
		}
	}
}