{
	"format_version": "1.20.20",
	"minecraft:block": {
		"description": {
			"identifier": "nubs:scorched_spike",
			"menu_category": {
				"group": "commands",
				"category": "commands"
			}
		},
		"components": {
			"minecraft:destructible_by_mining": {
				"seconds_to_destroy": 0.5
			},
			"minecraft:destructible_by_explosion": true,
			"minecraft:loot": "loot_tables/blocks/scorched_spike.json",
			"minecraft:material_instances": {
				"*": {
					"texture": "nubs_scorched_spike",
					"render_method": "alpha_test"
				}
			},
			"minecraft:geometry": "geometry.shortx",
			"minecraft:selection_box": {
				"origin": [
					-5,
					0,
					-5
				],
				"size": [
					10,
					9,
					10
				]
			},
			"minecraft:collision_box": {
				"origin": [
					-5,
					0,
					-5
				],
				"size": [
					10,
					9,
					10
				]
			},
			"minecraft:on_fall_on": {
				"min_fall_distance": 5,
				"event": "kill"
			}
		},
		"events": {
			"kill": {
				"damage": {
					"amount": 20,
					"target": "other",
					"type": "fall"
				}
			}
		}
	}
}