{
	"format_version": "1.20.20",
	"minecraft:block": {
		"description": {
			"identifier": "nubs:corium_pile",
			"menu_category": {
				"category": "commands",
				"group": "commands"
			}
		},
		"components": {
			"minecraft:destructible_by_mining": {
				"seconds_to_destroy": 3
			},
			"minecraft:destructible_by_explosion": true,
			"minecraft:geometry": "geometry.corium_pile",
			"minecraft:collision_box": {
				"origin": [
					-6,
					0,
					-6
				],
				"size": [
					12,
					4,
					12
				]
			},
			"minecraft:selection_box": {
				"origin": [
					-6,
					0,
					-6
				],
				"size": [
					12,
					4,
					12
				]
			},
			"minecraft:material_instances": {
				"*": {
					"texture": "nubs_corium_pile",
					"render_method": "opaque"
				}
			},
			"minecraft:loot": "loot_tables/blocks/corium_pile.json",
			"minecraft:on_step_on": {
				"event": "effect"
			},
			"minecraft:on_fall_on": {
				"event": "effect"
			},
			"minecraft:on_player_destroyed": {
				"event": "effect"
			}
		},
		"events": {
			"effect": {
				"run_command": {
					"command": [
						"scoreboard players add @p[m=!1] radiation 6"
					]
				}
			}
		}
	}
}