{
	"format_version": "1.20.20",
	"minecraft:block": {
		"description": {
			"identifier": "nubs:scrap_box",
			"menu_category": {
				"group": "items",
				"category": "items"
			},
			"states": {
				"nubs:direction": [
					0,
					1,
					2,
					3
				]
			}
		},
		"components": {
			"minecraft:destructible_by_mining": {
				"seconds_to_destroy": 1
			},
			"minecraft:destructible_by_explosion": true,
			"minecraft:on_player_placing": {
				"event": "facing_direction"
			},
			"minecraft:geometry": "geometry.scrap_box",
			"minecraft:material_instances": {
				"*": {
					"texture": "nubs_scrap_box",
					"render_method": "alpha_test"
				}
			},
			"minecraft:selection_box": {
				"origin": [
					-8,
					0,
					-8
				],
				"size": [
					16,
					12,
					16
				]
			},
			"minecraft:collision_box": {
				"origin": [
					-8,
					0,
					-8
				],
				"size": [
					16,
					12,
					16
				]
			},
			"minecraft:crafting_table": {
				"table_name": "Scrap Box",
				"grid_size": 3,
				"crafting_tags": [
					"scrap_box",
					"scrap_gun"
				]
			}
		},
		"permutations": [
			{
				"condition": "query.block_state('nubs:direction') == 0",
				"components": {
					"minecraft:transformation": {
						"rotation": [
							0,
							180,
							0
						]
					}
				}
			},
			{
				"condition": "query.block_state('nubs:direction') == 1",
				"components": {
					"minecraft:transformation": {
						"rotation": [
							0,
							0,
							0
						]
					}
				}
			},
			{
				"condition": "query.block_state('nubs:direction') == 2",
				"components": {
					"minecraft:transformation": {
						"rotation": [
							0,
							-90,
							0
						]
					}
				}
			},
			{
				"condition": "query.block_state('nubs:direction') == 3",
				"components": {
					"minecraft:transformation": {
						"rotation": [
							0,
							90,
							0
						]
					}
				}
			}
		],
		"events": {
			"facing_direction": {
				"set_block_state": {
					"nubs:direction": "query.cardinal_facing_2d-2"
				}
			}
		}
	}
}