{
	"format_version": "1.20.20",
	"minecraft:block": {
		"description": {
			"identifier": "nubs:broken_lantern",
			"states": {
				"nubs:facing_direction": [
					0,
					1
				]
			},
			"menu_category": {
				"group": "items",
				"category": "items"
			}
		},
		"components": {
			"minecraft:destructible_by_mining": {
				"seconds_to_destroy": 0.5
			},
			"minecraft:destructible_by_explosion": true,
			"minecraft:material_instances": {
				"*": {
					"texture": "nubs_broken_lantern",
					"render_method": "alpha_test",
					"ambient_occlusion": false
				}
			},
			"minecraft:placement_filter": {
				"conditions": [
					{
						"allowed_faces": [
							"up",
							"down"
						]
					}
				]
			},
			"minecraft:map_color": "#35281F",
			"minecraft:geometry": "geometry.lantern",
			"minecraft:on_player_placing": {
				"event": "set_direction"
			}
		},
		"events": {
			"set_direction": {
				"set_block_state": {
					"nubs:facing_direction": "query.block_face"
				}
			}
		},
		"permutations": [
			{
				"condition": "query.block_state('nubs:facing_direction') == 1",
				"components": {
					"minecraft:geometry": "geometry.lantern",
					"minecraft:collision_box": {
						"origin": [
							-3,
							0,
							-3
						],
						"size": [
							6,
							8,
							6
						]
					},
					"minecraft:selection_box": {
						"origin": [
							-3,
							0,
							-3
						],
						"size": [
							6,
							8,
							6
						]
					}
				}
			},
			{
				"condition": "query.block_state('nubs:facing_direction') == 0",
				"components": {
					"minecraft:geometry": "geometry.lantern_hanging",
					"minecraft:collision_box": {
						"origin": [
							-3,
							2,
							-3
						],
						"size": [
							6,
							8,
							6
						]
					},
					"minecraft:selection_box": {
						"origin": [
							-3,
							2,
							-3
						],
						"size": [
							6,
							8,
							6
						]
					}
				}
			}
		]
	}
}