{
	"format_version": "1.20.20",
	"minecraft:block": {
		"description": {
			"identifier": "nubs:radioactive_barrel",
			"menu_category": {
				"group": "items",
				"category": "items"
			}
		},
		"components": {
			"minecraft:destructible_by_mining": {
				"seconds_to_destroy": 1.5
			},
			"minecraft:destructible_by_explosion": true,
			"minecraft:light_emission": 5,
			"minecraft:geometry": "geometry.radioactive_barrel",
			"minecraft:collision_box": {
				"origin": [
					-6,
					0,
					-6
				],
				"size": [
					12,
					16,
					12
				]
			},
			"minecraft:selection_box": {
				"origin": [
					-6,
					0,
					-6
				],
				"size": [
					12,
					16,
					12
				]
			},
			"minecraft:material_instances": {
				"*": {
					"texture": "nubs_radioactive_barrel",
					"render_method": "opaque"
				}
			},
			"minecraft:on_step_on": {
				"event": "effect"
			},
			"minecraft:on_fall_on": {
				"event": "effect"
			}
		},
		"events": {
			"effect": {
				"run_command": {
					"command": [
						"scoreboard players add @p[m=!1] radiation 1"
					]
				}
			}
		}
	}
}