{
	"format_version": "1.20.20",
	"minecraft:block": {
		"description": {
			"identifier": "nubs:rebar",
			"menu_category": {
				"category": "construction",
				"group": "construction"
			},
			"states": {
				"nubs:facing": [
					0,
					1,
					2,
					3,
					4,
					5
				]
			}
		},
		"components": {
			"minecraft:destructible_by_mining": {
				"seconds_to_destroy": 0.5
			},
			"minecraft:destructible_by_explosion": true,
			"minecraft:on_player_placing": {
				"event": "nubs:facing"
			},
			"minecraft:material_instances": {
				"*": {
					"texture": "nubs_rebar",
					"render_method": "alpha_test",
					"ambient_occlusion": false,
					"face_dimming": true
				}
			},
			"minecraft:selection_box": {
				"origin": [
					-7,
					0,
					-7
				],
				"size": [
					14,
					16,
					14
				]
			},
			"minecraft:collision_box": false,
			"minecraft:geometry": "geometry.rebar"
		},
		"permutations": [
			{
				"condition": "q.block_state('nubs:facing') == 0",
				"components": {
					"minecraft:transformation": {
						"rotation": [
							0,
							0,
							-180
						]
					}
				}
			},
			{
				"condition": "q.block_state('nubs:facing') == 1",
				"components": {
					"minecraft:transformation": {
						"rotation": [
							0,
							0,
							0
						]
					}
				}
			},
			{
				"condition": "q.block_state('nubs:facing') == 2",
				"components": {
					"minecraft:transformation": {
						"rotation": [
							-90,
							0,
							0
						]
					}
				}
			},
			{
				"condition": "q.block_state('nubs:facing') == 3",
				"components": {
					"minecraft:transformation": {
						"rotation": [
							90,
							0,
							0
						]
					}
				}
			},
			{
				"condition": "q.block_state('nubs:facing') == 4",
				"components": {
					"minecraft:transformation": {
						"rotation": [
							0,
							0,
							90
						]
					}
				}
			},
			{
				"condition": "q.block_state('nubs:facing') == 5",
				"components": {
					"minecraft:transformation": {
						"rotation": [
							0,
							0,
							-90
						]
					}
				}
			}
		],
		"events": {
			"nubs:facing": {
				"set_block_state": {
					"nubs:facing": "q.block_face"
				}
			}
		}
	}
}