{
	"format_version": "1.20.20",
	"minecraft:block": {
		"description": {
			"identifier": "nubs:blood_hive",
			"menu_category": {
				"group": "nature",
				"category": "nature"
			}
		},
		"components": {
			"minecraft:destructible_by_mining": {
				"seconds_to_destroy": 0.5
			},
			"minecraft:destructible_by_explosion": true,
			"minecraft:map_color": "#590600",
			"minecraft:flammable": true,
			"minecraft:random_ticking": {
				"on_tick": {
					"event": "blood_wing"
				}
			}
		},
		"events": {
			"blood_wing": {
				"randomize": [
					{
						"run_command": {
							"command": [
								"summon nubs:blood_wing ~ ~-1 ~"
							]
						},
						"weight": 1
					},
					{
						"weight": 2
					}
				]
			}
		}
	}
}