{
	"format_version": "1.20.20",
	"minecraft:block": {
		"description": {
			"identifier": "nubs:bomb",
			"menu_category": {
				"group": "commands",
				"category": "commands"
			},
			"states": {
				"nubs:direction": [
					0,
					1,
					2,
					3
				]
			}
		},
		"components": {
			"minecraft:destructible_by_mining": {
				"seconds_to_destroy": 5
			},
			"minecraft:destructible_by_explosion": true,
			"minecraft:loot": "loot_tables/blocks/bomb.json",
			"minecraft:on_player_placing": {
				"event": "facing_direction"
			},
			"minecraft:map_color": "#3D3D3D",
			"minecraft:geometry": "geometry.bomb",
			"minecraft:material_instances": {
				"*": {
					"texture": "nubs_bomb",
					"render_method": "blend"
				}
			},
			"minecraft:selection_box": {
				"origin": [
					-6,
					0,
					-6
				],
				"size": [
					12,
					14,
					12
				]
			},
			"minecraft:collision_box": {
				"origin": [
					-6,
					0,
					-6
				],
				"size": [
					12,
					14,
					12
				]
			},
			"minecraft:on_interact": {
				"condition": "(query.get_equipped_item_name('main_hand')=='flint_and_steel')||(query.get_equipped_item_name('main_hand')=='wrench')",
				"event": "ignite"
			}
		},
		"permutations": [
			{
				"condition": "query.block_state('nubs:direction') == 0",
				"components": {
					"minecraft:transformation": {
						"rotation": [
							0,
							180,
							0
						]
					}
				}
			},
			{
				"condition": "query.block_state('nubs:direction') == 1",
				"components": {
					"minecraft:transformation": {
						"rotation": [
							0,
							0,
							0
						]
					}
				}
			},
			{
				"condition": "query.block_state('nubs:direction') == 2",
				"components": {
					"minecraft:transformation": {
						"rotation": [
							0,
							-90,
							0
						]
					}
				}
			},
			{
				"condition": "query.block_state('nubs:direction') == 3",
				"components": {
					"minecraft:transformation": {
						"rotation": [
							0,
							90,
							0
						]
					}
				}
			}
		],
		"events": {
			"facing_direction": {
				"set_block_state": {
					"nubs:direction": "query.cardinal_facing_2d-2"
				}
			},
			"ignite": {
				"set_block": {
					"block_type": "minecraft:air"
				},
				"run_command": {
					"command": [
						"playsound random.fuse @a ~~~",
						"summon nubs:primed_bomb"
					]
				},
				"damage": {
					"type": "none",
					"amount": 1,
					"target": "item"
				}
			}
		}
	}
}