{
	"format_version": "1.20.20",
	"minecraft:block": {
		"description": {
			"identifier": "nubs:manhole_cover",
			"menu_category": {
				"group": "items",
				"category": "items"
			}
		},
		"components": {
			"minecraft:destructible_by_mining": {
				"seconds_to_destroy": 1
			},
			"minecraft:destructible_by_explosion": true,
			"minecraft:geometry": "geometry.manhole_cover",
			"minecraft:light_dampening": 7,
			"minecraft:collision_box": {
				"origin": [
					-8,
					14,
					-8
				],
				"size": [
					16,
					1,
					16
				]
			},
			"minecraft:selection_box": {
				"origin": [
					-8,
					14,
					-8
				],
				"size": [
					16,
					1,
					16
				]
			},
			"minecraft:material_instances": {
				"*": {
					"texture": "nubs_manhole_cover",
					"render_method": "alpha_test"
				}
			},
			"minecraft:placement_filter": {
				"conditions": [
					{
						"allowed_faces": [
							"side"
						]
					}
				]
			}
		},
		"events": {}
	}
}