{
	"file_path": "C:\\Users\\jepco\\AppData\\Local\\Packages\\Microsoft.MinecraftUWP_8wekyb3d8bbwe\\LocalState\\games\\com.mojang\\development_resource_packs\\WasteLanders RP\\sounds.json",
	"file_type": "client_sound",
	"format_version": 1,
	"file_uuid": "c1a043eb_2634_4b28_9ed3_2b1ffcf5abd7",
	"file_version": 28,
	"cache_content": {
		"children": [
			{
				"open": {
					"entity_sounds": {
						"entities": {
							"nubs:blood_wing": {
								"events": {
									"ambient": {
										"sound": "mob.bee.loop",
										"volume": 1
									},
									"attack": {
										"pitch": [
											0.8,
											1
										],
										"sound": "mob.bee.sting"
									},
									"death": {
										"pitch": [
											0.9,
											1.1
										],
										"sound": "mob.bee.death",
										"volume": 0.6
									},
									"hurt": {
										"pitch": [
											0.9,
											1.1
										],
										"sound": "mob.bee.hurt",
										"volume": 0.6
									}
								},
								"pitch": 1,
								"volume": 0.6
							},
							"nubs:cave_crawler": {
								"events": {
									"ambient": "mob.spider.say",
									"death": "mob.spider.death",
									"hurt": "mob.spider.say",
									"step": {
										"pitch": [
											0.9,
											1.1
										],
										"sound": "mob.spider.step",
										"volume": 0.35
									}
								},
								"pitch": [
									0.8,
									1.2
								],
								"volume": 1
							},
							"nubs:cockroach": {
								"volume": 1,
								"pitch": [
									0.8,
									1.2,
									0.8,
									1.2
								],
								"events": {
									"ambient": "mob.spider.say",
									"hurt": "mob.spider.say",
									"death": "mob.spider.death",
									"step": {
										"sound": "mob.spider.step",
										"volume": 0.35,
										"pitch": [
											0.9,
											1.1,
											0.9,
											1.1
										]
									}
								}
							},
							"nubs:crab": {
								"events": {
									"ambient": "mob.spider.say",
									"death": "mob.spider.death",
									"hurt": "mob.spider.say",
									"step": {
										"pitch": [
											0.9,
											1.1
										],
										"sound": "mob.spider.step",
										"volume": 0.35
									}
								},
								"pitch": [
									0.8,
									1.2
								],
								"volume": 1
							},
							"nubs:ghoul": {
								"volume": 1,
								"pitch": [
									0.8,
									1.2
								],
								"events": {
									"ambient": "mob.zombie.say",
									"hurt": "mob.zombie.hurt",
									"death": "mob.zombie.death",
									"step": {
										"sound": "mob.zombie.step",
										"volume": 0.45,
										"pitch": 1
									}
								}
							},
							"nubs:glowfly": {
								"events": {
									"ambient": {
										"sound": "mob.bee.loop",
										"volume": 0.3
									},
									"death": {
										"pitch": [
											0.9,
											1.1
										],
										"sound": "mob.bee.death",
										"volume": 0.3
									},
									"hurt": {
										"pitch": [
											0.9,
											1.1
										],
										"sound": "mob.bee.hurt",
										"volume": 0.3
									}
								},
								"pitch": 1,
								"volume": 0.3
							},
							"nubs:grub_bug": {
								"events": {
									"ambient": "mob.spider.say",
									"death": "mob.spider.death",
									"hurt": "mob.spider.say",
									"step": {
										"pitch": [
											0.9,
											1.1
										],
										"sound": "mob.spider.step",
										"volume": 0.35
									}
								},
								"pitch": [
									0.8,
									1.2
								],
								"volume": 1
							},
							"nubs:grizzly_bear": {
								"volume": 1,
								"pitch": [
									0.8,
									1.2
								],
								"events": {
									"ambient": "mob.polarbear.idle",
									"ambient.baby": "mob.polarbear_baby.idle",
									"hurt": {
										"sound": "mob.polarbear.hurt",
										"volume": 0.7
									},
									"death": "mob.polarbear.death",
									"step": {
										"sound": "mob.polarbear.step",
										"volume": 0.7,
										"pitch": 1
									},
									"mob.warning": {
										"sound": "mob.polarbear.warning",
										"volume": 1.2,
										"pitch": 1
									}
								}
							},
							"nubs:horn_fly": {
								"events": {
									"ambient": {
										"sound": "mob.bee.loop",
										"volume": 1
									},
									"attack": {
										"pitch": [
											0.8,
											1
										],
										"sound": "mob.bee.sting"
									},
									"death": {
										"pitch": [
											0.9,
											1.1
										],
										"sound": "mob.bee.death",
										"volume": 0.6
									},
									"hurt": {
										"pitch": [
											0.9,
											1.1
										],
										"sound": "mob.bee.hurt",
										"volume": 0.6
									}
								},
								"pitch": 1,
								"volume": 0.6
							},
							"nubs:irradiated_chicken": {
								"events": {
									"ambient": "mob.chicken.say",
									"death": "mob.chicken.hurt",
									"hurt": "mob.chicken.hurt",
									"plop": "mob.chicken.plop",
									"step": {
										"pitch": 1,
										"sound": "mob.chicken.step",
										"volume": 0.25
									}
								},
								"pitch": [
									0.8,
									1.2
								],
								"volume": 1
							},
							"nubs:irradiated_cow": {
								"events": {
									"ambient": "mob.cow.say",
									"death": "mob.cow.hurt",
									"hurt": "mob.cow.hurt",
									"step": {
										"pitch": [
											0.9,
											1.1
										],
										"sound": "mob.cow.step",
										"volume": 0.65
									}
								},
								"pitch": [
									0.8,
									1.2
								],
								"volume": 1
							},
							"nubs:irradiated_pig": {
								"events": {
									"ambient": "mob.pig.say",
									"boost": {
										"pitch": 1,
										"sound": "mob.pig.boost",
										"volume": 1
									},
									"death": "mob.pig.death",
									"death.to.zombie": {
										"sound": "mob.pig.death",
										"volume": 2
									},
									"hurt": "mob.pig.say",
									"step": {
										"pitch": 1,
										"sound": "mob.pig.step",
										"volume": 0.2
									}
								},
								"pitch": [
									0.8,
									1.2
								],
								"volume": 1
							},
							"nubs:irradiated_rabbit": {
								"events": {
									"ambient": "mob.rabbit.idle",
									"death": "mob.rabbit.death",
									"hurt": "mob.rabbit.hurt"
								},
								"pitch": [
									0.8,
									1.2
								],
								"volume": 0.8
							},
							"nubs:scorched": {
								"volume": 1,
								"pitch": [
									0.8,
									1.2
								],
								"events": {
									"ambient": "mob.zombie.say",
									"hurt": "mob.zombie.hurt",
									"death": "mob.zombie.death",
									"step": {
										"sound": "mob.zombie.step",
										"volume": 0.45,
										"pitch": 1
									}
								}
							},
							"nubs:wasteland_crawler": {
								"events": {
									"ambient": "mob.spider.say",
									"death": "mob.spider.death",
									"hurt": "mob.spider.say",
									"step": {
										"pitch": [
											0.9,
											1.1
										],
										"sound": "mob.spider.step",
										"volume": 0.35
									}
								},
								"pitch": [
									0.8,
									1.2
								],
								"volume": 1
							},
							"nubs:wasteland_wolf": {
								"events": {
									"ambient": "mob.wolf.bark",
									"death": "mob.wolf.death",
									"growl": "mob.wolf.growl",
									"hurt": "mob.wolf.hurt",
									"pant": "mob.wolf.panting",
									"shake": {
										"pitch": [
											0.8,
											1.2
										],
										"sound": "mob.wolf.shake"
									},
									"step": {
										"pitch": 1,
										"sound": "mob.wolf.step",
										"volume": 0.65
									},
									"whine": "mob.wolf.whine"
								},
								"pitch": [
									0.8,
									1.2
								],
								"volume": 1
							},
							"nubs:scorpion": {
								"events": {
									"ambient": "mob.spider.say",
									"death": "mob.spider.death",
									"hurt": "mob.spider.say",
									"step": {
										"pitch": [
											0.9,
											1.1
										],
										"sound": "mob.spider.step",
										"volume": 0.35
									}
								},
								"pitch": [
									0.8,
									1.2
								],
								"volume": 1
							},
							"nubs:scorchpion": {
								"events": {
									"ambient": "mob.spider.say",
									"death": "mob.spider.death",
									"hurt": "mob.spider.say",
									"step": {
										"pitch": [
											0.9,
											1.1
										],
										"sound": "mob.spider.step",
										"volume": 0.35
									}
								},
								"pitch": [
									0.8,
									1.2
								],
								"volume": 1
							},
							"nubs:terminant": {
								"events": {
									"ambient": "mob.spider.say",
									"death": "mob.spider.death",
									"hurt": "mob.spider.say",
									"step": {
										"pitch": [
											0.9,
											1.1
										],
										"sound": "mob.spider.step",
										"volume": 0.35
									}
								},
								"pitch": [
									0.8,
									1.2
								],
								"volume": 1
							},
							"nubs:slug": {
								"events": {
									"step": {
										"sound": "mob.slug.step",
										"volume": 0.35,
										"pitch": [
											0.9,
											1.1
										]
									}
								},
								"pitch": [
									0.8,
									1.2
								],
								"volume": 1
							},
							"nubs:shark": {
								"events": {
									"flop": {
										"pitch": 1,
										"sound": "mob.fish.flop",
										"volume": 1
									},
									"hurt": "mob.fish.hurt",
									"hurt.in.water": "mob.fish.hurt",
									"step": {
										"pitch": 1,
										"sound": "mob.fish.step",
										"volume": 0.15
									}
								},
								"pitch": [
									0.8,
									1.2
								],
								"volume": 1
							},
							"nubs:wasteland_shark": {
								"events": {
									"flop": {
										"pitch": 1,
										"sound": "mob.fish.flop",
										"volume": 1
									},
									"hurt": "mob.fish.hurt",
									"hurt.in.water": "mob.fish.hurt",
									"step": {
										"pitch": 1,
										"sound": "mob.fish.step",
										"volume": 0.15
									}
								},
								"pitch": [
									0.8,
									1.2
								],
								"volume": 1
							},
							"nubs:unagi": {
								"events": {
									"flop": {
										"pitch": 1,
										"sound": "mob.fish.flop",
										"volume": 1
									},
									"hurt": "mob.fish.hurt",
									"hurt.in.water": "mob.fish.hurt",
									"step": {
										"pitch": 1,
										"sound": "mob.fish.step",
										"volume": 0.15
									}
								},
								"pitch": [
									0.8,
									1.2
								],
								"volume": 1
							},
							"nubs:tube_worm": {
								"events": {
									"flop": {
										"pitch": 1,
										"sound": "mob.fish.flop",
										"volume": 1
									},
									"hurt": "mob.fish.hurt",
									"hurt.in.water": "mob.fish.hurt",
									"step": {
										"pitch": 1,
										"sound": "mob.fish.step",
										"volume": 0.15
									}
								},
								"pitch": [
									0.8,
									1.2
								],
								"volume": 1
							},
							"nubs:alligator": {
								"events": {
									"ambient": "mob.lizard.ambient",
									"hurt": "mob.lizard.hurt",
									"step": {
										"pitch": [
											0.9,
											1.1
										],
										"sound": "mob.cow.step",
										"volume": 0.65
									},
									"death": {
										"sound": "mob.lizard.death",
										"pitch": 0.25
									}
								},
								"pitch": [
									0.8,
									1.2
								],
								"volume": 1
							},
							"nubs:wasteland_alligator": {
								"events": {
									"ambient": "mob.lizard.ambient",
									"hurt": "mob.lizard.hurt",
									"step": {
										"pitch": [
											0.9,
											1.1
										],
										"sound": "mob.cow.step",
										"volume": 0.65
									},
									"death": {
										"sound": "mob.lizard.death",
										"pitch": 0.25
									}
								},
								"pitch": [
									0.8,
									1.2
								],
								"volume": 1
							},
							"nubs:marsh_prowler": {
								"events": {
									"ambient": "mob.lizard.ambient",
									"step": {
										"pitch": [
											0.9,
											1.1
										],
										"sound": "mob.cow.step",
										"volume": 0.65
									},
									"death": {
										"sound": "mob.lizard.death",
										"pitch": 0.25
									}
								},
								"pitch": [
									0.8,
									1.2
								],
								"volume": 1
							},
							"nubs:raptor": {
								"events": {
									"ambient": "mob.raptor.ambient",
									"step": {
										"pitch": [
											0.9,
											1.1
										],
										"sound": "mob.pig.step",
										"volume": 0.65
									},
									"death": {
										"sound": "mob.lizard.death",
										"pitch": 0.25
									}
								},
								"pitch": [
									0.8,
									1.2
								],
								"volume": 1
							},
							"nubs:deer": {
								"events": {
									"ambient": "mob.deer.ambient",
									"death": "mob.deer.hurt",
									"hurt": "mob.deer.hurt",
									"step": {
										"pitch": 1,
										"sound": "mob.pig.step",
										"volume": 0.2
									}
								},
								"pitch": [
									0.8,
									1.2
								],
								"volume": 1
							},
							"nubs:irradiated_deer": {
								"events": {
									"ambient": "mob.deer.ambient",
									"death": "mob.deer.hurt",
									"hurt": "mob.deer.hurt",
									"step": {
										"pitch": 1,
										"sound": "mob.pig.step",
										"volume": 0.2
									}
								},
								"pitch": [
									0.8,
									1.2
								],
								"volume": 1
							},
							"nubs:rat": {
								"events": {
									"ambient": "mob.rat.ambient",
									"hurt": {
										"sound": "mob.rat.hurt",
										"volume": 0.1
									},
									"step": {
										"pitch": 1,
										"sound": "mob.pig.step",
										"volume": 0.1
									}
								},
								"pitch": [
									0.8,
									1.2
								],
								"volume": 1
							},
							"nubs:mole_rat": {
								"events": {
									"ambient": {
										"pitch": 0.5,
										"sound": "mob.rat.ambient"
									},
									"step": {
										"pitch": 1,
										"sound": "mob.pig.step",
										"volume": 0.2
									},
									"hurt": {
										"sound": "mob.mole_rat.hurt",
										"volume": 0.25,
										"pitch": 0.75
									},
									"death": {
										"sound": "mob.mole_rat.hurt",
										"volume": 0.75,
										"pitch": 0.5
									}
								},
								"pitch": [
									0.8,
									1.2
								],
								"volume": 1
							},
							"nubs:crow": {
								"events": {
									"ambient": {
										"sound": "mob.crow.ambient",
										"volume": 1
									},
									"flap": {
										"sound": "mob.bird.flap",
										"volume": 0.25,
										"pitch": 2
									}
								},
								"pitch": 1,
								"volume": 0.6
							},
							"nubs:vulture": {
								"events": {
									"ambient": {
										"sound": "mob.vulture.ambient",
										"volume": 1
									},
									"flap": {
										"sound": "mob.bird.flap",
										"volume": 0.5,
										"pitch": 1
									}
								},
								"pitch": 1,
								"volume": 0.6
							},
							"nubs:dread": {
								"volume": 1,
								"pitch": [
									0.8,
									1.2
								],
								"events": {
									"ambient": "mob.dread.ambient",
									"step": {
										"sound": "mob.polarbear.step",
										"volume": 0.7,
										"pitch": 1
									}
								}
							},
							"nubs:scrap_hook_end": {
								"events": {
									"hurt": {},
									"step": {}
								},
								"pitch": 1,
								"volume": 0
							},
							"nubs:scrap_hook_middle": {
								"events": {
									"hurt": {},
									"step": {}
								},
								"pitch": 1,
								"volume": 0
							},
							"nubs:scrap_hook": {
								"events": {
									"hurt": {},
									"step": {}
								},
								"pitch": 1,
								"volume": 0
							},
							"nubs:desert_crawler": {
								"events": {
									"ambient": "mob.spider.say",
									"death": "mob.spider.death",
									"hurt": "mob.spider.say",
									"step": {
										"pitch": [
											0.9,
											1.1
										],
										"sound": "mob.spider.step",
										"volume": 0.35
									}
								},
								"pitch": [
									0.8,
									1.2
								],
								"volume": 1
							}
						},
						"individual_event_sounds": {
							"events": {
								"item.flashlight.click": {
									"pitch": 1,
									"sound": "item.flashlight.click",
									"volume": 1
								},
								"item.flashlight.shutdown": {
									"pitch": 1,
									"sound": "item.flashlight.shutdown",
									"volume": 1
								}
							}
						}
					}
				},
				"key": "entity_sounds",
				"children": [
					{
						"open": {
							"entities": {
								"nubs:blood_wing": {
									"events": {
										"ambient": {
											"sound": "mob.bee.loop",
											"volume": 1
										},
										"attack": {
											"pitch": [
												0.8,
												1
											],
											"sound": "mob.bee.sting"
										},
										"death": {
											"pitch": [
												0.9,
												1.1
											],
											"sound": "mob.bee.death",
											"volume": 0.6
										},
										"hurt": {
											"pitch": [
												0.9,
												1.1
											],
											"sound": "mob.bee.hurt",
											"volume": 0.6
										}
									},
									"pitch": 1,
									"volume": 0.6
								},
								"nubs:cave_crawler": {
									"events": {
										"ambient": "mob.spider.say",
										"death": "mob.spider.death",
										"hurt": "mob.spider.say",
										"step": {
											"pitch": [
												0.9,
												1.1
											],
											"sound": "mob.spider.step",
											"volume": 0.35
										}
									},
									"pitch": [
										0.8,
										1.2
									],
									"volume": 1
								},
								"nubs:cockroach": {
									"volume": 1,
									"pitch": [
										0.8,
										1.2,
										0.8,
										1.2
									],
									"events": {
										"ambient": "mob.spider.say",
										"hurt": "mob.spider.say",
										"death": "mob.spider.death",
										"step": {
											"sound": "mob.spider.step",
											"volume": 0.35,
											"pitch": [
												0.9,
												1.1,
												0.9,
												1.1
											]
										}
									}
								},
								"nubs:crab": {
									"events": {
										"ambient": "mob.spider.say",
										"death": "mob.spider.death",
										"hurt": "mob.spider.say",
										"step": {
											"pitch": [
												0.9,
												1.1
											],
											"sound": "mob.spider.step",
											"volume": 0.35
										}
									},
									"pitch": [
										0.8,
										1.2
									],
									"volume": 1
								},
								"nubs:ghoul": {
									"volume": 1,
									"pitch": [
										0.8,
										1.2
									],
									"events": {
										"ambient": "mob.zombie.say",
										"hurt": "mob.zombie.hurt",
										"death": "mob.zombie.death",
										"step": {
											"sound": "mob.zombie.step",
											"volume": 0.45,
											"pitch": 1
										}
									}
								},
								"nubs:glowfly": {
									"events": {
										"ambient": {
											"sound": "mob.bee.loop",
											"volume": 0.3
										},
										"death": {
											"pitch": [
												0.9,
												1.1
											],
											"sound": "mob.bee.death",
											"volume": 0.3
										},
										"hurt": {
											"pitch": [
												0.9,
												1.1
											],
											"sound": "mob.bee.hurt",
											"volume": 0.3
										}
									},
									"pitch": 1,
									"volume": 0.3
								},
								"nubs:grub_bug": {
									"events": {
										"ambient": "mob.spider.say",
										"death": "mob.spider.death",
										"hurt": "mob.spider.say",
										"step": {
											"pitch": [
												0.9,
												1.1
											],
											"sound": "mob.spider.step",
											"volume": 0.35
										}
									},
									"pitch": [
										0.8,
										1.2
									],
									"volume": 1
								},
								"nubs:grizzly_bear": {
									"volume": 1,
									"pitch": [
										0.8,
										1.2
									],
									"events": {
										"ambient": "mob.polarbear.idle",
										"ambient.baby": "mob.polarbear_baby.idle",
										"hurt": {
											"sound": "mob.polarbear.hurt",
											"volume": 0.7
										},
										"death": "mob.polarbear.death",
										"step": {
											"sound": "mob.polarbear.step",
											"volume": 0.7,
											"pitch": 1
										},
										"mob.warning": {
											"sound": "mob.polarbear.warning",
											"volume": 1.2,
											"pitch": 1
										}
									}
								},
								"nubs:horn_fly": {
									"events": {
										"ambient": {
											"sound": "mob.bee.loop",
											"volume": 1
										},
										"attack": {
											"pitch": [
												0.8,
												1
											],
											"sound": "mob.bee.sting"
										},
										"death": {
											"pitch": [
												0.9,
												1.1
											],
											"sound": "mob.bee.death",
											"volume": 0.6
										},
										"hurt": {
											"pitch": [
												0.9,
												1.1
											],
											"sound": "mob.bee.hurt",
											"volume": 0.6
										}
									},
									"pitch": 1,
									"volume": 0.6
								},
								"nubs:irradiated_chicken": {
									"events": {
										"ambient": "mob.chicken.say",
										"death": "mob.chicken.hurt",
										"hurt": "mob.chicken.hurt",
										"plop": "mob.chicken.plop",
										"step": {
											"pitch": 1,
											"sound": "mob.chicken.step",
											"volume": 0.25
										}
									},
									"pitch": [
										0.8,
										1.2
									],
									"volume": 1
								},
								"nubs:irradiated_cow": {
									"events": {
										"ambient": "mob.cow.say",
										"death": "mob.cow.hurt",
										"hurt": "mob.cow.hurt",
										"step": {
											"pitch": [
												0.9,
												1.1
											],
											"sound": "mob.cow.step",
											"volume": 0.65
										}
									},
									"pitch": [
										0.8,
										1.2
									],
									"volume": 1
								},
								"nubs:irradiated_pig": {
									"events": {
										"ambient": "mob.pig.say",
										"boost": {
											"pitch": 1,
											"sound": "mob.pig.boost",
											"volume": 1
										},
										"death": "mob.pig.death",
										"death.to.zombie": {
											"sound": "mob.pig.death",
											"volume": 2
										},
										"hurt": "mob.pig.say",
										"step": {
											"pitch": 1,
											"sound": "mob.pig.step",
											"volume": 0.2
										}
									},
									"pitch": [
										0.8,
										1.2
									],
									"volume": 1
								},
								"nubs:irradiated_rabbit": {
									"events": {
										"ambient": "mob.rabbit.idle",
										"death": "mob.rabbit.death",
										"hurt": "mob.rabbit.hurt"
									},
									"pitch": [
										0.8,
										1.2
									],
									"volume": 0.8
								},
								"nubs:scorched": {
									"volume": 1,
									"pitch": [
										0.8,
										1.2
									],
									"events": {
										"ambient": "mob.zombie.say",
										"hurt": "mob.zombie.hurt",
										"death": "mob.zombie.death",
										"step": {
											"sound": "mob.zombie.step",
											"volume": 0.45,
											"pitch": 1
										}
									}
								},
								"nubs:wasteland_crawler": {
									"events": {
										"ambient": "mob.spider.say",
										"death": "mob.spider.death",
										"hurt": "mob.spider.say",
										"step": {
											"pitch": [
												0.9,
												1.1
											],
											"sound": "mob.spider.step",
											"volume": 0.35
										}
									},
									"pitch": [
										0.8,
										1.2
									],
									"volume": 1
								},
								"nubs:wasteland_wolf": {
									"events": {
										"ambient": "mob.wolf.bark",
										"death": "mob.wolf.death",
										"growl": "mob.wolf.growl",
										"hurt": "mob.wolf.hurt",
										"pant": "mob.wolf.panting",
										"shake": {
											"pitch": [
												0.8,
												1.2
											],
											"sound": "mob.wolf.shake"
										},
										"step": {
											"pitch": 1,
											"sound": "mob.wolf.step",
											"volume": 0.65
										},
										"whine": "mob.wolf.whine"
									},
									"pitch": [
										0.8,
										1.2
									],
									"volume": 1
								},
								"nubs:scorpion": {
									"events": {
										"ambient": "mob.spider.say",
										"death": "mob.spider.death",
										"hurt": "mob.spider.say",
										"step": {
											"pitch": [
												0.9,
												1.1
											],
											"sound": "mob.spider.step",
											"volume": 0.35
										}
									},
									"pitch": [
										0.8,
										1.2
									],
									"volume": 1
								},
								"nubs:scorchpion": {
									"events": {
										"ambient": "mob.spider.say",
										"death": "mob.spider.death",
										"hurt": "mob.spider.say",
										"step": {
											"pitch": [
												0.9,
												1.1
											],
											"sound": "mob.spider.step",
											"volume": 0.35
										}
									},
									"pitch": [
										0.8,
										1.2
									],
									"volume": 1
								},
								"nubs:terminant": {
									"events": {
										"ambient": "mob.spider.say",
										"death": "mob.spider.death",
										"hurt": "mob.spider.say",
										"step": {
											"pitch": [
												0.9,
												1.1
											],
											"sound": "mob.spider.step",
											"volume": 0.35
										}
									},
									"pitch": [
										0.8,
										1.2
									],
									"volume": 1
								},
								"nubs:slug": {
									"events": {
										"step": {
											"sound": "mob.slug.step",
											"volume": 0.35,
											"pitch": [
												0.9,
												1.1
											]
										}
									},
									"pitch": [
										0.8,
										1.2
									],
									"volume": 1
								},
								"nubs:shark": {
									"events": {
										"flop": {
											"pitch": 1,
											"sound": "mob.fish.flop",
											"volume": 1
										},
										"hurt": "mob.fish.hurt",
										"hurt.in.water": "mob.fish.hurt",
										"step": {
											"pitch": 1,
											"sound": "mob.fish.step",
											"volume": 0.15
										}
									},
									"pitch": [
										0.8,
										1.2
									],
									"volume": 1
								},
								"nubs:wasteland_shark": {
									"events": {
										"flop": {
											"pitch": 1,
											"sound": "mob.fish.flop",
											"volume": 1
										},
										"hurt": "mob.fish.hurt",
										"hurt.in.water": "mob.fish.hurt",
										"step": {
											"pitch": 1,
											"sound": "mob.fish.step",
											"volume": 0.15
										}
									},
									"pitch": [
										0.8,
										1.2
									],
									"volume": 1
								},
								"nubs:unagi": {
									"events": {
										"flop": {
											"pitch": 1,
											"sound": "mob.fish.flop",
											"volume": 1
										},
										"hurt": "mob.fish.hurt",
										"hurt.in.water": "mob.fish.hurt",
										"step": {
											"pitch": 1,
											"sound": "mob.fish.step",
											"volume": 0.15
										}
									},
									"pitch": [
										0.8,
										1.2
									],
									"volume": 1
								},
								"nubs:tube_worm": {
									"events": {
										"flop": {
											"pitch": 1,
											"sound": "mob.fish.flop",
											"volume": 1
										},
										"hurt": "mob.fish.hurt",
										"hurt.in.water": "mob.fish.hurt",
										"step": {
											"pitch": 1,
											"sound": "mob.fish.step",
											"volume": 0.15
										}
									},
									"pitch": [
										0.8,
										1.2
									],
									"volume": 1
								},
								"nubs:alligator": {
									"events": {
										"ambient": "mob.lizard.ambient",
										"hurt": "mob.lizard.hurt",
										"step": {
											"pitch": [
												0.9,
												1.1
											],
											"sound": "mob.cow.step",
											"volume": 0.65
										},
										"death": {
											"sound": "mob.lizard.death",
											"pitch": 0.25
										}
									},
									"pitch": [
										0.8,
										1.2
									],
									"volume": 1
								},
								"nubs:wasteland_alligator": {
									"events": {
										"ambient": "mob.lizard.ambient",
										"hurt": "mob.lizard.hurt",
										"step": {
											"pitch": [
												0.9,
												1.1
											],
											"sound": "mob.cow.step",
											"volume": 0.65
										},
										"death": {
											"sound": "mob.lizard.death",
											"pitch": 0.25
										}
									},
									"pitch": [
										0.8,
										1.2
									],
									"volume": 1
								},
								"nubs:marsh_prowler": {
									"events": {
										"ambient": "mob.lizard.ambient",
										"step": {
											"pitch": [
												0.9,
												1.1
											],
											"sound": "mob.cow.step",
											"volume": 0.65
										},
										"death": {
											"sound": "mob.lizard.death",
											"pitch": 0.25
										}
									},
									"pitch": [
										0.8,
										1.2
									],
									"volume": 1
								},
								"nubs:raptor": {
									"events": {
										"ambient": "mob.raptor.ambient",
										"step": {
											"pitch": [
												0.9,
												1.1
											],
											"sound": "mob.pig.step",
											"volume": 0.65
										},
										"death": {
											"sound": "mob.lizard.death",
											"pitch": 0.25
										}
									},
									"pitch": [
										0.8,
										1.2
									],
									"volume": 1
								},
								"nubs:deer": {
									"events": {
										"ambient": "mob.deer.ambient",
										"death": "mob.deer.hurt",
										"hurt": "mob.deer.hurt",
										"step": {
											"pitch": 1,
											"sound": "mob.pig.step",
											"volume": 0.2
										}
									},
									"pitch": [
										0.8,
										1.2
									],
									"volume": 1
								},
								"nubs:irradiated_deer": {
									"events": {
										"ambient": "mob.deer.ambient",
										"death": "mob.deer.hurt",
										"hurt": "mob.deer.hurt",
										"step": {
											"pitch": 1,
											"sound": "mob.pig.step",
											"volume": 0.2
										}
									},
									"pitch": [
										0.8,
										1.2
									],
									"volume": 1
								},
								"nubs:rat": {
									"events": {
										"ambient": "mob.rat.ambient",
										"hurt": {
											"sound": "mob.rat.hurt",
											"volume": 0.1
										},
										"step": {
											"pitch": 1,
											"sound": "mob.pig.step",
											"volume": 0.1
										}
									},
									"pitch": [
										0.8,
										1.2
									],
									"volume": 1
								},
								"nubs:mole_rat": {
									"events": {
										"ambient": {
											"pitch": 0.5,
											"sound": "mob.rat.ambient"
										},
										"step": {
											"pitch": 1,
											"sound": "mob.pig.step",
											"volume": 0.2
										},
										"hurt": {
											"sound": "mob.mole_rat.hurt",
											"volume": 0.25,
											"pitch": 0.75
										},
										"death": {
											"sound": "mob.mole_rat.hurt",
											"volume": 0.75,
											"pitch": 0.5
										}
									},
									"pitch": [
										0.8,
										1.2
									],
									"volume": 1
								},
								"nubs:crow": {
									"events": {
										"ambient": {
											"sound": "mob.crow.ambient",
											"volume": 1
										},
										"flap": {
											"sound": "mob.bird.flap",
											"volume": 0.25,
											"pitch": 2
										}
									},
									"pitch": 1,
									"volume": 0.6
								},
								"nubs:vulture": {
									"events": {
										"ambient": {
											"sound": "mob.vulture.ambient",
											"volume": 1
										},
										"flap": {
											"sound": "mob.bird.flap",
											"volume": 0.5,
											"pitch": 1
										}
									},
									"pitch": 1,
									"volume": 0.6
								},
								"nubs:dread": {
									"volume": 1,
									"pitch": [
										0.8,
										1.2
									],
									"events": {
										"ambient": "mob.dread.ambient",
										"step": {
											"sound": "mob.polarbear.step",
											"volume": 0.7,
											"pitch": 1
										}
									}
								},
								"nubs:scrap_hook_end": {
									"events": {
										"hurt": {},
										"step": {}
									},
									"pitch": 1,
									"volume": 0
								},
								"nubs:scrap_hook_middle": {
									"events": {
										"hurt": {},
										"step": {}
									},
									"pitch": 1,
									"volume": 0
								},
								"nubs:scrap_hook": {
									"events": {
										"hurt": {},
										"step": {}
									},
									"pitch": 1,
									"volume": 0
								},
								"nubs:desert_crawler": {
									"events": {
										"ambient": "mob.spider.say",
										"death": "mob.spider.death",
										"hurt": "mob.spider.say",
										"step": {
											"pitch": [
												0.9,
												1.1
											],
											"sound": "mob.spider.step",
											"volume": 0.35
										}
									},
									"pitch": [
										0.8,
										1.2
									],
									"volume": 1
								}
							},
							"individual_event_sounds": {
								"events": {
									"item.flashlight.click": {
										"pitch": 1,
										"sound": "item.flashlight.click",
										"volume": 1
									},
									"item.flashlight.shutdown": {
										"pitch": 1,
										"sound": "item.flashlight.shutdown",
										"volume": 1
									}
								}
							}
						},
						"key": "entities",
						"children": [
							{
								"key": "nubs:blood_wing",
								"is_minified": true,
								"children": {
									"events": {
										"ambient": {
											"sound": "mob.bee.loop",
											"volume": 1
										},
										"attack": {
											"pitch": [
												0.8,
												1
											],
											"sound": "mob.bee.sting"
										},
										"death": {
											"pitch": [
												0.9,
												1.1
											],
											"sound": "mob.bee.death",
											"volume": 0.6
										},
										"hurt": {
											"pitch": [
												0.9,
												1.1
											],
											"sound": "mob.bee.hurt",
											"volume": 0.6
										}
									},
									"pitch": 1,
									"volume": 0.6
								}
							},
							{
								"key": "nubs:cave_crawler",
								"is_minified": true,
								"children": {
									"events": {
										"ambient": "mob.spider.say",
										"death": "mob.spider.death",
										"hurt": "mob.spider.say",
										"step": {
											"pitch": [
												0.9,
												1.1
											],
											"sound": "mob.spider.step",
											"volume": 0.35
										}
									},
									"pitch": [
										0.8,
										1.2
									],
									"volume": 1
								}
							},
							{
								"key": "nubs:cockroach",
								"is_minified": true,
								"children": {
									"volume": 1,
									"pitch": [
										0.8,
										1.2,
										0.8,
										1.2
									],
									"events": {
										"ambient": "mob.spider.say",
										"hurt": "mob.spider.say",
										"death": "mob.spider.death",
										"step": {
											"sound": "mob.spider.step",
											"volume": 0.35,
											"pitch": [
												0.9,
												1.1,
												0.9,
												1.1
											]
										}
									}
								}
							},
							{
								"key": "nubs:crab",
								"is_minified": true,
								"children": {
									"events": {
										"ambient": "mob.spider.say",
										"death": "mob.spider.death",
										"hurt": "mob.spider.say",
										"step": {
											"pitch": [
												0.9,
												1.1
											],
											"sound": "mob.spider.step",
											"volume": 0.35
										}
									},
									"pitch": [
										0.8,
										1.2
									],
									"volume": 1
								}
							},
							{
								"key": "nubs:ghoul",
								"is_minified": true,
								"children": {
									"volume": 1,
									"pitch": [
										0.8,
										1.2
									],
									"events": {
										"ambient": "mob.zombie.say",
										"hurt": "mob.zombie.hurt",
										"death": "mob.zombie.death",
										"step": {
											"sound": "mob.zombie.step",
											"volume": 0.45,
											"pitch": 1
										}
									}
								}
							},
							{
								"key": "nubs:glowfly",
								"is_minified": true,
								"children": {
									"events": {
										"ambient": {
											"sound": "mob.bee.loop",
											"volume": 0.3
										},
										"death": {
											"pitch": [
												0.9,
												1.1
											],
											"sound": "mob.bee.death",
											"volume": 0.3
										},
										"hurt": {
											"pitch": [
												0.9,
												1.1
											],
											"sound": "mob.bee.hurt",
											"volume": 0.3
										}
									},
									"pitch": 1,
									"volume": 0.3
								}
							},
							{
								"key": "nubs:grub_bug",
								"is_minified": true,
								"children": {
									"events": {
										"ambient": "mob.spider.say",
										"death": "mob.spider.death",
										"hurt": "mob.spider.say",
										"step": {
											"pitch": [
												0.9,
												1.1
											],
											"sound": "mob.spider.step",
											"volume": 0.35
										}
									},
									"pitch": [
										0.8,
										1.2
									],
									"volume": 1
								}
							},
							{
								"key": "nubs:grizzly_bear",
								"is_minified": true,
								"children": {
									"volume": 1,
									"pitch": [
										0.8,
										1.2
									],
									"events": {
										"ambient": "mob.polarbear.idle",
										"ambient.baby": "mob.polarbear_baby.idle",
										"hurt": {
											"sound": "mob.polarbear.hurt",
											"volume": 0.7
										},
										"death": "mob.polarbear.death",
										"step": {
											"sound": "mob.polarbear.step",
											"volume": 0.7,
											"pitch": 1
										},
										"mob.warning": {
											"sound": "mob.polarbear.warning",
											"volume": 1.2,
											"pitch": 1
										}
									}
								}
							},
							{
								"key": "nubs:horn_fly",
								"is_minified": true,
								"children": {
									"events": {
										"ambient": {
											"sound": "mob.bee.loop",
											"volume": 1
										},
										"attack": {
											"pitch": [
												0.8,
												1
											],
											"sound": "mob.bee.sting"
										},
										"death": {
											"pitch": [
												0.9,
												1.1
											],
											"sound": "mob.bee.death",
											"volume": 0.6
										},
										"hurt": {
											"pitch": [
												0.9,
												1.1
											],
											"sound": "mob.bee.hurt",
											"volume": 0.6
										}
									},
									"pitch": 1,
									"volume": 0.6
								}
							},
							{
								"key": "nubs:irradiated_chicken",
								"is_minified": true,
								"children": {
									"events": {
										"ambient": "mob.chicken.say",
										"death": "mob.chicken.hurt",
										"hurt": "mob.chicken.hurt",
										"plop": "mob.chicken.plop",
										"step": {
											"pitch": 1,
											"sound": "mob.chicken.step",
											"volume": 0.25
										}
									},
									"pitch": [
										0.8,
										1.2
									],
									"volume": 1
								}
							},
							{
								"key": "nubs:irradiated_cow",
								"is_minified": true,
								"children": {
									"events": {
										"ambient": "mob.cow.say",
										"death": "mob.cow.hurt",
										"hurt": "mob.cow.hurt",
										"step": {
											"pitch": [
												0.9,
												1.1
											],
											"sound": "mob.cow.step",
											"volume": 0.65
										}
									},
									"pitch": [
										0.8,
										1.2
									],
									"volume": 1
								}
							},
							{
								"key": "nubs:irradiated_pig",
								"is_minified": true,
								"children": {
									"events": {
										"ambient": "mob.pig.say",
										"boost": {
											"pitch": 1,
											"sound": "mob.pig.boost",
											"volume": 1
										},
										"death": "mob.pig.death",
										"death.to.zombie": {
											"sound": "mob.pig.death",
											"volume": 2
										},
										"hurt": "mob.pig.say",
										"step": {
											"pitch": 1,
											"sound": "mob.pig.step",
											"volume": 0.2
										}
									},
									"pitch": [
										0.8,
										1.2
									],
									"volume": 1
								}
							},
							{
								"key": "nubs:irradiated_rabbit",
								"is_minified": true,
								"children": {
									"events": {
										"ambient": "mob.rabbit.idle",
										"death": "mob.rabbit.death",
										"hurt": "mob.rabbit.hurt"
									},
									"pitch": [
										0.8,
										1.2
									],
									"volume": 0.8
								}
							},
							{
								"key": "nubs:scorched",
								"is_minified": true,
								"children": {
									"volume": 1,
									"pitch": [
										0.8,
										1.2
									],
									"events": {
										"ambient": "mob.zombie.say",
										"hurt": "mob.zombie.hurt",
										"death": "mob.zombie.death",
										"step": {
											"sound": "mob.zombie.step",
											"volume": 0.45,
											"pitch": 1
										}
									}
								}
							},
							{
								"key": "nubs:wasteland_crawler",
								"is_minified": true,
								"children": {
									"events": {
										"ambient": "mob.spider.say",
										"death": "mob.spider.death",
										"hurt": "mob.spider.say",
										"step": {
											"pitch": [
												0.9,
												1.1
											],
											"sound": "mob.spider.step",
											"volume": 0.35
										}
									},
									"pitch": [
										0.8,
										1.2
									],
									"volume": 1
								}
							},
							{
								"key": "nubs:wasteland_wolf",
								"is_minified": true,
								"children": {
									"events": {
										"ambient": "mob.wolf.bark",
										"death": "mob.wolf.death",
										"growl": "mob.wolf.growl",
										"hurt": "mob.wolf.hurt",
										"pant": "mob.wolf.panting",
										"shake": {
											"pitch": [
												0.8,
												1.2
											],
											"sound": "mob.wolf.shake"
										},
										"step": {
											"pitch": 1,
											"sound": "mob.wolf.step",
											"volume": 0.65
										},
										"whine": "mob.wolf.whine"
									},
									"pitch": [
										0.8,
										1.2
									],
									"volume": 1
								}
							},
							{
								"key": "nubs:scorpion",
								"is_minified": true,
								"children": {
									"events": {
										"ambient": "mob.spider.say",
										"death": "mob.spider.death",
										"hurt": "mob.spider.say",
										"step": {
											"pitch": [
												0.9,
												1.1
											],
											"sound": "mob.spider.step",
											"volume": 0.35
										}
									},
									"pitch": [
										0.8,
										1.2
									],
									"volume": 1
								}
							},
							{
								"key": "nubs:scorchpion",
								"is_minified": true,
								"children": {
									"events": {
										"ambient": "mob.spider.say",
										"death": "mob.spider.death",
										"hurt": "mob.spider.say",
										"step": {
											"pitch": [
												0.9,
												1.1
											],
											"sound": "mob.spider.step",
											"volume": 0.35
										}
									},
									"pitch": [
										0.8,
										1.2
									],
									"volume": 1
								}
							},
							{
								"key": "nubs:terminant",
								"is_minified": true,
								"children": {
									"events": {
										"ambient": "mob.spider.say",
										"death": "mob.spider.death",
										"hurt": "mob.spider.say",
										"step": {
											"pitch": [
												0.9,
												1.1
											],
											"sound": "mob.spider.step",
											"volume": 0.35
										}
									},
									"pitch": [
										0.8,
										1.2
									],
									"volume": 1
								}
							},
							{
								"key": "nubs:slug",
								"is_minified": true,
								"children": {
									"events": {
										"step": {
											"sound": "mob.slug.step",
											"volume": 0.35,
											"pitch": [
												0.9,
												1.1
											]
										}
									},
									"pitch": [
										0.8,
										1.2
									],
									"volume": 1
								}
							},
							{
								"key": "nubs:shark",
								"is_minified": true,
								"children": {
									"events": {
										"flop": {
											"pitch": 1,
											"sound": "mob.fish.flop",
											"volume": 1
										},
										"hurt": "mob.fish.hurt",
										"hurt.in.water": "mob.fish.hurt",
										"step": {
											"pitch": 1,
											"sound": "mob.fish.step",
											"volume": 0.15
										}
									},
									"pitch": [
										0.8,
										1.2
									],
									"volume": 1
								}
							},
							{
								"key": "nubs:wasteland_shark",
								"is_minified": true,
								"children": {
									"events": {
										"flop": {
											"pitch": 1,
											"sound": "mob.fish.flop",
											"volume": 1
										},
										"hurt": "mob.fish.hurt",
										"hurt.in.water": "mob.fish.hurt",
										"step": {
											"pitch": 1,
											"sound": "mob.fish.step",
											"volume": 0.15
										}
									},
									"pitch": [
										0.8,
										1.2
									],
									"volume": 1
								}
							},
							{
								"key": "nubs:unagi",
								"is_minified": true,
								"children": {
									"events": {
										"flop": {
											"pitch": 1,
											"sound": "mob.fish.flop",
											"volume": 1
										},
										"hurt": "mob.fish.hurt",
										"hurt.in.water": "mob.fish.hurt",
										"step": {
											"pitch": 1,
											"sound": "mob.fish.step",
											"volume": 0.15
										}
									},
									"pitch": [
										0.8,
										1.2
									],
									"volume": 1
								}
							},
							{
								"key": "nubs:tube_worm",
								"is_minified": true,
								"children": {
									"events": {
										"flop": {
											"pitch": 1,
											"sound": "mob.fish.flop",
											"volume": 1
										},
										"hurt": "mob.fish.hurt",
										"hurt.in.water": "mob.fish.hurt",
										"step": {
											"pitch": 1,
											"sound": "mob.fish.step",
											"volume": 0.15
										}
									},
									"pitch": [
										0.8,
										1.2
									],
									"volume": 1
								}
							},
							{
								"key": "nubs:alligator",
								"is_minified": true,
								"children": {
									"events": {
										"ambient": "mob.lizard.ambient",
										"hurt": "mob.lizard.hurt",
										"step": {
											"pitch": [
												0.9,
												1.1
											],
											"sound": "mob.cow.step",
											"volume": 0.65
										},
										"death": {
											"sound": "mob.lizard.death",
											"pitch": 0.25
										}
									},
									"pitch": [
										0.8,
										1.2
									],
									"volume": 1
								}
							},
							{
								"key": "nubs:wasteland_alligator",
								"is_minified": true,
								"children": {
									"events": {
										"ambient": "mob.lizard.ambient",
										"hurt": "mob.lizard.hurt",
										"step": {
											"pitch": [
												0.9,
												1.1
											],
											"sound": "mob.cow.step",
											"volume": 0.65
										},
										"death": {
											"sound": "mob.lizard.death",
											"pitch": 0.25
										}
									},
									"pitch": [
										0.8,
										1.2
									],
									"volume": 1
								}
							},
							{
								"key": "nubs:marsh_prowler",
								"is_minified": true,
								"children": {
									"events": {
										"ambient": "mob.lizard.ambient",
										"step": {
											"pitch": [
												0.9,
												1.1
											],
											"sound": "mob.cow.step",
											"volume": 0.65
										},
										"death": {
											"sound": "mob.lizard.death",
											"pitch": 0.25
										}
									},
									"pitch": [
										0.8,
										1.2
									],
									"volume": 1
								}
							},
							{
								"key": "nubs:raptor",
								"is_minified": true,
								"children": {
									"events": {
										"ambient": "mob.raptor.ambient",
										"step": {
											"pitch": [
												0.9,
												1.1
											],
											"sound": "mob.pig.step",
											"volume": 0.65
										},
										"death": {
											"sound": "mob.lizard.death",
											"pitch": 0.25
										}
									},
									"pitch": [
										0.8,
										1.2
									],
									"volume": 1
								}
							},
							{
								"key": "nubs:deer",
								"is_minified": true,
								"children": {
									"events": {
										"ambient": "mob.deer.ambient",
										"death": "mob.deer.hurt",
										"hurt": "mob.deer.hurt",
										"step": {
											"pitch": 1,
											"sound": "mob.pig.step",
											"volume": 0.2
										}
									},
									"pitch": [
										0.8,
										1.2
									],
									"volume": 1
								}
							},
							{
								"key": "nubs:irradiated_deer",
								"is_minified": true,
								"children": {
									"events": {
										"ambient": "mob.deer.ambient",
										"death": "mob.deer.hurt",
										"hurt": "mob.deer.hurt",
										"step": {
											"pitch": 1,
											"sound": "mob.pig.step",
											"volume": 0.2
										}
									},
									"pitch": [
										0.8,
										1.2
									],
									"volume": 1
								}
							},
							{
								"key": "nubs:rat",
								"is_minified": true,
								"children": {
									"events": {
										"ambient": "mob.rat.ambient",
										"hurt": {
											"sound": "mob.rat.hurt",
											"volume": 0.1
										},
										"step": {
											"pitch": 1,
											"sound": "mob.pig.step",
											"volume": 0.1
										}
									},
									"pitch": [
										0.8,
										1.2
									],
									"volume": 1
								}
							},
							{
								"key": "nubs:mole_rat",
								"is_minified": true,
								"children": {
									"events": {
										"ambient": {
											"pitch": 0.5,
											"sound": "mob.rat.ambient"
										},
										"step": {
											"pitch": 1,
											"sound": "mob.pig.step",
											"volume": 0.2
										},
										"hurt": {
											"sound": "mob.mole_rat.hurt",
											"volume": 0.25,
											"pitch": 0.75
										},
										"death": {
											"sound": "mob.mole_rat.hurt",
											"volume": 0.75,
											"pitch": 0.5
										}
									},
									"pitch": [
										0.8,
										1.2
									],
									"volume": 1
								}
							},
							{
								"key": "nubs:crow",
								"is_minified": true,
								"children": {
									"events": {
										"ambient": {
											"sound": "mob.crow.ambient",
											"volume": 1
										},
										"flap": {
											"sound": "mob.bird.flap",
											"volume": 0.25,
											"pitch": 2
										}
									},
									"pitch": 1,
									"volume": 0.6
								}
							},
							{
								"key": "nubs:vulture",
								"is_minified": true,
								"children": {
									"events": {
										"ambient": {
											"sound": "mob.vulture.ambient",
											"volume": 1
										},
										"flap": {
											"sound": "mob.bird.flap",
											"volume": 0.5,
											"pitch": 1
										}
									},
									"pitch": 1,
									"volume": 0.6
								}
							},
							{
								"key": "nubs:dread",
								"is_minified": true,
								"children": {
									"volume": 1,
									"pitch": [
										0.8,
										1.2
									],
									"events": {
										"ambient": "mob.dread.ambient",
										"step": {
											"sound": "mob.polarbear.step",
											"volume": 0.7,
											"pitch": 1
										}
									}
								}
							},
							{
								"key": "nubs:scrap_hook_end",
								"is_minified": true,
								"children": {
									"events": {
										"hurt": {},
										"step": {}
									},
									"pitch": 1,
									"volume": 0
								}
							},
							{
								"key": "nubs:scrap_hook_middle",
								"is_minified": true,
								"children": {
									"events": {
										"hurt": {},
										"step": {}
									},
									"pitch": 1,
									"volume": 0
								}
							},
							{
								"key": "nubs:scrap_hook",
								"is_minified": true,
								"children": {
									"events": {
										"hurt": {},
										"step": {}
									},
									"pitch": 1,
									"volume": 0
								}
							},
							{
								"key": "nubs:desert_crawler",
								"children": [
									{
										"open": {
											"events": {
												"ambient": "mob.spider.say",
												"death": "mob.spider.death",
												"hurt": "mob.spider.say",
												"step": {
													"pitch": [
														0.9,
														1.1
													],
													"sound": "mob.spider.step",
													"volume": 0.35
												}
											},
											"pitch": [
												0.8,
												1.2
											],
											"volume": 1
										},
										"key": "events",
										"is_minified": true,
										"children": {
											"ambient": "mob.spider.say",
											"death": "mob.spider.death",
											"hurt": "mob.spider.say",
											"step": {
												"pitch": [
													0.9,
													1.1
												],
												"sound": "mob.spider.step",
												"volume": 0.35
											}
										}
									},
									{
										"key": "pitch",
										"is_minified": true,
										"children": [
											0.8,
											1.2
										]
									},
									{
										"data": "1",
										"key": "volume"
									}
								]
							}
						]
					},
					{
						"key": "individual_event_sounds",
						"is_minified": true,
						"children": {
							"events": {
								"item.flashlight.click": {
									"pitch": 1,
									"sound": "item.flashlight.click",
									"volume": 1
								},
								"item.flashlight.shutdown": {
									"pitch": 1,
									"sound": "item.flashlight.shutdown",
									"volume": 1
								}
							}
						}
					}
				]
			}
		]
	}
}