{
	"file_path": "C:\\Users\\jepco\\AppData\\Local\\Packages\\Microsoft.MinecraftUWP_8wekyb3d8bbwe\\LocalState\\games\\com.mojang\\development_behavior_packs\\WasteLanders BP\\spawn_rules\\tube_worm.json",
	"file_type": "spawn_rule",
	"format_version": 1,
	"file_uuid": "4d54614a_3901_4294_81de_5a7166c261bd",
	"file_version": 1,
	"cache_content": {
		"children": [
			{
				"data": "1.8.0",
				"key": "format_version"
			},
			{
				"open": {
					"format_version": "1.8.0",
					"minecraft:spawn_rules": {
						"description": {
							"identifier": "nubs:tube_worm",
							"population_control": "monster"
						},
						"conditions": [
							{
								"minecraft:spawns_on_surface": {},
								"minecraft:spawns_underwater": {},
								"minecraft:brightness_filter": {
									"min": 0,
									"max": 7,
									"adjust_for_weather": false
								},
								"minecraft:weight": {
									"default": 100
								},
								"minecraft:herd": {
									"min_size": 2,
									"max_size": 4
								},
								"minecraft:biome_filter": {
									"test": "has_biome_tag",
									"operator": "==",
									"value": "ocean"
								}
							},
							{
								"minecraft:spawns_on_surface": {},
								"minecraft:spawns_underwater": {},
								"minecraft:brightness_filter": {
									"min": 0,
									"max": 7,
									"adjust_for_weather": false
								},
								"minecraft:weight": {
									"default": 100
								},
								"minecraft:herd": {
									"min_size": 2,
									"max_size": 4
								},
								"minecraft:biome_filter": {
									"test": "has_biome_tag",
									"operator": "==",
									"value": "river"
								}
							}
						]
					}
				},
				"key": "minecraft:spawn_rules",
				"children": [
					{
						"open": {
							"description": {
								"identifier": "nubs:tube_worm",
								"population_control": "monster"
							},
							"conditions": [
								{
									"minecraft:spawns_on_surface": {},
									"minecraft:spawns_underwater": {},
									"minecraft:brightness_filter": {
										"min": 0,
										"max": 7,
										"adjust_for_weather": false
									},
									"minecraft:weight": {
										"default": 100
									},
									"minecraft:herd": {
										"min_size": 2,
										"max_size": 4
									},
									"minecraft:biome_filter": {
										"test": "has_biome_tag",
										"operator": "==",
										"value": "ocean"
									}
								},
								{
									"minecraft:spawns_on_surface": {},
									"minecraft:spawns_underwater": {},
									"minecraft:brightness_filter": {
										"min": 0,
										"max": 7,
										"adjust_for_weather": false
									},
									"minecraft:weight": {
										"default": 100
									},
									"minecraft:herd": {
										"min_size": 2,
										"max_size": 4
									},
									"minecraft:biome_filter": {
										"test": "has_biome_tag",
										"operator": "==",
										"value": "river"
									}
								}
							]
						},
						"key": "description",
						"is_minified": true,
						"children": {
							"identifier": "nubs:tube_worm",
							"population_control": "monster"
						}
					},
					{
						"open": {
							"description": {
								"identifier": "nubs:tube_worm",
								"population_control": "monster"
							},
							"conditions": [
								{
									"minecraft:spawns_on_surface": {},
									"minecraft:spawns_underwater": {},
									"minecraft:brightness_filter": {
										"min": 0,
										"max": 7,
										"adjust_for_weather": false
									},
									"minecraft:weight": {
										"default": 100
									},
									"minecraft:herd": {
										"min_size": 2,
										"max_size": 4
									},
									"minecraft:biome_filter": {
										"test": "has_biome_tag",
										"operator": "==",
										"value": "ocean"
									}
								},
								{
									"minecraft:spawns_on_surface": {},
									"minecraft:spawns_underwater": {},
									"minecraft:brightness_filter": {
										"min": 0,
										"max": 7,
										"adjust_for_weather": false
									},
									"minecraft:weight": {
										"default": 100
									},
									"minecraft:herd": {
										"min_size": 2,
										"max_size": 4
									},
									"minecraft:biome_filter": {
										"test": "has_biome_tag",
										"operator": "==",
										"value": "river"
									}
								}
							]
						},
						"key": "conditions",
						"children": [
							{
								"open": [
									{
										"minecraft:spawns_on_surface": {},
										"minecraft:spawns_underwater": {},
										"minecraft:brightness_filter": {
											"min": 0,
											"max": 7,
											"adjust_for_weather": false
										},
										"minecraft:weight": {
											"default": 100
										},
										"minecraft:herd": {
											"min_size": 2,
											"max_size": 4
										},
										"minecraft:biome_filter": {
											"test": "has_biome_tag",
											"operator": "==",
											"value": "ocean"
										}
									},
									{
										"minecraft:spawns_on_surface": {},
										"minecraft:spawns_underwater": {},
										"minecraft:brightness_filter": {
											"min": 0,
											"max": 7,
											"adjust_for_weather": false
										},
										"minecraft:weight": {
											"default": 100
										},
										"minecraft:herd": {
											"min_size": 2,
											"max_size": 4
										},
										"minecraft:biome_filter": {
											"test": "has_biome_tag",
											"operator": "==",
											"value": "river"
										}
									}
								],
								"is_minified": true,
								"children": {
									"minecraft:spawns_on_surface": {},
									"minecraft:spawns_underwater": {},
									"minecraft:brightness_filter": {
										"min": 0,
										"max": 7,
										"adjust_for_weather": false
									},
									"minecraft:weight": {
										"default": 100
									},
									"minecraft:herd": {
										"min_size": 2,
										"max_size": 4
									},
									"minecraft:biome_filter": {
										"test": "has_biome_tag",
										"operator": "==",
										"value": "ocean"
									}
								}
							},
							{
								"open": [
									{
										"minecraft:spawns_on_surface": {},
										"minecraft:spawns_underwater": {},
										"minecraft:brightness_filter": {
											"min": 0,
											"max": 7,
											"adjust_for_weather": false
										},
										"minecraft:weight": {
											"default": 100
										},
										"minecraft:herd": {
											"min_size": 2,
											"max_size": 4
										},
										"minecraft:biome_filter": {
											"test": "has_biome_tag",
											"operator": "==",
											"value": "ocean"
										}
									},
									{
										"minecraft:spawns_on_surface": {},
										"minecraft:spawns_underwater": {},
										"minecraft:brightness_filter": {
											"min": 0,
											"max": 7,
											"adjust_for_weather": false
										},
										"minecraft:weight": {
											"default": 100
										},
										"minecraft:herd": {
											"min_size": 2,
											"max_size": 4
										},
										"minecraft:biome_filter": {
											"test": "has_biome_tag",
											"operator": "==",
											"value": "river"
										}
									}
								],
								"is_minified": true,
								"children": {
									"minecraft:spawns_on_surface": {},
									"minecraft:spawns_underwater": {},
									"minecraft:brightness_filter": {
										"min": 0,
										"max": 7,
										"adjust_for_weather": false
									},
									"minecraft:weight": {
										"default": 100
									},
									"minecraft:herd": {
										"min_size": 2,
										"max_size": 4
									},
									"minecraft:biome_filter": {
										"test": "has_biome_tag",
										"operator": "==",
										"value": "river"
									}
								}
							}
						]
					}
				]
			}
		]
	}
}