{
	"format_version": "1.16.100",
	"minecraft:entity": {
		"description": {
			"identifier": "nubs:willow_chest_boat",
			"is_spawnable": false,
			"is_summonable": true,
			"is_experimental": false
		},
		"component_groups": {
			"minecraft:floating": {
				"minecraft:buoyant": {
					"base_buoyancy": 0.6,
					"apply_gravity": true,
					"simulate_waves": true,
					"big_wave_speed": 5,
					"liquid_blocks": [
						"minecraft:water",
						"minecraft:flowing_water"
					]
				}
			},
			"minecraft:can_ride": {
				"minecraft:rideable": {
					"seat_count": 1,
					"interact_text": "action.interact.ride.boat",
					"family_types": [
						"player"
					],
					"pull_in_entities": true,
					"seats": [
						{
							"position": [
								0,
								0,
								0
							],
							"min_rider_count": 0,
							"max_rider_count": 1
						}
					]
				}
			},
			"minecraft:above_bubble_column_down": {
				"minecraft:buoyant": {
					"base_buoyancy": 1,
					"apply_gravity": true,
					"simulate_waves": false,
					"liquid_blocks": [
						"minecraft:water",
						"minecraft:flowing_water"
					],
					"drag_down_on_buoyancy_removed": 0.7
				},
				"minecraft:timer": {
					"looping": false,
					"time": 3,
					"time_down_event": {
						"event": "minecraft:sink",
						"target": "self"
					}
				},
				"minecraft:out_of_control": {}
			},
			"minecraft:above_bubble_column_up": {
				"minecraft:buoyant": {
					"base_buoyancy": 1,
					"apply_gravity": true,
					"simulate_waves": false,
					"liquid_blocks": [
						"minecraft:water",
						"minecraft:flowing_water"
					],
					"drag_down_on_buoyancy_removed": 0.7
				},
				"minecraft:out_of_control": {}
			}
		},
		"components": {
			"minecraft:loot": {
				"table": "loot_tables/entities/willow_chest_boat.json"
			},
			"minecraft:knockback_resistance": {
				"value": 100
			},
			"minecraft:type_family": {
				"family": [
					"boat",
					"inanimate"
				]
			},
			"minecraft:collision_box": {
				"width": 1.4,
				"height": 0.455
			},
			"minecraft:hurt_on_condition": {
				"damage_conditions": [
					{
						"filters": {
							"test": "in_lava",
							"subject": "self",
							"operator": "==",
							"value": true
						},
						"cause": "lava",
						"damage_per_tick": 4
					}
				]
			},
			"minecraft:leashable": {
				"soft_distance": 4,
				"hard_distance": 6,
				"max_distance": 10
			},
			"minecraft:movement": {
				"value": 0.04
			},
			"minecraft:underwater_movement": {
				"value": 0.07
			},
			"minecraft:input_ground_controlled": {},
			"minecraft:rideable": {
				"seat_count": 1,
				"interact_text": "action.interact.ride.boat",
				"family_types": [
					"player"
				],
				"pull_in_entities": true,
				"seats": [
					{
						"position": [
							0,
							0.1,
							0
						],
						"min_rider_count": 0,
						"max_rider_count": 1
					}
				]
			},
			"minecraft:inventory": {
				"container_type": "chest_boat",
				"inventory_size": 27,
				"can_be_siphoned_from": true
			},
			"minecraft:physics": {},
			"minecraft:pushable": {
				"is_pushable": false,
				"is_pushable_by_piston": true
			},
			"minecraft:buoyant": {
				"base_buoyancy": 0.6,
				"apply_gravity": true,
				"simulate_waves": true,
				"big_wave_speed": 5,
				"liquid_blocks": [
					"minecraft:water",
					"minecraft:flowing_water"
				]
			},
			"minecraft:conditional_bandwidth_optimization": {
				"default_values": {
					"max_optimized_distance": 60,
					"max_dropped_ticks": 20,
					"use_motion_prediction_hints": true
				},
				"conditional_values": [
					{
						"max_optimized_distance": 0,
						"max_dropped_ticks": 0,
						"use_motion_prediction_hints": true,
						"conditional_values": [
							{
								"test": "is_moving",
								"subject": "self",
								"operator": "==",
								"value": true
							}
						]
					}
				]
			},
			"minecraft:inside_block_notifier": {
				"block_list": [
					{
						"block": {
							"name": "minecraft:bubble_column",
							"states": {
								"drag_down": true
							}
						},
						"entered_block_event": {
							"event": "minecraft:entered_bubble_column_down",
							"target": "self"
						},
						"exited_block_event": {
							"event": "minecraft:exited_bubble_column",
							"target": "self"
						}
					},
					{
						"block": {
							"name": "minecraft:bubble_column",
							"states": {
								"drag_down": false
							}
						},
						"entered_block_event": {
							"event": "minecraft:entered_bubble_column_up",
							"target": "self"
						},
						"exited_block_event": {
							"event": "minecraft:exited_bubble_column",
							"target": "self"
						}
					}
				]
			}
		},
		"events": {
			"minecraft:entered_bubble_column_down": {
				"remove": {
					"component_groups": [
						"minecraft:floating"
					]
				},
				"add": {
					"component_groups": [
						"minecraft:above_bubble_column_down"
					]
				}
			},
			"minecraft:entered_bubble_column_up": {
				"remove": {
					"component_groups": [
						"minecraft:floating"
					]
				},
				"add": {
					"component_groups": [
						"minecraft:above_bubble_column_up"
					]
				}
			},
			"minecraft:exited_bubble_column": {
				"remove": {
					"component_groups": [
						"minecraft:above_bubble_column_down",
						"minecraft:above_bubble_column_up"
					]
				},
				"add": {
					"component_groups": [
						"minecraft:floating",
						"minecraft:can_ride"
					]
				}
			},
			"minecraft:sink": {
				"remove": {
					"component_groups": [
						"minecraft:floating",
						"minecraft:can_ride",
						"minecraft:above_bubble_column_down",
						"minecraft:above_bubble_column_up"
					]
				}
			}
		}
	}
}