{
	"file_path": "C:\\Users\\jepco\\AppData\\Local\\Packages\\Microsoft.MinecraftUWP_8wekyb3d8bbwe\\LocalState\\games\\com.mojang\\development_behavior_packs\\WasteLanders 2.3 BP\\blocks\\willow_wood\\willow_sapling.json",
	"file_type": "block",
	"format_version": 1,
	"file_uuid": "3bd46c00_7a82_4cbc_b2ae_f2e06601d950",
	"file_version": 0,
	"cache_content": {
		"children": [
			{
				"data": "1.16.100",
				"key": "format_version"
			},
			{
				"open": {
					"format_version": "1.16.100",
					"minecraft:block": {
						"description": {
							"identifier": "nubs:willow_sapling_block"
						},
						"components": {
							"minecraft:creative_category": {
								"category": "commands",
								"group": "commands"
							},
							"minecraft:material_instances": {
								"*": {
									"texture": "nubs_willow_sapling",
									"render_method": "alpha_test",
									"face_dimming": false,
									"ambient_occlusion": false
								}
							},
							"minecraft:destroy_time": 0,
							"minecraft:block_light_absorption": 0,
							"minecraft:breathability": "air",
							"minecraft:collision_box": false,
							"minecraft:aim_collision": {
								"origin": [
									-6,
									0,
									-6
								],
								"size": [
									12,
									13,
									12
								]
							},
							"minecraft:map_color": "#BF606B",
							"minecraft:placement_filter": {
								"conditions": [
									{
										"allowed_faces": [
											"up"
										],
										"block_filter": [
											"dirt",
											"grass",
											"podzol",
											"farmland"
										]
									}
								]
							},
							"minecraft:on_interact": {
								"event": "grow",
								"condition": "query.get_equipped_item_name(0)=='bone_meal'"
							},
							"minecraft:queued_ticking": {
								"looping": true,
								"interval_range": [
									20000,
									25000
								],
								"on_tick": {
									"event": "grow"
								}
							},
							"minecraft:geometry": "geometry.custom_sapling_model"
						},
						"events": {
							"grow": {
								"sequence": [
									{
										"condition": "query.get_equipped_item_name('main_hand')=='bone_meal'",
										"run_command": {
											"command": [
												"particle minecraft:crop_growth_emitter ~ ~ ~",
												"playsound item.bone_meal.use @a ~ ~ ~"
											]
										},
										"decrement_stack": {},
										"trigger": "fertilize"
									},
									{
										"condition": "query.get_equipped_item_name('main_hand')!='bone_meal'",
										"run_command": {
											"command": [
												"structure load willow_tree_0 ~-4 ~ ~-4"
											]
										}
									}
								]
							},
							"fertilize": {
								"randomize": [
									{
										"weight": 75
									},
									{
										"weight": 25,
										"run_command": {
											"command": [
												"structure load willow_tree_0 ~-4 ~ ~-4"
											]
										}
									}
								]
							}
						}
					}
				},
				"key": "minecraft:block",
				"children": [
					{
						"key": "description",
						"is_minified": true,
						"children": {
							"identifier": "nubs:willow_sapling_block"
						}
					},
					{
						"open": {
							"description": {
								"identifier": "nubs:willow_sapling_block"
							},
							"components": {
								"minecraft:creative_category": {
									"category": "commands",
									"group": "commands"
								},
								"minecraft:material_instances": {
									"*": {
										"texture": "nubs_willow_sapling",
										"render_method": "alpha_test",
										"face_dimming": false,
										"ambient_occlusion": false
									}
								},
								"minecraft:destroy_time": 0,
								"minecraft:block_light_absorption": 0,
								"minecraft:breathability": "air",
								"minecraft:collision_box": false,
								"minecraft:aim_collision": {
									"origin": [
										-6,
										0,
										-6
									],
									"size": [
										12,
										13,
										12
									]
								},
								"minecraft:map_color": "#BF606B",
								"minecraft:placement_filter": {
									"conditions": [
										{
											"allowed_faces": [
												"up"
											],
											"block_filter": [
												"dirt",
												"grass",
												"podzol",
												"farmland"
											]
										}
									]
								},
								"minecraft:on_interact": {
									"event": "grow",
									"condition": "query.get_equipped_item_name(0)=='bone_meal'"
								},
								"minecraft:queued_ticking": {
									"looping": true,
									"interval_range": [
										20000,
										25000
									],
									"on_tick": {
										"event": "grow"
									}
								},
								"minecraft:geometry": "geometry.custom_sapling_model"
							},
							"events": {
								"grow": {
									"sequence": [
										{
											"condition": "query.get_equipped_item_name('main_hand')=='bone_meal'",
											"run_command": {
												"command": [
													"particle minecraft:crop_growth_emitter ~ ~ ~",
													"playsound item.bone_meal.use @a ~ ~ ~"
												]
											},
											"decrement_stack": {},
											"trigger": "fertilize"
										},
										{
											"condition": "query.get_equipped_item_name('main_hand')!='bone_meal'",
											"run_command": {
												"command": [
													"structure load willow_tree_0 ~-4 ~ ~-4"
												]
											}
										}
									]
								},
								"fertilize": {
									"randomize": [
										{
											"weight": 75
										},
										{
											"weight": 25,
											"run_command": {
												"command": [
													"structure load willow_tree_0 ~-4 ~ ~-4"
												]
											}
										}
									]
								}
							}
						},
						"key": "components",
						"is_minified": true,
						"children": {
							"minecraft:creative_category": {
								"category": "commands",
								"group": "commands"
							},
							"minecraft:material_instances": {
								"*": {
									"texture": "nubs_willow_sapling",
									"render_method": "alpha_test",
									"face_dimming": false,
									"ambient_occlusion": false
								}
							},
							"minecraft:destroy_time": 0,
							"minecraft:block_light_absorption": 0,
							"minecraft:breathability": "air",
							"minecraft:collision_box": false,
							"minecraft:aim_collision": {
								"origin": [
									-6,
									0,
									-6
								],
								"size": [
									12,
									13,
									12
								]
							},
							"minecraft:map_color": "#BF606B",
							"minecraft:placement_filter": {
								"conditions": [
									{
										"allowed_faces": [
											"up"
										],
										"block_filter": [
											"dirt",
											"grass",
											"podzol",
											"farmland"
										]
									}
								]
							},
							"minecraft:on_interact": {
								"event": "grow",
								"condition": "query.get_equipped_item_name(0)=='bone_meal'"
							},
							"minecraft:queued_ticking": {
								"looping": true,
								"interval_range": [
									20000,
									25000
								],
								"on_tick": {
									"event": "grow"
								}
							},
							"minecraft:geometry": "geometry.custom_sapling_model"
						}
					},
					{
						"key": "events",
						"is_minified": true,
						"children": {
							"grow": {
								"sequence": [
									{
										"condition": "query.get_equipped_item_name('main_hand')=='bone_meal'",
										"run_command": {
											"command": [
												"particle minecraft:crop_growth_emitter ~ ~ ~",
												"playsound item.bone_meal.use @a ~ ~ ~"
											]
										},
										"decrement_stack": {},
										"trigger": "fertilize"
									},
									{
										"condition": "query.get_equipped_item_name('main_hand')!='bone_meal'",
										"run_command": {
											"command": [
												"structure load willow_tree_0 ~-4 ~ ~-4"
											]
										}
									}
								]
							},
							"fertilize": {
								"randomize": [
									{
										"weight": 75
									},
									{
										"weight": 25,
										"run_command": {
											"command": [
												"structure load willow_tree_0 ~-4 ~ ~-4"
											]
										}
									}
								]
							}
						}
					}
				]
			}
		]
	}
}