{
	"file_path": "C:\\Users\\jepco\\AppData\\Local\\Packages\\Microsoft.MinecraftUWP_8wekyb3d8bbwe\\LocalState\\games\\com.mojang\\development_behavior_packs\\WasteLanders BP\\blocks\\willow_wood\\willow_trapdoor.json",
	"file_type": "block",
	"format_version": 1,
	"file_uuid": "63146472_211b_41de_b13a_df3e9dab14b2",
	"file_version": 3,
	"cache_content": {
		"children": [
			{
				"open": {
					"format_version": "1.16.100",
					"minecraft:block": {
						"description": {
							"identifier": "nubs:willow_trapdoor",
							"properties": {
								"nubs:direction": [
									0,
									1,
									2,
									3
								],
								"nubs:open_bit": [
									false,
									true
								],
								"nubs:upside_down_bit": [
									false,
									true
								]
							}
						},
						"components": {
							"minecraft:geometry": "geometry.custom_trapdoor",
							"minecraft:material_instances": {
								"*": {
									"texture": "nubs_willow_trapdoor",
									"render_method": "alpha_test"
								}
							},
							"minecraft:creative_category": {
								"category": "construction",
								"group": "itemGroup.name.trapdoor"
							},
							"minecraft:map_color": "#52221D",
							"minecraft:destroy_time": 0.5,
							"minecraft:on_player_placing": {
								"event": "direction"
							},
							"minecraft:part_visibility": {
								"conditions": {
									"down_close": "query.block_property('nubs:open_bit') == false && query.block_property('nubs:upside_down_bit') == false",
									"down_open": "query.block_property('nubs:open_bit') == true && query.block_property('nubs:upside_down_bit') == false",
									"up_close": "query.block_property('nubs:open_bit') == false && query.block_property('nubs:upside_down_bit') == true",
									"up_open": "query.block_property('nubs:open_bit') == true && query.block_property('nubs:upside_down_bit') == true"
								}
							},
							"minecraft:block_light_filter": 0,
							"tag:wood": {}
						},
						"permutations": [
							{
								"condition": "query.block_property('nubs:open_bit') == false && query.block_property('nubs:upside_down_bit') == false",
								"components": {
									"minecraft:collision_box": {
										"origin": [
											-8,
											0,
											-8
										],
										"size": [
											16,
											3,
											16
										]
									},
									"minecraft:aim_collision": {
										"origin": [
											-8,
											0,
											-8
										],
										"size": [
											16,
											3,
											16
										]
									}
								}
							},
							{
								"condition": "query.block_property('nubs:open_bit') == true && query.block_property('nubs:upside_down_bit') == false",
								"components": {
									"minecraft:collision_box": {
										"origin": [
											-8,
											0,
											7
										],
										"size": [
											16,
											16,
											1
										]
									},
									"minecraft:aim_collision": {
										"origin": [
											-8,
											0,
											5
										],
										"size": [
											16,
											16,
											3
										]
									}
								}
							},
							{
								"condition": "query.block_property('nubs:open_bit') == false && query.block_property('nubs:upside_down_bit') == true",
								"components": {
									"minecraft:collision_box": {
										"origin": [
											-8,
											13,
											-8
										],
										"size": [
											16,
											3,
											16
										]
									},
									"minecraft:aim_collision": {
										"origin": [
											-8,
											13,
											-8
										],
										"size": [
											16,
											3,
											16
										]
									}
								}
							},
							{
								"condition": "query.block_property('nubs:open_bit') == true && query.block_property('nubs:upside_down_bit') == true",
								"components": {
									"minecraft:collision_box": {
										"origin": [
											-8,
											0,
											7
										],
										"size": [
											16,
											16,
											1
										]
									},
									"minecraft:aim_collision": {
										"origin": [
											-8,
											0,
											5
										],
										"size": [
											16,
											16,
											3
										]
									}
								}
							},
							{
								"condition": "query.block_property('nubs:open_bit') == false",
								"components": {
									"minecraft:on_interact": {
										"event": "open"
									}
								}
							},
							{
								"condition": "query.block_property('nubs:open_bit') == true",
								"components": {
									"minecraft:on_interact": {
										"event": "close"
									}
								}
							},
							{
								"condition": "query.block_property('nubs:direction') == 0",
								"components": {
									"minecraft:rotation": [
										0,
										180,
										0
									]
								}
							},
							{
								"condition": "query.block_property('nubs:direction') == 1",
								"components": {
									"minecraft:rotation": [
										0,
										0,
										0
									]
								}
							},
							{
								"condition": "query.block_property('nubs:direction') == 2",
								"components": {
									"minecraft:rotation": [
										0,
										270,
										0
									]
								}
							},
							{
								"condition": "query.block_property('nubs:direction') == 3",
								"components": {
									"minecraft:rotation": [
										0,
										90,
										0
									]
								}
							}
						],
						"events": {
							"open": {
								"set_block_property": {
									"nubs:open_bit": true
								},
								"run_command": {
									"command": [
										"playsound random.door_open @a ~ ~ ~"
									]
								}
							},
							"close": {
								"set_block_property": {
									"nubs:open_bit": false
								},
								"run_command": {
									"command": [
										"playsound random.door_close @a ~ ~ ~"
									]
								}
							},
							"direction": {
								"sequence": [
									{
										"condition": "q.is_sneaking==1",
										"set_block_property": {
											"nubs:direction": "query.cardinal_facing_2d-2",
											"nubs:upside_down_bit": false
										}
									},
									{
										"condition": "q.is_sneaking==0",
										"set_block_property": {
											"nubs:direction": "query.cardinal_facing_2d-2",
											"nubs:upside_down_bit": true
										}
									}
								]
							}
						}
					}
				},
				"data": "1.16.100",
				"key": "format_version"
			},
			{
				"open": {
					"format_version": "1.16.100",
					"minecraft:block": {
						"description": {
							"identifier": "nubs:willow_trapdoor",
							"properties": {
								"nubs:direction": [
									0,
									1,
									2,
									3
								],
								"nubs:open_bit": [
									false,
									true
								],
								"nubs:upside_down_bit": [
									false,
									true
								]
							}
						},
						"components": {
							"minecraft:geometry": "geometry.custom_trapdoor",
							"minecraft:material_instances": {
								"*": {
									"texture": "nubs_willow_trapdoor",
									"render_method": "alpha_test"
								}
							},
							"minecraft:creative_category": {
								"category": "construction",
								"group": "itemGroup.name.trapdoor"
							},
							"minecraft:map_color": "#52221D",
							"minecraft:destroy_time": 0.5,
							"minecraft:on_player_placing": {
								"event": "direction"
							},
							"minecraft:part_visibility": {
								"conditions": {
									"down_close": "query.block_property('nubs:open_bit') == false && query.block_property('nubs:upside_down_bit') == false",
									"down_open": "query.block_property('nubs:open_bit') == true && query.block_property('nubs:upside_down_bit') == false",
									"up_close": "query.block_property('nubs:open_bit') == false && query.block_property('nubs:upside_down_bit') == true",
									"up_open": "query.block_property('nubs:open_bit') == true && query.block_property('nubs:upside_down_bit') == true"
								}
							},
							"minecraft:block_light_filter": 0,
							"tag:wood": {}
						},
						"permutations": [
							{
								"condition": "query.block_property('nubs:open_bit') == false && query.block_property('nubs:upside_down_bit') == false",
								"components": {
									"minecraft:collision_box": {
										"origin": [
											-8,
											0,
											-8
										],
										"size": [
											16,
											3,
											16
										]
									},
									"minecraft:aim_collision": {
										"origin": [
											-8,
											0,
											-8
										],
										"size": [
											16,
											3,
											16
										]
									}
								}
							},
							{
								"condition": "query.block_property('nubs:open_bit') == true && query.block_property('nubs:upside_down_bit') == false",
								"components": {
									"minecraft:collision_box": {
										"origin": [
											-8,
											0,
											7
										],
										"size": [
											16,
											16,
											1
										]
									},
									"minecraft:aim_collision": {
										"origin": [
											-8,
											0,
											5
										],
										"size": [
											16,
											16,
											3
										]
									}
								}
							},
							{
								"condition": "query.block_property('nubs:open_bit') == false && query.block_property('nubs:upside_down_bit') == true",
								"components": {
									"minecraft:collision_box": {
										"origin": [
											-8,
											13,
											-8
										],
										"size": [
											16,
											3,
											16
										]
									},
									"minecraft:aim_collision": {
										"origin": [
											-8,
											13,
											-8
										],
										"size": [
											16,
											3,
											16
										]
									}
								}
							},
							{
								"condition": "query.block_property('nubs:open_bit') == true && query.block_property('nubs:upside_down_bit') == true",
								"components": {
									"minecraft:collision_box": {
										"origin": [
											-8,
											0,
											7
										],
										"size": [
											16,
											16,
											1
										]
									},
									"minecraft:aim_collision": {
										"origin": [
											-8,
											0,
											5
										],
										"size": [
											16,
											16,
											3
										]
									}
								}
							},
							{
								"condition": "query.block_property('nubs:open_bit') == false",
								"components": {
									"minecraft:on_interact": {
										"event": "open"
									}
								}
							},
							{
								"condition": "query.block_property('nubs:open_bit') == true",
								"components": {
									"minecraft:on_interact": {
										"event": "close"
									}
								}
							},
							{
								"condition": "query.block_property('nubs:direction') == 0",
								"components": {
									"minecraft:rotation": [
										0,
										180,
										0
									]
								}
							},
							{
								"condition": "query.block_property('nubs:direction') == 1",
								"components": {
									"minecraft:rotation": [
										0,
										0,
										0
									]
								}
							},
							{
								"condition": "query.block_property('nubs:direction') == 2",
								"components": {
									"minecraft:rotation": [
										0,
										270,
										0
									]
								}
							},
							{
								"condition": "query.block_property('nubs:direction') == 3",
								"components": {
									"minecraft:rotation": [
										0,
										90,
										0
									]
								}
							}
						],
						"events": {
							"open": {
								"set_block_property": {
									"nubs:open_bit": true
								},
								"run_command": {
									"command": [
										"playsound random.door_open @a ~ ~ ~"
									]
								}
							},
							"close": {
								"set_block_property": {
									"nubs:open_bit": false
								},
								"run_command": {
									"command": [
										"playsound random.door_close @a ~ ~ ~"
									]
								}
							},
							"direction": {
								"sequence": [
									{
										"condition": "q.is_sneaking==1",
										"set_block_property": {
											"nubs:direction": "query.cardinal_facing_2d-2",
											"nubs:upside_down_bit": false
										}
									},
									{
										"condition": "q.is_sneaking==0",
										"set_block_property": {
											"nubs:direction": "query.cardinal_facing_2d-2",
											"nubs:upside_down_bit": true
										}
									}
								]
							}
						}
					}
				},
				"key": "minecraft:block",
				"children": [
					{
						"open": {
							"description": {
								"identifier": "nubs:willow_trapdoor",
								"properties": {
									"nubs:direction": [
										0,
										1,
										2,
										3
									],
									"nubs:open_bit": [
										false,
										true
									],
									"nubs:upside_down_bit": [
										false,
										true
									]
								}
							},
							"components": {
								"minecraft:geometry": "geometry.custom_trapdoor",
								"minecraft:material_instances": {
									"*": {
										"texture": "nubs_willow_trapdoor",
										"render_method": "alpha_test"
									}
								},
								"minecraft:creative_category": {
									"category": "construction",
									"group": "itemGroup.name.trapdoor"
								},
								"minecraft:map_color": "#52221D",
								"minecraft:destroy_time": 0.5,
								"minecraft:on_player_placing": {
									"event": "direction"
								},
								"minecraft:part_visibility": {
									"conditions": {
										"down_close": "query.block_property('nubs:open_bit') == false && query.block_property('nubs:upside_down_bit') == false",
										"down_open": "query.block_property('nubs:open_bit') == true && query.block_property('nubs:upside_down_bit') == false",
										"up_close": "query.block_property('nubs:open_bit') == false && query.block_property('nubs:upside_down_bit') == true",
										"up_open": "query.block_property('nubs:open_bit') == true && query.block_property('nubs:upside_down_bit') == true"
									}
								},
								"minecraft:block_light_filter": 0,
								"tag:wood": {}
							},
							"permutations": [
								{
									"condition": "query.block_property('nubs:open_bit') == false && query.block_property('nubs:upside_down_bit') == false",
									"components": {
										"minecraft:collision_box": {
											"origin": [
												-8,
												0,
												-8
											],
											"size": [
												16,
												3,
												16
											]
										},
										"minecraft:aim_collision": {
											"origin": [
												-8,
												0,
												-8
											],
											"size": [
												16,
												3,
												16
											]
										}
									}
								},
								{
									"condition": "query.block_property('nubs:open_bit') == true && query.block_property('nubs:upside_down_bit') == false",
									"components": {
										"minecraft:collision_box": {
											"origin": [
												-8,
												0,
												7
											],
											"size": [
												16,
												16,
												1
											]
										},
										"minecraft:aim_collision": {
											"origin": [
												-8,
												0,
												5
											],
											"size": [
												16,
												16,
												3
											]
										}
									}
								},
								{
									"condition": "query.block_property('nubs:open_bit') == false && query.block_property('nubs:upside_down_bit') == true",
									"components": {
										"minecraft:collision_box": {
											"origin": [
												-8,
												13,
												-8
											],
											"size": [
												16,
												3,
												16
											]
										},
										"minecraft:aim_collision": {
											"origin": [
												-8,
												13,
												-8
											],
											"size": [
												16,
												3,
												16
											]
										}
									}
								},
								{
									"condition": "query.block_property('nubs:open_bit') == true && query.block_property('nubs:upside_down_bit') == true",
									"components": {
										"minecraft:collision_box": {
											"origin": [
												-8,
												0,
												7
											],
											"size": [
												16,
												16,
												1
											]
										},
										"minecraft:aim_collision": {
											"origin": [
												-8,
												0,
												5
											],
											"size": [
												16,
												16,
												3
											]
										}
									}
								},
								{
									"condition": "query.block_property('nubs:open_bit') == false",
									"components": {
										"minecraft:on_interact": {
											"event": "open"
										}
									}
								},
								{
									"condition": "query.block_property('nubs:open_bit') == true",
									"components": {
										"minecraft:on_interact": {
											"event": "close"
										}
									}
								},
								{
									"condition": "query.block_property('nubs:direction') == 0",
									"components": {
										"minecraft:rotation": [
											0,
											180,
											0
										]
									}
								},
								{
									"condition": "query.block_property('nubs:direction') == 1",
									"components": {
										"minecraft:rotation": [
											0,
											0,
											0
										]
									}
								},
								{
									"condition": "query.block_property('nubs:direction') == 2",
									"components": {
										"minecraft:rotation": [
											0,
											270,
											0
										]
									}
								},
								{
									"condition": "query.block_property('nubs:direction') == 3",
									"components": {
										"minecraft:rotation": [
											0,
											90,
											0
										]
									}
								}
							],
							"events": {
								"open": {
									"set_block_property": {
										"nubs:open_bit": true
									},
									"run_command": {
										"command": [
											"playsound random.door_open @a ~ ~ ~"
										]
									}
								},
								"close": {
									"set_block_property": {
										"nubs:open_bit": false
									},
									"run_command": {
										"command": [
											"playsound random.door_close @a ~ ~ ~"
										]
									}
								},
								"direction": {
									"sequence": [
										{
											"condition": "q.is_sneaking==1",
											"set_block_property": {
												"nubs:direction": "query.cardinal_facing_2d-2",
												"nubs:upside_down_bit": false
											}
										},
										{
											"condition": "q.is_sneaking==0",
											"set_block_property": {
												"nubs:direction": "query.cardinal_facing_2d-2",
												"nubs:upside_down_bit": true
											}
										}
									]
								}
							}
						},
						"key": "description",
						"children": [
							{
								"data": "nubs:willow_trapdoor",
								"key": "identifier"
							},
							{
								"open": {
									"identifier": "nubs:willow_trapdoor",
									"properties": {
										"nubs:direction": [
											0,
											1,
											2,
											3
										],
										"nubs:open_bit": [
											false,
											true
										],
										"nubs:upside_down_bit": [
											false,
											true
										]
									}
								},
								"key": "properties",
								"is_minified": true,
								"children": {
									"nubs:direction": [
										0,
										1,
										2,
										3
									],
									"nubs:open_bit": [
										false,
										true
									],
									"nubs:upside_down_bit": [
										false,
										true
									]
								}
							}
						]
					},
					{
						"open": {
							"description": {
								"identifier": "nubs:willow_trapdoor",
								"properties": {
									"nubs:direction": [
										0,
										1,
										2,
										3
									],
									"nubs:open_bit": [
										false,
										true
									],
									"nubs:upside_down_bit": [
										false,
										true
									]
								}
							},
							"components": {
								"minecraft:geometry": "geometry.custom_trapdoor",
								"minecraft:material_instances": {
									"*": {
										"texture": "nubs_willow_trapdoor",
										"render_method": "alpha_test"
									}
								},
								"minecraft:creative_category": {
									"category": "construction",
									"group": "itemGroup.name.trapdoor"
								},
								"minecraft:map_color": "#52221D",
								"minecraft:destroy_time": 0.5,
								"minecraft:on_player_placing": {
									"event": "direction"
								},
								"minecraft:part_visibility": {
									"conditions": {
										"down_close": "query.block_property('nubs:open_bit') == false && query.block_property('nubs:upside_down_bit') == false",
										"down_open": "query.block_property('nubs:open_bit') == true && query.block_property('nubs:upside_down_bit') == false",
										"up_close": "query.block_property('nubs:open_bit') == false && query.block_property('nubs:upside_down_bit') == true",
										"up_open": "query.block_property('nubs:open_bit') == true && query.block_property('nubs:upside_down_bit') == true"
									}
								},
								"minecraft:block_light_filter": 0,
								"tag:wood": {}
							},
							"permutations": [
								{
									"condition": "query.block_property('nubs:open_bit') == false && query.block_property('nubs:upside_down_bit') == false",
									"components": {
										"minecraft:collision_box": {
											"origin": [
												-8,
												0,
												-8
											],
											"size": [
												16,
												3,
												16
											]
										},
										"minecraft:aim_collision": {
											"origin": [
												-8,
												0,
												-8
											],
											"size": [
												16,
												3,
												16
											]
										}
									}
								},
								{
									"condition": "query.block_property('nubs:open_bit') == true && query.block_property('nubs:upside_down_bit') == false",
									"components": {
										"minecraft:collision_box": {
											"origin": [
												-8,
												0,
												7
											],
											"size": [
												16,
												16,
												1
											]
										},
										"minecraft:aim_collision": {
											"origin": [
												-8,
												0,
												5
											],
											"size": [
												16,
												16,
												3
											]
										}
									}
								},
								{
									"condition": "query.block_property('nubs:open_bit') == false && query.block_property('nubs:upside_down_bit') == true",
									"components": {
										"minecraft:collision_box": {
											"origin": [
												-8,
												13,
												-8
											],
											"size": [
												16,
												3,
												16
											]
										},
										"minecraft:aim_collision": {
											"origin": [
												-8,
												13,
												-8
											],
											"size": [
												16,
												3,
												16
											]
										}
									}
								},
								{
									"condition": "query.block_property('nubs:open_bit') == true && query.block_property('nubs:upside_down_bit') == true",
									"components": {
										"minecraft:collision_box": {
											"origin": [
												-8,
												0,
												7
											],
											"size": [
												16,
												16,
												1
											]
										},
										"minecraft:aim_collision": {
											"origin": [
												-8,
												0,
												5
											],
											"size": [
												16,
												16,
												3
											]
										}
									}
								},
								{
									"condition": "query.block_property('nubs:open_bit') == false",
									"components": {
										"minecraft:on_interact": {
											"event": "open"
										}
									}
								},
								{
									"condition": "query.block_property('nubs:open_bit') == true",
									"components": {
										"minecraft:on_interact": {
											"event": "close"
										}
									}
								},
								{
									"condition": "query.block_property('nubs:direction') == 0",
									"components": {
										"minecraft:rotation": [
											0,
											180,
											0
										]
									}
								},
								{
									"condition": "query.block_property('nubs:direction') == 1",
									"components": {
										"minecraft:rotation": [
											0,
											0,
											0
										]
									}
								},
								{
									"condition": "query.block_property('nubs:direction') == 2",
									"components": {
										"minecraft:rotation": [
											0,
											270,
											0
										]
									}
								},
								{
									"condition": "query.block_property('nubs:direction') == 3",
									"components": {
										"minecraft:rotation": [
											0,
											90,
											0
										]
									}
								}
							],
							"events": {
								"open": {
									"set_block_property": {
										"nubs:open_bit": true
									},
									"run_command": {
										"command": [
											"playsound random.door_open @a ~ ~ ~"
										]
									}
								},
								"close": {
									"set_block_property": {
										"nubs:open_bit": false
									},
									"run_command": {
										"command": [
											"playsound random.door_close @a ~ ~ ~"
										]
									}
								},
								"direction": {
									"sequence": [
										{
											"condition": "q.is_sneaking==1",
											"set_block_property": {
												"nubs:direction": "query.cardinal_facing_2d-2",
												"nubs:upside_down_bit": false
											}
										},
										{
											"condition": "q.is_sneaking==0",
											"set_block_property": {
												"nubs:direction": "query.cardinal_facing_2d-2",
												"nubs:upside_down_bit": true
											}
										}
									]
								}
							}
						},
						"key": "components",
						"children": [
							{
								"data": "geometry.custom_trapdoor",
								"key": "minecraft:geometry"
							},
							{
								"key": "minecraft:material_instances",
								"is_minified": true,
								"children": {
									"*": {
										"texture": "nubs_willow_trapdoor",
										"render_method": "alpha_test"
									}
								}
							},
							{
								"key": "minecraft:creative_category",
								"is_minified": true,
								"children": {
									"category": "construction",
									"group": "itemGroup.name.trapdoor"
								}
							},
							{
								"data": "#52221D",
								"key": "minecraft:map_color"
							},
							{
								"data": "0.5",
								"key": "minecraft:destroy_time"
							},
							{
								"key": "minecraft:on_player_placing",
								"is_minified": true,
								"children": {
									"event": "direction"
								}
							},
							{
								"key": "minecraft:part_visibility",
								"children": [
									{
										"open": {
											"conditions": {
												"down_close": "query.block_property('nubs:open_bit') == false && query.block_property('nubs:upside_down_bit') == false",
												"down_open": "query.block_property('nubs:open_bit') == true && query.block_property('nubs:upside_down_bit') == false",
												"up_close": "query.block_property('nubs:open_bit') == false && query.block_property('nubs:upside_down_bit') == true",
												"up_open": "query.block_property('nubs:open_bit') == true && query.block_property('nubs:upside_down_bit') == true"
											}
										},
										"key": "conditions",
										"is_minified": true,
										"children": {
											"down_close": "query.block_property('nubs:open_bit') == false && query.block_property('nubs:upside_down_bit') == false",
											"down_open": "query.block_property('nubs:open_bit') == true && query.block_property('nubs:upside_down_bit') == false",
											"up_close": "query.block_property('nubs:open_bit') == false && query.block_property('nubs:upside_down_bit') == true",
											"up_open": "query.block_property('nubs:open_bit') == true && query.block_property('nubs:upside_down_bit') == true"
										}
									}
								]
							},
							{
								"data": "0",
								"key": "minecraft:block_light_filter"
							},
							{
								"key": "tag:wood",
								"is_minified": true,
								"children": {}
							}
						]
					},
					{
						"key": "permutations",
						"children": [
							{
								"open": [
									{
										"condition": "query.block_property('nubs:open_bit') == false && query.block_property('nubs:upside_down_bit') == false",
										"components": {
											"minecraft:collision_box": {
												"origin": [
													-8,
													0,
													-8
												],
												"size": [
													16,
													3,
													16
												]
											},
											"minecraft:aim_collision": {
												"origin": [
													-8,
													0,
													-8
												],
												"size": [
													16,
													3,
													16
												]
											}
										}
									},
									{
										"condition": "query.block_property('nubs:open_bit') == true && query.block_property('nubs:upside_down_bit') == false",
										"components": {
											"minecraft:collision_box": {
												"origin": [
													-8,
													0,
													7
												],
												"size": [
													16,
													16,
													1
												]
											},
											"minecraft:aim_collision": {
												"origin": [
													-8,
													0,
													5
												],
												"size": [
													16,
													16,
													3
												]
											}
										}
									},
									{
										"condition": "query.block_property('nubs:open_bit') == false && query.block_property('nubs:upside_down_bit') == true",
										"components": {
											"minecraft:collision_box": {
												"origin": [
													-8,
													13,
													-8
												],
												"size": [
													16,
													3,
													16
												]
											},
											"minecraft:aim_collision": {
												"origin": [
													-8,
													13,
													-8
												],
												"size": [
													16,
													3,
													16
												]
											}
										}
									},
									{
										"condition": "query.block_property('nubs:open_bit') == true && query.block_property('nubs:upside_down_bit') == true",
										"components": {
											"minecraft:collision_box": {
												"origin": [
													-8,
													0,
													7
												],
												"size": [
													16,
													16,
													1
												]
											},
											"minecraft:aim_collision": {
												"origin": [
													-8,
													0,
													5
												],
												"size": [
													16,
													16,
													3
												]
											}
										}
									},
									{
										"condition": "query.block_property('nubs:open_bit') == false",
										"components": {
											"minecraft:on_interact": {
												"event": "open"
											}
										}
									},
									{
										"condition": "query.block_property('nubs:open_bit') == true",
										"components": {
											"minecraft:on_interact": {
												"event": "close"
											}
										}
									},
									{
										"condition": "query.block_property('nubs:direction') == 0",
										"components": {
											"minecraft:rotation": [
												0,
												180,
												0
											]
										}
									},
									{
										"condition": "query.block_property('nubs:direction') == 1",
										"components": {
											"minecraft:rotation": [
												0,
												0,
												0
											]
										}
									},
									{
										"condition": "query.block_property('nubs:direction') == 2",
										"components": {
											"minecraft:rotation": [
												0,
												270,
												0
											]
										}
									},
									{
										"condition": "query.block_property('nubs:direction') == 3",
										"components": {
											"minecraft:rotation": [
												0,
												90,
												0
											]
										}
									}
								],
								"children": [
									{
										"data": "query.block_property('nubs:open_bit') == false && query.block_property('nubs:upside_down_bit') == false",
										"key": "condition"
									},
									{
										"open": {
											"condition": "query.block_property('nubs:open_bit') == false && query.block_property('nubs:upside_down_bit') == false",
											"components": {
												"minecraft:collision_box": {
													"origin": [
														-8,
														0,
														-8
													],
													"size": [
														16,
														3,
														16
													]
												},
												"minecraft:aim_collision": {
													"origin": [
														-8,
														0,
														-8
													],
													"size": [
														16,
														3,
														16
													]
												}
											}
										},
										"key": "components",
										"is_minified": true,
										"children": {
											"minecraft:collision_box": {
												"origin": [
													-8,
													0,
													-8
												],
												"size": [
													16,
													3,
													16
												]
											},
											"minecraft:aim_collision": {
												"origin": [
													-8,
													0,
													-8
												],
												"size": [
													16,
													3,
													16
												]
											}
										}
									}
								]
							},
							{
								"open": [
									{
										"condition": "query.block_property('nubs:open_bit') == false && query.block_property('nubs:upside_down_bit') == false",
										"components": {
											"minecraft:collision_box": {
												"origin": [
													-8,
													0,
													-8
												],
												"size": [
													16,
													3,
													16
												]
											},
											"minecraft:aim_collision": {
												"origin": [
													-8,
													0,
													-8
												],
												"size": [
													16,
													3,
													16
												]
											}
										}
									},
									{
										"condition": "query.block_property('nubs:open_bit') == true && query.block_property('nubs:upside_down_bit') == false",
										"components": {
											"minecraft:collision_box": {
												"origin": [
													-8,
													0,
													7
												],
												"size": [
													16,
													16,
													1
												]
											},
											"minecraft:aim_collision": {
												"origin": [
													-8,
													0,
													5
												],
												"size": [
													16,
													16,
													3
												]
											}
										}
									},
									{
										"condition": "query.block_property('nubs:open_bit') == false && query.block_property('nubs:upside_down_bit') == true",
										"components": {
											"minecraft:collision_box": {
												"origin": [
													-8,
													13,
													-8
												],
												"size": [
													16,
													3,
													16
												]
											},
											"minecraft:aim_collision": {
												"origin": [
													-8,
													13,
													-8
												],
												"size": [
													16,
													3,
													16
												]
											}
										}
									},
									{
										"condition": "query.block_property('nubs:open_bit') == true && query.block_property('nubs:upside_down_bit') == true",
										"components": {
											"minecraft:collision_box": {
												"origin": [
													-8,
													0,
													7
												],
												"size": [
													16,
													16,
													1
												]
											},
											"minecraft:aim_collision": {
												"origin": [
													-8,
													0,
													5
												],
												"size": [
													16,
													16,
													3
												]
											}
										}
									},
									{
										"condition": "query.block_property('nubs:open_bit') == false",
										"components": {
											"minecraft:on_interact": {
												"event": "open"
											}
										}
									},
									{
										"condition": "query.block_property('nubs:open_bit') == true",
										"components": {
											"minecraft:on_interact": {
												"event": "close"
											}
										}
									},
									{
										"condition": "query.block_property('nubs:direction') == 0",
										"components": {
											"minecraft:rotation": [
												0,
												180,
												0
											]
										}
									},
									{
										"condition": "query.block_property('nubs:direction') == 1",
										"components": {
											"minecraft:rotation": [
												0,
												0,
												0
											]
										}
									},
									{
										"condition": "query.block_property('nubs:direction') == 2",
										"components": {
											"minecraft:rotation": [
												0,
												270,
												0
											]
										}
									},
									{
										"condition": "query.block_property('nubs:direction') == 3",
										"components": {
											"minecraft:rotation": [
												0,
												90,
												0
											]
										}
									}
								],
								"children": [
									{
										"data": "query.block_property('nubs:open_bit') == true && query.block_property('nubs:upside_down_bit') == false",
										"key": "condition"
									},
									{
										"open": {
											"condition": "query.block_property('nubs:open_bit') == true && query.block_property('nubs:upside_down_bit') == false",
											"components": {
												"minecraft:collision_box": {
													"origin": [
														-8,
														0,
														7
													],
													"size": [
														16,
														16,
														1
													]
												},
												"minecraft:aim_collision": {
													"origin": [
														-8,
														0,
														5
													],
													"size": [
														16,
														16,
														3
													]
												}
											}
										},
										"key": "components",
										"is_minified": true,
										"children": {
											"minecraft:collision_box": {
												"origin": [
													-8,
													0,
													7
												],
												"size": [
													16,
													16,
													1
												]
											},
											"minecraft:aim_collision": {
												"origin": [
													-8,
													0,
													5
												],
												"size": [
													16,
													16,
													3
												]
											}
										}
									}
								]
							},
							{
								"open": [
									{
										"condition": "query.block_property('nubs:open_bit') == false && query.block_property('nubs:upside_down_bit') == false",
										"components": {
											"minecraft:collision_box": {
												"origin": [
													-8,
													0,
													-8
												],
												"size": [
													16,
													3,
													16
												]
											},
											"minecraft:aim_collision": {
												"origin": [
													-8,
													0,
													-8
												],
												"size": [
													16,
													3,
													16
												]
											}
										}
									},
									{
										"condition": "query.block_property('nubs:open_bit') == true && query.block_property('nubs:upside_down_bit') == false",
										"components": {
											"minecraft:collision_box": {
												"origin": [
													-8,
													0,
													7
												],
												"size": [
													16,
													16,
													1
												]
											},
											"minecraft:aim_collision": {
												"origin": [
													-8,
													0,
													5
												],
												"size": [
													16,
													16,
													3
												]
											}
										}
									},
									{
										"condition": "query.block_property('nubs:open_bit') == false && query.block_property('nubs:upside_down_bit') == true",
										"components": {
											"minecraft:collision_box": {
												"origin": [
													-8,
													13,
													-8
												],
												"size": [
													16,
													3,
													16
												]
											},
											"minecraft:aim_collision": {
												"origin": [
													-8,
													13,
													-8
												],
												"size": [
													16,
													3,
													16
												]
											}
										}
									},
									{
										"condition": "query.block_property('nubs:open_bit') == true && query.block_property('nubs:upside_down_bit') == true",
										"components": {
											"minecraft:collision_box": {
												"origin": [
													-8,
													0,
													7
												],
												"size": [
													16,
													16,
													1
												]
											},
											"minecraft:aim_collision": {
												"origin": [
													-8,
													0,
													5
												],
												"size": [
													16,
													16,
													3
												]
											}
										}
									},
									{
										"condition": "query.block_property('nubs:open_bit') == false",
										"components": {
											"minecraft:on_interact": {
												"event": "open"
											}
										}
									},
									{
										"condition": "query.block_property('nubs:open_bit') == true",
										"components": {
											"minecraft:on_interact": {
												"event": "close"
											}
										}
									},
									{
										"condition": "query.block_property('nubs:direction') == 0",
										"components": {
											"minecraft:rotation": [
												0,
												180,
												0
											]
										}
									},
									{
										"condition": "query.block_property('nubs:direction') == 1",
										"components": {
											"minecraft:rotation": [
												0,
												0,
												0
											]
										}
									},
									{
										"condition": "query.block_property('nubs:direction') == 2",
										"components": {
											"minecraft:rotation": [
												0,
												270,
												0
											]
										}
									},
									{
										"condition": "query.block_property('nubs:direction') == 3",
										"components": {
											"minecraft:rotation": [
												0,
												90,
												0
											]
										}
									}
								],
								"children": [
									{
										"data": "query.block_property('nubs:open_bit') == false && query.block_property('nubs:upside_down_bit') == true",
										"key": "condition"
									},
									{
										"open": {
											"condition": "query.block_property('nubs:open_bit') == false && query.block_property('nubs:upside_down_bit') == true",
											"components": {
												"minecraft:collision_box": {
													"origin": [
														-8,
														13,
														-8
													],
													"size": [
														16,
														3,
														16
													]
												},
												"minecraft:aim_collision": {
													"origin": [
														-8,
														13,
														-8
													],
													"size": [
														16,
														3,
														16
													]
												}
											}
										},
										"key": "components",
										"is_minified": true,
										"children": {
											"minecraft:collision_box": {
												"origin": [
													-8,
													13,
													-8
												],
												"size": [
													16,
													3,
													16
												]
											},
											"minecraft:aim_collision": {
												"origin": [
													-8,
													13,
													-8
												],
												"size": [
													16,
													3,
													16
												]
											}
										}
									}
								]
							},
							{
								"open": [
									{
										"condition": "query.block_property('nubs:open_bit') == false && query.block_property('nubs:upside_down_bit') == false",
										"components": {
											"minecraft:collision_box": {
												"origin": [
													-8,
													0,
													-8
												],
												"size": [
													16,
													3,
													16
												]
											},
											"minecraft:aim_collision": {
												"origin": [
													-8,
													0,
													-8
												],
												"size": [
													16,
													3,
													16
												]
											}
										}
									},
									{
										"condition": "query.block_property('nubs:open_bit') == true && query.block_property('nubs:upside_down_bit') == false",
										"components": {
											"minecraft:collision_box": {
												"origin": [
													-8,
													0,
													7
												],
												"size": [
													16,
													16,
													1
												]
											},
											"minecraft:aim_collision": {
												"origin": [
													-8,
													0,
													5
												],
												"size": [
													16,
													16,
													3
												]
											}
										}
									},
									{
										"condition": "query.block_property('nubs:open_bit') == false && query.block_property('nubs:upside_down_bit') == true",
										"components": {
											"minecraft:collision_box": {
												"origin": [
													-8,
													13,
													-8
												],
												"size": [
													16,
													3,
													16
												]
											},
											"minecraft:aim_collision": {
												"origin": [
													-8,
													13,
													-8
												],
												"size": [
													16,
													3,
													16
												]
											}
										}
									},
									{
										"condition": "query.block_property('nubs:open_bit') == true && query.block_property('nubs:upside_down_bit') == true",
										"components": {
											"minecraft:collision_box": {
												"origin": [
													-8,
													0,
													7
												],
												"size": [
													16,
													16,
													1
												]
											},
											"minecraft:aim_collision": {
												"origin": [
													-8,
													0,
													5
												],
												"size": [
													16,
													16,
													3
												]
											}
										}
									},
									{
										"condition": "query.block_property('nubs:open_bit') == false",
										"components": {
											"minecraft:on_interact": {
												"event": "open"
											}
										}
									},
									{
										"condition": "query.block_property('nubs:open_bit') == true",
										"components": {
											"minecraft:on_interact": {
												"event": "close"
											}
										}
									},
									{
										"condition": "query.block_property('nubs:direction') == 0",
										"components": {
											"minecraft:rotation": [
												0,
												180,
												0
											]
										}
									},
									{
										"condition": "query.block_property('nubs:direction') == 1",
										"components": {
											"minecraft:rotation": [
												0,
												0,
												0
											]
										}
									},
									{
										"condition": "query.block_property('nubs:direction') == 2",
										"components": {
											"minecraft:rotation": [
												0,
												270,
												0
											]
										}
									},
									{
										"condition": "query.block_property('nubs:direction') == 3",
										"components": {
											"minecraft:rotation": [
												0,
												90,
												0
											]
										}
									}
								],
								"children": [
									{
										"data": "query.block_property('nubs:open_bit') == true && query.block_property('nubs:upside_down_bit') == true",
										"key": "condition"
									},
									{
										"open": {
											"condition": "query.block_property('nubs:open_bit') == true && query.block_property('nubs:upside_down_bit') == true",
											"components": {
												"minecraft:collision_box": {
													"origin": [
														-8,
														0,
														7
													],
													"size": [
														16,
														16,
														1
													]
												},
												"minecraft:aim_collision": {
													"origin": [
														-8,
														0,
														5
													],
													"size": [
														16,
														16,
														3
													]
												}
											}
										},
										"key": "components",
										"is_minified": true,
										"children": {
											"minecraft:collision_box": {
												"origin": [
													-8,
													0,
													7
												],
												"size": [
													16,
													16,
													1
												]
											},
											"minecraft:aim_collision": {
												"origin": [
													-8,
													0,
													5
												],
												"size": [
													16,
													16,
													3
												]
											}
										}
									}
								]
							},
							{
								"open": [
									{
										"condition": "query.block_property('nubs:open_bit') == false && query.block_property('nubs:upside_down_bit') == false",
										"components": {
											"minecraft:collision_box": {
												"origin": [
													-8,
													0,
													-8
												],
												"size": [
													16,
													3,
													16
												]
											},
											"minecraft:aim_collision": {
												"origin": [
													-8,
													0,
													-8
												],
												"size": [
													16,
													3,
													16
												]
											}
										}
									},
									{
										"condition": "query.block_property('nubs:open_bit') == true && query.block_property('nubs:upside_down_bit') == false",
										"components": {
											"minecraft:collision_box": {
												"origin": [
													-8,
													0,
													7
												],
												"size": [
													16,
													16,
													1
												]
											},
											"minecraft:aim_collision": {
												"origin": [
													-8,
													0,
													5
												],
												"size": [
													16,
													16,
													3
												]
											}
										}
									},
									{
										"condition": "query.block_property('nubs:open_bit') == false && query.block_property('nubs:upside_down_bit') == true",
										"components": {
											"minecraft:collision_box": {
												"origin": [
													-8,
													13,
													-8
												],
												"size": [
													16,
													3,
													16
												]
											},
											"minecraft:aim_collision": {
												"origin": [
													-8,
													13,
													-8
												],
												"size": [
													16,
													3,
													16
												]
											}
										}
									},
									{
										"condition": "query.block_property('nubs:open_bit') == true && query.block_property('nubs:upside_down_bit') == true",
										"components": {
											"minecraft:collision_box": {
												"origin": [
													-8,
													0,
													7
												],
												"size": [
													16,
													16,
													1
												]
											},
											"minecraft:aim_collision": {
												"origin": [
													-8,
													0,
													5
												],
												"size": [
													16,
													16,
													3
												]
											}
										}
									},
									{
										"condition": "query.block_property('nubs:open_bit') == false",
										"components": {
											"minecraft:on_interact": {
												"event": "open"
											}
										}
									},
									{
										"condition": "query.block_property('nubs:open_bit') == true",
										"components": {
											"minecraft:on_interact": {
												"event": "close"
											}
										}
									},
									{
										"condition": "query.block_property('nubs:direction') == 0",
										"components": {
											"minecraft:rotation": [
												0,
												180,
												0
											]
										}
									},
									{
										"condition": "query.block_property('nubs:direction') == 1",
										"components": {
											"minecraft:rotation": [
												0,
												0,
												0
											]
										}
									},
									{
										"condition": "query.block_property('nubs:direction') == 2",
										"components": {
											"minecraft:rotation": [
												0,
												270,
												0
											]
										}
									},
									{
										"condition": "query.block_property('nubs:direction') == 3",
										"components": {
											"minecraft:rotation": [
												0,
												90,
												0
											]
										}
									}
								],
								"is_minified": true,
								"children": {
									"condition": "query.block_property('nubs:open_bit') == false",
									"components": {
										"minecraft:on_interact": {
											"event": "open"
										}
									}
								}
							},
							{
								"open": [
									{
										"condition": "query.block_property('nubs:open_bit') == false && query.block_property('nubs:upside_down_bit') == false",
										"components": {
											"minecraft:collision_box": {
												"origin": [
													-8,
													0,
													-8
												],
												"size": [
													16,
													3,
													16
												]
											},
											"minecraft:aim_collision": {
												"origin": [
													-8,
													0,
													-8
												],
												"size": [
													16,
													3,
													16
												]
											}
										}
									},
									{
										"condition": "query.block_property('nubs:open_bit') == true && query.block_property('nubs:upside_down_bit') == false",
										"components": {
											"minecraft:collision_box": {
												"origin": [
													-8,
													0,
													7
												],
												"size": [
													16,
													16,
													1
												]
											},
											"minecraft:aim_collision": {
												"origin": [
													-8,
													0,
													5
												],
												"size": [
													16,
													16,
													3
												]
											}
										}
									},
									{
										"condition": "query.block_property('nubs:open_bit') == false && query.block_property('nubs:upside_down_bit') == true",
										"components": {
											"minecraft:collision_box": {
												"origin": [
													-8,
													13,
													-8
												],
												"size": [
													16,
													3,
													16
												]
											},
											"minecraft:aim_collision": {
												"origin": [
													-8,
													13,
													-8
												],
												"size": [
													16,
													3,
													16
												]
											}
										}
									},
									{
										"condition": "query.block_property('nubs:open_bit') == true && query.block_property('nubs:upside_down_bit') == true",
										"components": {
											"minecraft:collision_box": {
												"origin": [
													-8,
													0,
													7
												],
												"size": [
													16,
													16,
													1
												]
											},
											"minecraft:aim_collision": {
												"origin": [
													-8,
													0,
													5
												],
												"size": [
													16,
													16,
													3
												]
											}
										}
									},
									{
										"condition": "query.block_property('nubs:open_bit') == false",
										"components": {
											"minecraft:on_interact": {
												"event": "open"
											}
										}
									},
									{
										"condition": "query.block_property('nubs:open_bit') == true",
										"components": {
											"minecraft:on_interact": {
												"event": "close"
											}
										}
									},
									{
										"condition": "query.block_property('nubs:direction') == 0",
										"components": {
											"minecraft:rotation": [
												0,
												180,
												0
											]
										}
									},
									{
										"condition": "query.block_property('nubs:direction') == 1",
										"components": {
											"minecraft:rotation": [
												0,
												0,
												0
											]
										}
									},
									{
										"condition": "query.block_property('nubs:direction') == 2",
										"components": {
											"minecraft:rotation": [
												0,
												270,
												0
											]
										}
									},
									{
										"condition": "query.block_property('nubs:direction') == 3",
										"components": {
											"minecraft:rotation": [
												0,
												90,
												0
											]
										}
									}
								],
								"is_minified": true,
								"children": {
									"condition": "query.block_property('nubs:open_bit') == true",
									"components": {
										"minecraft:on_interact": {
											"event": "close"
										}
									}
								}
							},
							{
								"open": [
									{
										"condition": "query.block_property('nubs:open_bit') == false && query.block_property('nubs:upside_down_bit') == false",
										"components": {
											"minecraft:collision_box": {
												"origin": [
													-8,
													0,
													-8
												],
												"size": [
													16,
													3,
													16
												]
											},
											"minecraft:aim_collision": {
												"origin": [
													-8,
													0,
													-8
												],
												"size": [
													16,
													3,
													16
												]
											}
										}
									},
									{
										"condition": "query.block_property('nubs:open_bit') == true && query.block_property('nubs:upside_down_bit') == false",
										"components": {
											"minecraft:collision_box": {
												"origin": [
													-8,
													0,
													7
												],
												"size": [
													16,
													16,
													1
												]
											},
											"minecraft:aim_collision": {
												"origin": [
													-8,
													0,
													5
												],
												"size": [
													16,
													16,
													3
												]
											}
										}
									},
									{
										"condition": "query.block_property('nubs:open_bit') == false && query.block_property('nubs:upside_down_bit') == true",
										"components": {
											"minecraft:collision_box": {
												"origin": [
													-8,
													13,
													-8
												],
												"size": [
													16,
													3,
													16
												]
											},
											"minecraft:aim_collision": {
												"origin": [
													-8,
													13,
													-8
												],
												"size": [
													16,
													3,
													16
												]
											}
										}
									},
									{
										"condition": "query.block_property('nubs:open_bit') == true && query.block_property('nubs:upside_down_bit') == true",
										"components": {
											"minecraft:collision_box": {
												"origin": [
													-8,
													0,
													7
												],
												"size": [
													16,
													16,
													1
												]
											},
											"minecraft:aim_collision": {
												"origin": [
													-8,
													0,
													5
												],
												"size": [
													16,
													16,
													3
												]
											}
										}
									},
									{
										"condition": "query.block_property('nubs:open_bit') == false",
										"components": {
											"minecraft:on_interact": {
												"event": "open"
											}
										}
									},
									{
										"condition": "query.block_property('nubs:open_bit') == true",
										"components": {
											"minecraft:on_interact": {
												"event": "close"
											}
										}
									},
									{
										"condition": "query.block_property('nubs:direction') == 0",
										"components": {
											"minecraft:rotation": [
												0,
												180,
												0
											]
										}
									},
									{
										"condition": "query.block_property('nubs:direction') == 1",
										"components": {
											"minecraft:rotation": [
												0,
												0,
												0
											]
										}
									},
									{
										"condition": "query.block_property('nubs:direction') == 2",
										"components": {
											"minecraft:rotation": [
												0,
												270,
												0
											]
										}
									},
									{
										"condition": "query.block_property('nubs:direction') == 3",
										"components": {
											"minecraft:rotation": [
												0,
												90,
												0
											]
										}
									}
								],
								"is_minified": true,
								"children": {
									"condition": "query.block_property('nubs:direction') == 0",
									"components": {
										"minecraft:rotation": [
											0,
											180,
											0
										]
									}
								}
							},
							{
								"open": [
									{
										"condition": "query.block_property('nubs:open_bit') == false && query.block_property('nubs:upside_down_bit') == false",
										"components": {
											"minecraft:collision_box": {
												"origin": [
													-8,
													0,
													-8
												],
												"size": [
													16,
													3,
													16
												]
											},
											"minecraft:aim_collision": {
												"origin": [
													-8,
													0,
													-8
												],
												"size": [
													16,
													3,
													16
												]
											}
										}
									},
									{
										"condition": "query.block_property('nubs:open_bit') == true && query.block_property('nubs:upside_down_bit') == false",
										"components": {
											"minecraft:collision_box": {
												"origin": [
													-8,
													0,
													7
												],
												"size": [
													16,
													16,
													1
												]
											},
											"minecraft:aim_collision": {
												"origin": [
													-8,
													0,
													5
												],
												"size": [
													16,
													16,
													3
												]
											}
										}
									},
									{
										"condition": "query.block_property('nubs:open_bit') == false && query.block_property('nubs:upside_down_bit') == true",
										"components": {
											"minecraft:collision_box": {
												"origin": [
													-8,
													13,
													-8
												],
												"size": [
													16,
													3,
													16
												]
											},
											"minecraft:aim_collision": {
												"origin": [
													-8,
													13,
													-8
												],
												"size": [
													16,
													3,
													16
												]
											}
										}
									},
									{
										"condition": "query.block_property('nubs:open_bit') == true && query.block_property('nubs:upside_down_bit') == true",
										"components": {
											"minecraft:collision_box": {
												"origin": [
													-8,
													0,
													7
												],
												"size": [
													16,
													16,
													1
												]
											},
											"minecraft:aim_collision": {
												"origin": [
													-8,
													0,
													5
												],
												"size": [
													16,
													16,
													3
												]
											}
										}
									},
									{
										"condition": "query.block_property('nubs:open_bit') == false",
										"components": {
											"minecraft:on_interact": {
												"event": "open"
											}
										}
									},
									{
										"condition": "query.block_property('nubs:open_bit') == true",
										"components": {
											"minecraft:on_interact": {
												"event": "close"
											}
										}
									},
									{
										"condition": "query.block_property('nubs:direction') == 0",
										"components": {
											"minecraft:rotation": [
												0,
												180,
												0
											]
										}
									},
									{
										"condition": "query.block_property('nubs:direction') == 1",
										"components": {
											"minecraft:rotation": [
												0,
												0,
												0
											]
										}
									},
									{
										"condition": "query.block_property('nubs:direction') == 2",
										"components": {
											"minecraft:rotation": [
												0,
												270,
												0
											]
										}
									},
									{
										"condition": "query.block_property('nubs:direction') == 3",
										"components": {
											"minecraft:rotation": [
												0,
												90,
												0
											]
										}
									}
								],
								"is_minified": true,
								"children": {
									"condition": "query.block_property('nubs:direction') == 1",
									"components": {
										"minecraft:rotation": [
											0,
											0,
											0
										]
									}
								}
							},
							{
								"open": [
									{
										"condition": "query.block_property('nubs:open_bit') == false && query.block_property('nubs:upside_down_bit') == false",
										"components": {
											"minecraft:collision_box": {
												"origin": [
													-8,
													0,
													-8
												],
												"size": [
													16,
													3,
													16
												]
											},
											"minecraft:aim_collision": {
												"origin": [
													-8,
													0,
													-8
												],
												"size": [
													16,
													3,
													16
												]
											}
										}
									},
									{
										"condition": "query.block_property('nubs:open_bit') == true && query.block_property('nubs:upside_down_bit') == false",
										"components": {
											"minecraft:collision_box": {
												"origin": [
													-8,
													0,
													7
												],
												"size": [
													16,
													16,
													1
												]
											},
											"minecraft:aim_collision": {
												"origin": [
													-8,
													0,
													5
												],
												"size": [
													16,
													16,
													3
												]
											}
										}
									},
									{
										"condition": "query.block_property('nubs:open_bit') == false && query.block_property('nubs:upside_down_bit') == true",
										"components": {
											"minecraft:collision_box": {
												"origin": [
													-8,
													13,
													-8
												],
												"size": [
													16,
													3,
													16
												]
											},
											"minecraft:aim_collision": {
												"origin": [
													-8,
													13,
													-8
												],
												"size": [
													16,
													3,
													16
												]
											}
										}
									},
									{
										"condition": "query.block_property('nubs:open_bit') == true && query.block_property('nubs:upside_down_bit') == true",
										"components": {
											"minecraft:collision_box": {
												"origin": [
													-8,
													0,
													7
												],
												"size": [
													16,
													16,
													1
												]
											},
											"minecraft:aim_collision": {
												"origin": [
													-8,
													0,
													5
												],
												"size": [
													16,
													16,
													3
												]
											}
										}
									},
									{
										"condition": "query.block_property('nubs:open_bit') == false",
										"components": {
											"minecraft:on_interact": {
												"event": "open"
											}
										}
									},
									{
										"condition": "query.block_property('nubs:open_bit') == true",
										"components": {
											"minecraft:on_interact": {
												"event": "close"
											}
										}
									},
									{
										"condition": "query.block_property('nubs:direction') == 0",
										"components": {
											"minecraft:rotation": [
												0,
												180,
												0
											]
										}
									},
									{
										"condition": "query.block_property('nubs:direction') == 1",
										"components": {
											"minecraft:rotation": [
												0,
												0,
												0
											]
										}
									},
									{
										"condition": "query.block_property('nubs:direction') == 2",
										"components": {
											"minecraft:rotation": [
												0,
												270,
												0
											]
										}
									},
									{
										"condition": "query.block_property('nubs:direction') == 3",
										"components": {
											"minecraft:rotation": [
												0,
												90,
												0
											]
										}
									}
								],
								"is_minified": true,
								"children": {
									"condition": "query.block_property('nubs:direction') == 2",
									"components": {
										"minecraft:rotation": [
											0,
											270,
											0
										]
									}
								}
							},
							{
								"open": [
									{
										"condition": "query.block_property('nubs:open_bit') == false && query.block_property('nubs:upside_down_bit') == false",
										"components": {
											"minecraft:collision_box": {
												"origin": [
													-8,
													0,
													-8
												],
												"size": [
													16,
													3,
													16
												]
											},
											"minecraft:aim_collision": {
												"origin": [
													-8,
													0,
													-8
												],
												"size": [
													16,
													3,
													16
												]
											}
										}
									},
									{
										"condition": "query.block_property('nubs:open_bit') == true && query.block_property('nubs:upside_down_bit') == false",
										"components": {
											"minecraft:collision_box": {
												"origin": [
													-8,
													0,
													7
												],
												"size": [
													16,
													16,
													1
												]
											},
											"minecraft:aim_collision": {
												"origin": [
													-8,
													0,
													5
												],
												"size": [
													16,
													16,
													3
												]
											}
										}
									},
									{
										"condition": "query.block_property('nubs:open_bit') == false && query.block_property('nubs:upside_down_bit') == true",
										"components": {
											"minecraft:collision_box": {
												"origin": [
													-8,
													13,
													-8
												],
												"size": [
													16,
													3,
													16
												]
											},
											"minecraft:aim_collision": {
												"origin": [
													-8,
													13,
													-8
												],
												"size": [
													16,
													3,
													16
												]
											}
										}
									},
									{
										"condition": "query.block_property('nubs:open_bit') == true && query.block_property('nubs:upside_down_bit') == true",
										"components": {
											"minecraft:collision_box": {
												"origin": [
													-8,
													0,
													7
												],
												"size": [
													16,
													16,
													1
												]
											},
											"minecraft:aim_collision": {
												"origin": [
													-8,
													0,
													5
												],
												"size": [
													16,
													16,
													3
												]
											}
										}
									},
									{
										"condition": "query.block_property('nubs:open_bit') == false",
										"components": {
											"minecraft:on_interact": {
												"event": "open"
											}
										}
									},
									{
										"condition": "query.block_property('nubs:open_bit') == true",
										"components": {
											"minecraft:on_interact": {
												"event": "close"
											}
										}
									},
									{
										"condition": "query.block_property('nubs:direction') == 0",
										"components": {
											"minecraft:rotation": [
												0,
												180,
												0
											]
										}
									},
									{
										"condition": "query.block_property('nubs:direction') == 1",
										"components": {
											"minecraft:rotation": [
												0,
												0,
												0
											]
										}
									},
									{
										"condition": "query.block_property('nubs:direction') == 2",
										"components": {
											"minecraft:rotation": [
												0,
												270,
												0
											]
										}
									},
									{
										"condition": "query.block_property('nubs:direction') == 3",
										"components": {
											"minecraft:rotation": [
												0,
												90,
												0
											]
										}
									}
								],
								"is_minified": true,
								"children": {
									"condition": "query.block_property('nubs:direction') == 3",
									"components": {
										"minecraft:rotation": [
											0,
											90,
											0
										]
									}
								}
							}
						]
					},
					{
						"key": "events",
						"children": [
							{
								"key": "open",
								"children": [
									{
										"open": {
											"set_block_property": {
												"nubs:open_bit": true
											},
											"run_command": {
												"command": [
													"playsound random.door_open @a ~ ~ ~"
												]
											}
										},
										"key": "set_block_property",
										"is_minified": true,
										"children": {
											"nubs:open_bit": true
										}
									},
									{
										"open": {
											"set_block_property": {
												"nubs:open_bit": true
											},
											"run_command": {
												"command": [
													"playsound random.door_open @a ~ ~ ~"
												]
											}
										},
										"key": "run_command",
										"children": [
											{
												"open": {
													"command": [
														"playsound random.door_open @a ~ ~ ~"
													]
												},
												"key": "command",
												"is_minified": true,
												"children": [
													"playsound random.door_open @a ~ ~ ~"
												]
											}
										]
									}
								]
							},
							{
								"key": "close",
								"children": [
									{
										"open": {
											"set_block_property": {
												"nubs:open_bit": false
											},
											"run_command": {
												"command": [
													"playsound random.door_close @a ~ ~ ~"
												]
											}
										},
										"key": "set_block_property",
										"is_minified": true,
										"children": {
											"nubs:open_bit": false
										}
									},
									{
										"open": {
											"set_block_property": {
												"nubs:open_bit": false
											},
											"run_command": {
												"command": [
													"playsound random.door_close @a ~ ~ ~"
												]
											}
										},
										"key": "run_command",
										"children": [
											{
												"open": {
													"command": [
														"playsound random.door_close @a ~ ~ ~"
													]
												},
												"key": "command",
												"is_minified": true,
												"children": [
													"playsound random.door_close @a ~ ~ ~"
												]
											}
										]
									}
								]
							},
							{
								"key": "direction",
								"children": [
									{
										"open": {
											"sequence": [
												{
													"condition": "q.is_sneaking==1",
													"set_block_property": {
														"nubs:direction": "query.cardinal_facing_2d-2",
														"nubs:upside_down_bit": false
													}
												},
												{
													"condition": "q.is_sneaking==0",
													"set_block_property": {
														"nubs:direction": "query.cardinal_facing_2d-2",
														"nubs:upside_down_bit": true
													}
												}
											]
										},
										"key": "sequence",
										"is_minified": true,
										"children": [
											{
												"condition": "q.is_sneaking==1",
												"set_block_property": {
													"nubs:direction": "query.cardinal_facing_2d-2",
													"nubs:upside_down_bit": false
												}
											},
											{
												"condition": "q.is_sneaking==0",
												"set_block_property": {
													"nubs:direction": "query.cardinal_facing_2d-2",
													"nubs:upside_down_bit": true
												}
											}
										]
									}
								]
							}
						]
					}
				]
			}
		]
	}
}