{
	"file_path": "C:\\Users\\jepco\\AppData\\Local\\Packages\\Microsoft.MinecraftUWP_8wekyb3d8bbwe\\LocalState\\games\\com.mojang\\development_behavior_packs\\WasteLanders 2.3 BP\\blocks\\willow_wood\\willow_door.json",
	"file_type": "block",
	"format_version": 1,
	"file_uuid": "65dde085_15b0_464f_8d5e_2f1bc1a52a3c",
	"file_version": 0,
	"cache_content": {
		"children": [
			{
				"data": "1.16.100",
				"key": "format_version"
			},
			{
				"open": {
					"format_version": "1.16.100",
					"minecraft:block": {
						"description": {
							"identifier": "nubs:willow_door_tile",
							"properties": {
								"nubs:open_bit": [
									false,
									true
								],
								"nubs:direction": [
									0,
									1,
									2,
									3
								],
								"nubs:upper_block_bit": [
									false,
									true
								],
								"nubs:door_hinge_bit": [
									false,
									true
								],
								"nubs:placed": [
									false,
									true
								],
								"nubs:interacted": [
									false,
									true
								]
							}
						},
						"components": {
							"minecraft:creative_category": {
								"category": "commands",
								"group": "commands"
							},
							"minecraft:destroy_time": 0.8,
							"minecraft:geometry": "geometry.door_close",
							"minecraft:material_instances": {
								"*": {
									"texture": "nubs_willow_door_upper",
									"render_method": "alpha_test"
								}
							},
							"minecraft:on_player_placing": {
								"event": "nubs:setup",
								"target": "self"
							},
							"minecraft:on_placed": {
								"condition": "!query.block_property('nubs:upper_block_bit')",
								"event": "nubs:set_child",
								"target": "self"
							},
							"minecraft:on_interact": {
								"event": "interacted",
								"target": "self"
							},
							"minecraft:ticking": {
								"looping": true,
								"range": [
									0,
									0
								],
								"on_tick": {
									"event": "set_update",
									"target": "self",
									"condition": "query.block_property('nubs:interacted') == true"
								}
							},
							"minecraft:placement_filter": {
								"conditions": [
									{
										"allowed_faces": [
											"up"
										],
										"block_filter": [
											{
												"tags": "!query.any_tag('door')"
											}
										]
									}
								]
							},
							"tag:minecraft:wood": {},
							"tag:plank": {},
							"tag:door": {}
						},
						"permutations": [
							{
								"condition": "!query.block_property('nubs:upper_block_bit') && query.block_property('nubs:placed')",
								"components": {
									"minecraft:loot": "loot_tables/blocks/willow_door.json",
									"minecraft:placement_filter": {
										"conditions": [
											{
												"block_filter": [
													"nubs:willow_door_tile"
												],
												"allowed_faces": [
													"down"
												]
											}
										]
									}
								}
							},
							{
								"condition": "query.block_property('nubs:upper_block_bit')",
								"components": {
									"minecraft:loot": "loot_tables/empty.json",
									"minecraft:material_instances": {
										"down": {
											"texture": "air",
											"ambient_occlusion": false,
											"render_method": "blend"
										},
										"*": {
											"texture": "nubs_willow_door_upper",
											"ambient_occlusion": false,
											"render_method": "blend"
										}
									},
									"minecraft:placement_filter": {
										"conditions": [
											{
												"block_filter": [
													"nubs:willow_door_tile"
												],
												"allowed_faces": [
													"up"
												]
											}
										]
									}
								}
							},
							{
								"condition": "!query.block_property('nubs:upper_block_bit')",
								"components": {
									"minecraft:material_instances": {
										"up": {
											"texture": "air",
											"ambient_occlusion": false,
											"render_method": "blend"
										},
										"*": {
											"texture": "nubs_willow_door_lower",
											"ambient_occlusion": false,
											"render_method": "blend"
										}
									}
								}
							},
							{
								"condition": "!query.block_property('nubs:open_bit') && query.block_property('nubs:door_hinge_bit') == false",
								"components": {
									"minecraft:geometry": "geometry.door_left_closed",
									"minecraft:collision_box": {
										"origin": [
											-8,
											0,
											-8
										],
										"size": [
											16,
											16,
											3
										]
									},
									"minecraft:selection_box": {
										"origin": [
											-8,
											0,
											-8
										],
										"size": [
											16,
											16,
											3
										]
									},
									"tag:left_door": {}
								}
							},
							{
								"condition": "!query.block_property('nubs:open_bit') && query.block_property('nubs:door_hinge_bit')",
								"components": {
									"minecraft:geometry": "geometry.door_right_closed",
									"minecraft:collision_box": {
										"origin": [
											-8,
											0,
											-8
										],
										"size": [
											16,
											16,
											3
										]
									},
									"minecraft:selection_box": {
										"origin": [
											-8,
											0,
											-8
										],
										"size": [
											16,
											16,
											3
										]
									}
								}
							},
							{
								"condition": "query.block_property('nubs:open_bit') && query.block_property('nubs:door_hinge_bit') == false",
								"components": {
									"minecraft:geometry": "geometry.door_left_opened",
									"minecraft:collision_box": {
										"origin": [
											-8,
											0,
											-8
										],
										"size": [
											3,
											16,
											16
										]
									},
									"minecraft:selection_box": {
										"origin": [
											-8,
											0,
											-8
										],
										"size": [
											3,
											16,
											16
										]
									},
									"tag:left_door": {}
								}
							},
							{
								"condition": "query.block_property('nubs:open_bit') && query.block_property('nubs:door_hinge_bit')",
								"components": {
									"minecraft:geometry": "geometry.door_right_opened",
									"minecraft:collision_box": {
										"origin": [
											5,
											0,
											-8
										],
										"size": [
											3,
											16,
											16
										]
									},
									"minecraft:selection_box": {
										"origin": [
											5,
											0,
											-8
										],
										"size": [
											3,
											16,
											16
										]
									}
								}
							},
							{
								"condition": "query.block_property('nubs:direction') == 0",
								"components": {
									"minecraft:rotation": [
										0,
										90,
										0
									]
								}
							},
							{
								"condition": "query.block_property('nubs:direction') == 1",
								"components": {
									"minecraft:rotation": [
										0,
										0,
										0
									]
								}
							},
							{
								"condition": "query.block_property('nubs:direction') == 2",
								"components": {
									"minecraft:rotation": [
										0,
										270,
										0
									]
								}
							},
							{
								"condition": "query.block_property('nubs:direction') == 3",
								"components": {
									"minecraft:rotation": [
										0,
										180,
										0
									]
								}
							}
						],
						"events": {
							"nubs:setup": {
								"sequence": [
									{
										"set_block_property": {
											"nubs:direction": "(query.cardinal_facing_2d == 5 ? 0 : (query.cardinal_facing_2d == 2 ? 3 : query.cardinal_facing_2d-2))",
											"nubs:placed": true
										}
									},
									{
										"set_block_property": {
											"nubs:door_hinge_bit": "(query.block_neighbor_has_any_tag(0,0,-1,'left_door') && query.block_property('nubs:direction') == 0) || (query.block_neighbor_has_any_tag(1,0,0,'left_door') && query.block_property('nubs:direction') == 1) || (query.block_neighbor_has_any_tag(0,0,1,'left_door') && query.block_property('nubs:direction') == 2) || (query.block_neighbor_has_any_tag(-1,0,0,'left_door') && query.block_property('nubs:direction') == 3)"
										}
									}
								]
							},
							"nubs:set_child": {
								"sequence": [
									{
										"condition": "!query.block_property('nubs:door_hinge_bit')",
										"sequence": [
											{
												"condition": "query.block_property('nubs:direction') == 0",
												"run_command": {
													"command": [
														"setblock ~ ~1 ~ nubs:willow_door_tile [\"nubs:direction\": 0, \"nubs:upper_block_bit\": true]"
													],
													"target": "self"
												}
											},
											{
												"condition": "query.block_property('nubs:direction') == 1",
												"run_command": {
													"command": [
														"setblock ~ ~1 ~ nubs:willow_door_tile [\"nubs:direction\": 1, \"nubs:upper_block_bit\": true]"
													],
													"target": "self"
												}
											},
											{
												"condition": "query.block_property('nubs:direction') == 2",
												"run_command": {
													"command": [
														"setblock ~ ~1 ~ nubs:willow_door_tile [\"nubs:direction\": 2, \"nubs:upper_block_bit\": true]"
													],
													"target": "self"
												}
											},
											{
												"condition": "query.block_property('nubs:direction') == 3",
												"run_command": {
													"command": [
														"setblock ~ ~1 ~ nubs:willow_door_tile [\"nubs:direction\": 3, \"nubs:upper_block_bit\": true]"
													],
													"target": "self"
												}
											}
										]
									},
									{
										"condition": "query.block_property('nubs:door_hinge_bit')",
										"sequence": [
											{
												"condition": "query.block_property('nubs:direction') == 0",
												"run_command": {
													"command": [
														"setblock ~ ~1 ~ nubs:willow_door_tile [\"nubs:direction\": 0, \"nubs:upper_block_bit\": true, \"nubs:door_hinge_bit\": true]"
													],
													"target": "self"
												}
											},
											{
												"condition": "query.block_property('nubs:direction') == 1",
												"run_command": {
													"command": [
														"setblock ~ ~1 ~ nubs:willow_door_tile [\"nubs:direction\": 1, \"nubs:upper_block_bit\": true, \"nubs:door_hinge_bit\": true]"
													],
													"target": "self"
												}
											},
											{
												"condition": "query.block_property('nubs:direction') == 2",
												"run_command": {
													"command": [
														"setblock ~ ~1 ~ nubs:willow_door_tile [\"nubs:direction\": 2, \"nubs:upper_block_bit\": true, \"nubs:door_hinge_bit\": true]"
													],
													"target": "self"
												}
											},
											{
												"condition": "query.block_property('nubs:direction') == 3",
												"run_command": {
													"command": [
														"setblock ~ ~1 ~ nubs:willow_door_tile [\"nubs:direction\": 3, \"nubs:upper_block_bit\": true, \"nubs:door_hinge_bit\": true]"
													],
													"target": "self"
												}
											}
										]
									}
								]
							},
							"interacted": {
								"sequence": [
									{
										"condition": "!query.block_property('nubs:upper_block_bit')",
										"set_block_property": {
											"nubs:interacted": true
										},
										"run_command": {
											"command": [
												"playsound random.door_close @p ~ ~ ~ 100"
											],
											"target": "self"
										}
									},
									{
										"condition": "query.block_property('nubs:upper_block_bit') && query.block_property('nubs:open_bit') == true",
										"sequence": [
											{
												"run_command": {
													"command": [
														"playsound random.door_close @p ~ ~ ~ 100"
													],
													"target": "self"
												}
											},
											{
												"condition": "query.block_property('nubs:door_hinge_bit')",
												"sequence": [
													{
														"condition": "query.block_property('nubs:direction') == 0",
														"run_command": {
															"command": [
																"setblock ~ ~-1 ~ nubs:willow_door_tile [\"nubs:direction\": 0, \"nubs:interacted\": true, \"nubs:open_bit\": true, \"nubs:door_hinge_bit\": true]"
															],
															"target": "self"
														}
													},
													{
														"condition": "query.block_property('nubs:direction') == 1",
														"run_command": {
															"command": [
																"setblock ~ ~-1 ~ nubs:willow_door_tile [\"nubs:direction\": 1, \"nubs:interacted\": true, \"nubs:open_bit\": true, \"nubs:door_hinge_bit\": true]"
															],
															"target": "self"
														}
													},
													{
														"condition": "query.block_property('nubs:direction') == 2",
														"run_command": {
															"command": [
																"setblock ~ ~-1 ~ nubs:willow_door_tile [\"nubs:direction\": 2, \"nubs:interacted\": true, \"nubs:open_bit\": true, \"nubs:door_hinge_bit\": true]"
															],
															"target": "self"
														}
													},
													{
														"condition": "query.block_property('nubs:direction') == 3",
														"run_command": {
															"command": [
																"setblock ~ ~-1 ~ nubs:willow_door_tile [\"nubs:direction\": 3, \"nubs:interacted\": true, \"nubs:open_bit\": true, \"nubs:door_hinge_bit\": true]"
															],
															"target": "self"
														}
													}
												]
											},
											{
												"condition": "!query.block_property('nubs:door_hinge_bit')",
												"sequence": [
													{
														"condition": "query.block_property('nubs:direction') == 0",
														"run_command": {
															"command": [
																"setblock ~ ~-1 ~ nubs:willow_door_tile [\"nubs:direction\": 0, \"nubs:interacted\": true, \"nubs:open_bit\": true]"
															],
															"target": "self"
														}
													},
													{
														"condition": "query.block_property('nubs:direction') == 1",
														"run_command": {
															"command": [
																"setblock ~ ~-1 ~ nubs:willow_door_tile [\"nubs:direction\": 1, \"nubs:interacted\": true, \"nubs:open_bit\": true]"
															],
															"target": "self"
														}
													},
													{
														"condition": "query.block_property('nubs:direction') == 2",
														"run_command": {
															"command": [
																"setblock ~ ~-1 ~ nubs:willow_door_tile [\"nubs:direction\": 2, \"nubs:interacted\": true, \"nubs:open_bit\": true]"
															],
															"target": "self"
														}
													},
													{
														"condition": "query.block_property('nubs:direction') == 3",
														"run_command": {
															"command": [
																"setblock ~ ~-1 ~ nubs:willow_door_tile [\"nubs:direction\": 3, \"nubs:interacted\": true, \"nubs:open_bit\": true]"
															],
															"target": "self"
														}
													}
												]
											}
										]
									},
									{
										"condition": "query.block_property('nubs:upper_block_bit') && query.block_property('nubs:open_bit') == false",
										"sequence": [
											{
												"run_command": {
													"command": [
														"playsound random.door_open @p ~ ~ ~ 100"
													],
													"target": "self"
												}
											},
											{
												"condition": "query.block_property('nubs:door_hinge_bit')",
												"sequence": [
													{
														"condition": "query.block_property('nubs:direction') == 0",
														"run_command": {
															"command": [
																"setblock ~ ~-1 ~ nubs:willow_door_tile [\"nubs:direction\": 0, \"nubs:interacted\": true, \"nubs:door_hinge_bit\": true]"
															],
															"target": "self"
														}
													},
													{
														"condition": "query.block_property('nubs:direction') == 1",
														"run_command": {
															"command": [
																"setblock ~ ~-1 ~ nubs:willow_door_tile [\"nubs:direction\": 1, \"nubs:interacted\": true, \"nubs:door_hinge_bit\": true]"
															],
															"target": "self"
														}
													},
													{
														"condition": "query.block_property('nubs:direction') == 2",
														"run_command": {
															"command": [
																"setblock ~ ~-1 ~ nubs:willow_door_tile [\"nubs:direction\": 2, \"nubs:interacted\": true, \"nubs:door_hinge_bit\": true]"
															],
															"target": "self"
														}
													},
													{
														"condition": "query.block_property('nubs:direction') == 3",
														"run_command": {
															"command": [
																"setblock ~ ~-1 ~ nubs:willow_door_tile [\"nubs:direction\": 3, \"nubs:interacted\": true, \"nubs:door_hinge_bit\": true]"
															],
															"target": "self"
														}
													}
												]
											},
											{
												"condition": "!query.block_property('nubs:door_hinge_bit')",
												"sequence": [
													{
														"condition": "query.block_property('nubs:direction') == 0",
														"run_command": {
															"command": [
																"setblock ~ ~-1 ~ nubs:willow_door_tile [\"nubs:direction\": 0, \"nubs:interacted\": true]"
															],
															"target": "self"
														}
													},
													{
														"condition": "query.block_property('nubs:direction') == 1",
														"run_command": {
															"command": [
																"setblock ~ ~-1 ~ nubs:willow_door_tile [\"nubs:direction\": 1, \"nubs:interacted\": true]"
															],
															"target": "self"
														}
													},
													{
														"condition": "query.block_property('nubs:direction') == 2",
														"run_command": {
															"command": [
																"setblock ~ ~-1 ~ nubs:willow_door_tile [\"nubs:direction\": 2, \"nubs:interacted\": true]"
															],
															"target": "self"
														}
													},
													{
														"condition": "query.block_property('nubs:direction') == 3",
														"run_command": {
															"command": [
																"setblock ~ ~-1 ~ nubs:willow_door_tile [\"nubs:direction\": 3, \"nubs:interacted\": true]"
															],
															"target": "self"
														}
													}
												]
											}
										]
									}
								]
							},
							"set_update": {
								"sequence": [
									{
										"set_block_property": {
											"nubs:interacted": false,
											"nubs:placed": true
										}
									},
									{
										"condition": "query.block_property('nubs:open_bit') == false && query.block_property('nubs:interacted') == true",
										"sequence": [
											{
												"condition": "query.block_property('nubs:door_hinge_bit') == true",
												"sequence": [
													{
														"set_block_property": {
															"nubs:open_bit": true
														}
													},
													{
														"condition": "query.block_property('nubs:direction') == 0",
														"run_command": {
															"command": [
																"setblock ~ ~1 ~ nubs:willow_door_tile [\"nubs:direction\": 0, \"nubs:upper_block_bit\": true, \"nubs:open_bit\": true, \"nubs:door_hinge_bit\": true]"
															],
															"target": "self"
														}
													},
													{
														"condition": "query.block_property('nubs:direction') == 1",
														"run_command": {
															"command": [
																"setblock ~ ~1 ~ nubs:willow_door_tile [\"nubs:direction\": 1, \"nubs:upper_block_bit\": true, \"nubs:open_bit\": true, \"nubs:door_hinge_bit\": true]"
															],
															"target": "self"
														}
													},
													{
														"condition": "query.block_property('nubs:direction') == 2",
														"run_command": {
															"command": [
																"setblock ~ ~1 ~ nubs:willow_door_tile [\"nubs:direction\": 2, \"nubs:upper_block_bit\": true, \"nubs:open_bit\": true, \"nubs:door_hinge_bit\": true]"
															],
															"target": "self"
														}
													},
													{
														"condition": "query.block_property('nubs:direction') == 3",
														"run_command": {
															"command": [
																"setblock ~ ~1 ~ nubs:willow_door_tile [\"nubs:direction\": 3, \"nubs:upper_block_bit\": true, \"nubs:open_bit\": true, \"nubs:door_hinge_bit\": true]"
															],
															"target": "self"
														}
													}
												]
											},
											{
												"condition": "query.block_property('nubs:door_hinge_bit') == false",
												"sequence": [
													{
														"set_block_property": {
															"nubs:open_bit": true
														}
													},
													{
														"condition": "query.block_property('nubs:direction') == 0",
														"run_command": {
															"command": [
																"setblock ~ ~1 ~ nubs:willow_door_tile [\"nubs:direction\": 0, \"nubs:upper_block_bit\": true, \"nubs:open_bit\": true]"
															],
															"target": "self"
														}
													},
													{
														"condition": "query.block_property('nubs:direction') == 1",
														"run_command": {
															"command": [
																"setblock ~ ~1 ~ nubs:willow_door_tile [\"nubs:direction\": 1, \"nubs:upper_block_bit\": true, \"nubs:open_bit\": true]"
															],
															"target": "self"
														}
													},
													{
														"condition": "query.block_property('nubs:direction') == 2",
														"run_command": {
															"command": [
																"setblock ~ ~1 ~ nubs:willow_door_tile [\"nubs:direction\": 2, \"nubs:upper_block_bit\": true, \"nubs:open_bit\": true]"
															],
															"target": "self"
														}
													},
													{
														"condition": "query.block_property('nubs:direction') == 3",
														"run_command": {
															"command": [
																"setblock ~ ~1 ~ nubs:willow_door_tile [\"nubs:direction\": 3, \"nubs:upper_block_bit\": true, \"nubs:open_bit\": true]"
															],
															"target": "self"
														}
													}
												]
											}
										]
									},
									{
										"condition": "query.block_property('nubs:open_bit') && query.block_property('nubs:interacted') == true",
										"sequence": [
											{
												"condition": "query.block_property('nubs:door_hinge_bit') == true",
												"sequence": [
													{
														"set_block_property": {
															"nubs:open_bit": false
														}
													},
													{
														"condition": "query.block_property('nubs:direction') == 0",
														"run_command": {
															"command": [
																"setblock ~ ~1 ~ nubs:willow_door_tile [\"nubs:direction\": 0, \"nubs:upper_block_bit\": true, \"nubs:open_bit\": false, \"nubs:door_hinge_bit\": true]"
															],
															"target": "self"
														}
													},
													{
														"condition": "query.block_property('nubs:direction') == 1",
														"run_command": {
															"command": [
																"setblock ~ ~1 ~ nubs:willow_door_tile [\"nubs:direction\": 1, \"nubs:upper_block_bit\": true, \"nubs:open_bit\": false, \"nubs:door_hinge_bit\": true]"
															],
															"target": "self"
														}
													},
													{
														"condition": "query.block_property('nubs:direction') == 2",
														"run_command": {
															"command": [
																"setblock ~ ~1 ~ nubs:willow_door_tile [\"nubs:direction\": 2, \"nubs:upper_block_bit\": true, \"nubs:open_bit\": false, \"nubs:door_hinge_bit\": true]"
															],
															"target": "self"
														}
													},
													{
														"condition": "query.block_property('nubs:direction') == 3",
														"run_command": {
															"command": [
																"setblock ~ ~1 ~ nubs:willow_door_tile [\"nubs:direction\": 3, \"nubs:upper_block_bit\": true, \"nubs:open_bit\": false, \"nubs:door_hinge_bit\": true]"
															],
															"target": "self"
														}
													}
												]
											},
											{
												"condition": "query.block_property('nubs:door_hinge_bit') == false",
												"sequence": [
													{
														"set_block_property": {
															"nubs:open_bit": false
														}
													},
													{
														"condition": "query.block_property('nubs:direction') == 0",
														"run_command": {
															"command": [
																"setblock ~ ~1 ~ nubs:willow_door_tile [\"nubs:direction\": 0, \"nubs:upper_block_bit\": true, \"nubs:open_bit\": false]"
															],
															"target": "self"
														}
													},
													{
														"condition": "query.block_property('nubs:direction') == 1",
														"run_command": {
															"command": [
																"setblock ~ ~1 ~ nubs:willow_door_tile [\"nubs:direction\": 1, \"nubs:upper_block_bit\": true, \"nubs:open_bit\": false]"
															],
															"target": "self"
														}
													},
													{
														"condition": "query.block_property('nubs:direction') == 2",
														"run_command": {
															"command": [
																"setblock ~ ~1 ~ nubs:willow_door_tile [\"nubs:direction\": 2, \"nubs:upper_block_bit\": true, \"nubs:open_bit\": false]"
															],
															"target": "self"
														}
													},
													{
														"condition": "query.block_property('nubs:direction') == 3",
														"run_command": {
															"command": [
																"setblock ~ ~1 ~ nubs:willow_door_tile [\"nubs:direction\": 3, \"nubs:upper_block_bit\": true, \"nubs:open_bit\": false]"
															],
															"target": "self"
														}
													}
												]
											}
										]
									}
								]
							}
						}
					}
				},
				"key": "minecraft:block",
				"children": [
					{
						"key": "description",
						"is_minified": true,
						"children": {
							"identifier": "nubs:willow_door_tile",
							"properties": {
								"nubs:open_bit": [
									false,
									true
								],
								"nubs:direction": [
									0,
									1,
									2,
									3
								],
								"nubs:upper_block_bit": [
									false,
									true
								],
								"nubs:door_hinge_bit": [
									false,
									true
								],
								"nubs:placed": [
									false,
									true
								],
								"nubs:interacted": [
									false,
									true
								]
							}
						}
					},
					{
						"open": {
							"description": {
								"identifier": "nubs:willow_door_tile",
								"properties": {
									"nubs:open_bit": [
										false,
										true
									],
									"nubs:direction": [
										0,
										1,
										2,
										3
									],
									"nubs:upper_block_bit": [
										false,
										true
									],
									"nubs:door_hinge_bit": [
										false,
										true
									],
									"nubs:placed": [
										false,
										true
									],
									"nubs:interacted": [
										false,
										true
									]
								}
							},
							"components": {
								"minecraft:creative_category": {
									"category": "commands",
									"group": "commands"
								},
								"minecraft:destroy_time": 0.8,
								"minecraft:geometry": "geometry.door_close",
								"minecraft:material_instances": {
									"*": {
										"texture": "nubs_willow_door_upper",
										"render_method": "alpha_test"
									}
								},
								"minecraft:on_player_placing": {
									"event": "nubs:setup",
									"target": "self"
								},
								"minecraft:on_placed": {
									"condition": "!query.block_property('nubs:upper_block_bit')",
									"event": "nubs:set_child",
									"target": "self"
								},
								"minecraft:on_interact": {
									"event": "interacted",
									"target": "self"
								},
								"minecraft:ticking": {
									"looping": true,
									"range": [
										0,
										0
									],
									"on_tick": {
										"event": "set_update",
										"target": "self",
										"condition": "query.block_property('nubs:interacted') == true"
									}
								},
								"minecraft:placement_filter": {
									"conditions": [
										{
											"allowed_faces": [
												"up"
											],
											"block_filter": [
												{
													"tags": "!query.any_tag('door')"
												}
											]
										}
									]
								},
								"tag:minecraft:wood": {},
								"tag:plank": {},
								"tag:door": {}
							},
							"permutations": [
								{
									"condition": "!query.block_property('nubs:upper_block_bit') && query.block_property('nubs:placed')",
									"components": {
										"minecraft:loot": "loot_tables/blocks/willow_door.json",
										"minecraft:placement_filter": {
											"conditions": [
												{
													"block_filter": [
														"nubs:willow_door_tile"
													],
													"allowed_faces": [
														"down"
													]
												}
											]
										}
									}
								},
								{
									"condition": "query.block_property('nubs:upper_block_bit')",
									"components": {
										"minecraft:loot": "loot_tables/empty.json",
										"minecraft:material_instances": {
											"down": {
												"texture": "air",
												"ambient_occlusion": false,
												"render_method": "blend"
											},
											"*": {
												"texture": "nubs_willow_door_upper",
												"ambient_occlusion": false,
												"render_method": "blend"
											}
										},
										"minecraft:placement_filter": {
											"conditions": [
												{
													"block_filter": [
														"nubs:willow_door_tile"
													],
													"allowed_faces": [
														"up"
													]
												}
											]
										}
									}
								},
								{
									"condition": "!query.block_property('nubs:upper_block_bit')",
									"components": {
										"minecraft:material_instances": {
											"up": {
												"texture": "air",
												"ambient_occlusion": false,
												"render_method": "blend"
											},
											"*": {
												"texture": "nubs_willow_door_lower",
												"ambient_occlusion": false,
												"render_method": "blend"
											}
										}
									}
								},
								{
									"condition": "!query.block_property('nubs:open_bit') && query.block_property('nubs:door_hinge_bit') == false",
									"components": {
										"minecraft:geometry": "geometry.door_left_closed",
										"minecraft:collision_box": {
											"origin": [
												-8,
												0,
												-8
											],
											"size": [
												16,
												16,
												3
											]
										},
										"minecraft:selection_box": {
											"origin": [
												-8,
												0,
												-8
											],
											"size": [
												16,
												16,
												3
											]
										},
										"tag:left_door": {}
									}
								},
								{
									"condition": "!query.block_property('nubs:open_bit') && query.block_property('nubs:door_hinge_bit')",
									"components": {
										"minecraft:geometry": "geometry.door_right_closed",
										"minecraft:collision_box": {
											"origin": [
												-8,
												0,
												-8
											],
											"size": [
												16,
												16,
												3
											]
										},
										"minecraft:selection_box": {
											"origin": [
												-8,
												0,
												-8
											],
											"size": [
												16,
												16,
												3
											]
										}
									}
								},
								{
									"condition": "query.block_property('nubs:open_bit') && query.block_property('nubs:door_hinge_bit') == false",
									"components": {
										"minecraft:geometry": "geometry.door_left_opened",
										"minecraft:collision_box": {
											"origin": [
												-8,
												0,
												-8
											],
											"size": [
												3,
												16,
												16
											]
										},
										"minecraft:selection_box": {
											"origin": [
												-8,
												0,
												-8
											],
											"size": [
												3,
												16,
												16
											]
										},
										"tag:left_door": {}
									}
								},
								{
									"condition": "query.block_property('nubs:open_bit') && query.block_property('nubs:door_hinge_bit')",
									"components": {
										"minecraft:geometry": "geometry.door_right_opened",
										"minecraft:collision_box": {
											"origin": [
												5,
												0,
												-8
											],
											"size": [
												3,
												16,
												16
											]
										},
										"minecraft:selection_box": {
											"origin": [
												5,
												0,
												-8
											],
											"size": [
												3,
												16,
												16
											]
										}
									}
								},
								{
									"condition": "query.block_property('nubs:direction') == 0",
									"components": {
										"minecraft:rotation": [
											0,
											90,
											0
										]
									}
								},
								{
									"condition": "query.block_property('nubs:direction') == 1",
									"components": {
										"minecraft:rotation": [
											0,
											0,
											0
										]
									}
								},
								{
									"condition": "query.block_property('nubs:direction') == 2",
									"components": {
										"minecraft:rotation": [
											0,
											270,
											0
										]
									}
								},
								{
									"condition": "query.block_property('nubs:direction') == 3",
									"components": {
										"minecraft:rotation": [
											0,
											180,
											0
										]
									}
								}
							],
							"events": {
								"nubs:setup": {
									"sequence": [
										{
											"set_block_property": {
												"nubs:direction": "(query.cardinal_facing_2d == 5 ? 0 : (query.cardinal_facing_2d == 2 ? 3 : query.cardinal_facing_2d-2))",
												"nubs:placed": true
											}
										},
										{
											"set_block_property": {
												"nubs:door_hinge_bit": "(query.block_neighbor_has_any_tag(0,0,-1,'left_door') && query.block_property('nubs:direction') == 0) || (query.block_neighbor_has_any_tag(1,0,0,'left_door') && query.block_property('nubs:direction') == 1) || (query.block_neighbor_has_any_tag(0,0,1,'left_door') && query.block_property('nubs:direction') == 2) || (query.block_neighbor_has_any_tag(-1,0,0,'left_door') && query.block_property('nubs:direction') == 3)"
											}
										}
									]
								},
								"nubs:set_child": {
									"sequence": [
										{
											"condition": "!query.block_property('nubs:door_hinge_bit')",
											"sequence": [
												{
													"condition": "query.block_property('nubs:direction') == 0",
													"run_command": {
														"command": [
															"setblock ~ ~1 ~ nubs:willow_door_tile [\"nubs:direction\": 0, \"nubs:upper_block_bit\": true]"
														],
														"target": "self"
													}
												},
												{
													"condition": "query.block_property('nubs:direction') == 1",
													"run_command": {
														"command": [
															"setblock ~ ~1 ~ nubs:willow_door_tile [\"nubs:direction\": 1, \"nubs:upper_block_bit\": true]"
														],
														"target": "self"
													}
												},
												{
													"condition": "query.block_property('nubs:direction') == 2",
													"run_command": {
														"command": [
															"setblock ~ ~1 ~ nubs:willow_door_tile [\"nubs:direction\": 2, \"nubs:upper_block_bit\": true]"
														],
														"target": "self"
													}
												},
												{
													"condition": "query.block_property('nubs:direction') == 3",
													"run_command": {
														"command": [
															"setblock ~ ~1 ~ nubs:willow_door_tile [\"nubs:direction\": 3, \"nubs:upper_block_bit\": true]"
														],
														"target": "self"
													}
												}
											]
										},
										{
											"condition": "query.block_property('nubs:door_hinge_bit')",
											"sequence": [
												{
													"condition": "query.block_property('nubs:direction') == 0",
													"run_command": {
														"command": [
															"setblock ~ ~1 ~ nubs:willow_door_tile [\"nubs:direction\": 0, \"nubs:upper_block_bit\": true, \"nubs:door_hinge_bit\": true]"
														],
														"target": "self"
													}
												},
												{
													"condition": "query.block_property('nubs:direction') == 1",
													"run_command": {
														"command": [
															"setblock ~ ~1 ~ nubs:willow_door_tile [\"nubs:direction\": 1, \"nubs:upper_block_bit\": true, \"nubs:door_hinge_bit\": true]"
														],
														"target": "self"
													}
												},
												{
													"condition": "query.block_property('nubs:direction') == 2",
													"run_command": {
														"command": [
															"setblock ~ ~1 ~ nubs:willow_door_tile [\"nubs:direction\": 2, \"nubs:upper_block_bit\": true, \"nubs:door_hinge_bit\": true]"
														],
														"target": "self"
													}
												},
												{
													"condition": "query.block_property('nubs:direction') == 3",
													"run_command": {
														"command": [
															"setblock ~ ~1 ~ nubs:willow_door_tile [\"nubs:direction\": 3, \"nubs:upper_block_bit\": true, \"nubs:door_hinge_bit\": true]"
														],
														"target": "self"
													}
												}
											]
										}
									]
								},
								"interacted": {
									"sequence": [
										{
											"condition": "!query.block_property('nubs:upper_block_bit')",
											"set_block_property": {
												"nubs:interacted": true
											},
											"run_command": {
												"command": [
													"playsound random.door_close @p ~ ~ ~ 100"
												],
												"target": "self"
											}
										},
										{
											"condition": "query.block_property('nubs:upper_block_bit') && query.block_property('nubs:open_bit') == true",
											"sequence": [
												{
													"run_command": {
														"command": [
															"playsound random.door_close @p ~ ~ ~ 100"
														],
														"target": "self"
													}
												},
												{
													"condition": "query.block_property('nubs:door_hinge_bit')",
													"sequence": [
														{
															"condition": "query.block_property('nubs:direction') == 0",
															"run_command": {
																"command": [
																	"setblock ~ ~-1 ~ nubs:willow_door_tile [\"nubs:direction\": 0, \"nubs:interacted\": true, \"nubs:open_bit\": true, \"nubs:door_hinge_bit\": true]"
																],
																"target": "self"
															}
														},
														{
															"condition": "query.block_property('nubs:direction') == 1",
															"run_command": {
																"command": [
																	"setblock ~ ~-1 ~ nubs:willow_door_tile [\"nubs:direction\": 1, \"nubs:interacted\": true, \"nubs:open_bit\": true, \"nubs:door_hinge_bit\": true]"
																],
																"target": "self"
															}
														},
														{
															"condition": "query.block_property('nubs:direction') == 2",
															"run_command": {
																"command": [
																	"setblock ~ ~-1 ~ nubs:willow_door_tile [\"nubs:direction\": 2, \"nubs:interacted\": true, \"nubs:open_bit\": true, \"nubs:door_hinge_bit\": true]"
																],
																"target": "self"
															}
														},
														{
															"condition": "query.block_property('nubs:direction') == 3",
															"run_command": {
																"command": [
																	"setblock ~ ~-1 ~ nubs:willow_door_tile [\"nubs:direction\": 3, \"nubs:interacted\": true, \"nubs:open_bit\": true, \"nubs:door_hinge_bit\": true]"
																],
																"target": "self"
															}
														}
													]
												},
												{
													"condition": "!query.block_property('nubs:door_hinge_bit')",
													"sequence": [
														{
															"condition": "query.block_property('nubs:direction') == 0",
															"run_command": {
																"command": [
																	"setblock ~ ~-1 ~ nubs:willow_door_tile [\"nubs:direction\": 0, \"nubs:interacted\": true, \"nubs:open_bit\": true]"
																],
																"target": "self"
															}
														},
														{
															"condition": "query.block_property('nubs:direction') == 1",
															"run_command": {
																"command": [
																	"setblock ~ ~-1 ~ nubs:willow_door_tile [\"nubs:direction\": 1, \"nubs:interacted\": true, \"nubs:open_bit\": true]"
																],
																"target": "self"
															}
														},
														{
															"condition": "query.block_property('nubs:direction') == 2",
															"run_command": {
																"command": [
																	"setblock ~ ~-1 ~ nubs:willow_door_tile [\"nubs:direction\": 2, \"nubs:interacted\": true, \"nubs:open_bit\": true]"
																],
																"target": "self"
															}
														},
														{
															"condition": "query.block_property('nubs:direction') == 3",
															"run_command": {
																"command": [
																	"setblock ~ ~-1 ~ nubs:willow_door_tile [\"nubs:direction\": 3, \"nubs:interacted\": true, \"nubs:open_bit\": true]"
																],
																"target": "self"
															}
														}
													]
												}
											]
										},
										{
											"condition": "query.block_property('nubs:upper_block_bit') && query.block_property('nubs:open_bit') == false",
											"sequence": [
												{
													"run_command": {
														"command": [
															"playsound random.door_open @p ~ ~ ~ 100"
														],
														"target": "self"
													}
												},
												{
													"condition": "query.block_property('nubs:door_hinge_bit')",
													"sequence": [
														{
															"condition": "query.block_property('nubs:direction') == 0",
															"run_command": {
																"command": [
																	"setblock ~ ~-1 ~ nubs:willow_door_tile [\"nubs:direction\": 0, \"nubs:interacted\": true, \"nubs:door_hinge_bit\": true]"
																],
																"target": "self"
															}
														},
														{
															"condition": "query.block_property('nubs:direction') == 1",
															"run_command": {
																"command": [
																	"setblock ~ ~-1 ~ nubs:willow_door_tile [\"nubs:direction\": 1, \"nubs:interacted\": true, \"nubs:door_hinge_bit\": true]"
																],
																"target": "self"
															}
														},
														{
															"condition": "query.block_property('nubs:direction') == 2",
															"run_command": {
																"command": [
																	"setblock ~ ~-1 ~ nubs:willow_door_tile [\"nubs:direction\": 2, \"nubs:interacted\": true, \"nubs:door_hinge_bit\": true]"
																],
																"target": "self"
															}
														},
														{
															"condition": "query.block_property('nubs:direction') == 3",
															"run_command": {
																"command": [
																	"setblock ~ ~-1 ~ nubs:willow_door_tile [\"nubs:direction\": 3, \"nubs:interacted\": true, \"nubs:door_hinge_bit\": true]"
																],
																"target": "self"
															}
														}
													]
												},
												{
													"condition": "!query.block_property('nubs:door_hinge_bit')",
													"sequence": [
														{
															"condition": "query.block_property('nubs:direction') == 0",
															"run_command": {
																"command": [
																	"setblock ~ ~-1 ~ nubs:willow_door_tile [\"nubs:direction\": 0, \"nubs:interacted\": true]"
																],
																"target": "self"
															}
														},
														{
															"condition": "query.block_property('nubs:direction') == 1",
															"run_command": {
																"command": [
																	"setblock ~ ~-1 ~ nubs:willow_door_tile [\"nubs:direction\": 1, \"nubs:interacted\": true]"
																],
																"target": "self"
															}
														},
														{
															"condition": "query.block_property('nubs:direction') == 2",
															"run_command": {
																"command": [
																	"setblock ~ ~-1 ~ nubs:willow_door_tile [\"nubs:direction\": 2, \"nubs:interacted\": true]"
																],
																"target": "self"
															}
														},
														{
															"condition": "query.block_property('nubs:direction') == 3",
															"run_command": {
																"command": [
																	"setblock ~ ~-1 ~ nubs:willow_door_tile [\"nubs:direction\": 3, \"nubs:interacted\": true]"
																],
																"target": "self"
															}
														}
													]
												}
											]
										}
									]
								},
								"set_update": {
									"sequence": [
										{
											"set_block_property": {
												"nubs:interacted": false,
												"nubs:placed": true
											}
										},
										{
											"condition": "query.block_property('nubs:open_bit') == false && query.block_property('nubs:interacted') == true",
											"sequence": [
												{
													"condition": "query.block_property('nubs:door_hinge_bit') == true",
													"sequence": [
														{
															"set_block_property": {
																"nubs:open_bit": true
															}
														},
														{
															"condition": "query.block_property('nubs:direction') == 0",
															"run_command": {
																"command": [
																	"setblock ~ ~1 ~ nubs:willow_door_tile [\"nubs:direction\": 0, \"nubs:upper_block_bit\": true, \"nubs:open_bit\": true, \"nubs:door_hinge_bit\": true]"
																],
																"target": "self"
															}
														},
														{
															"condition": "query.block_property('nubs:direction') == 1",
															"run_command": {
																"command": [
																	"setblock ~ ~1 ~ nubs:willow_door_tile [\"nubs:direction\": 1, \"nubs:upper_block_bit\": true, \"nubs:open_bit\": true, \"nubs:door_hinge_bit\": true]"
																],
																"target": "self"
															}
														},
														{
															"condition": "query.block_property('nubs:direction') == 2",
															"run_command": {
																"command": [
																	"setblock ~ ~1 ~ nubs:willow_door_tile [\"nubs:direction\": 2, \"nubs:upper_block_bit\": true, \"nubs:open_bit\": true, \"nubs:door_hinge_bit\": true]"
																],
																"target": "self"
															}
														},
														{
															"condition": "query.block_property('nubs:direction') == 3",
															"run_command": {
																"command": [
																	"setblock ~ ~1 ~ nubs:willow_door_tile [\"nubs:direction\": 3, \"nubs:upper_block_bit\": true, \"nubs:open_bit\": true, \"nubs:door_hinge_bit\": true]"
																],
																"target": "self"
															}
														}
													]
												},
												{
													"condition": "query.block_property('nubs:door_hinge_bit') == false",
													"sequence": [
														{
															"set_block_property": {
																"nubs:open_bit": true
															}
														},
														{
															"condition": "query.block_property('nubs:direction') == 0",
															"run_command": {
																"command": [
																	"setblock ~ ~1 ~ nubs:willow_door_tile [\"nubs:direction\": 0, \"nubs:upper_block_bit\": true, \"nubs:open_bit\": true]"
																],
																"target": "self"
															}
														},
														{
															"condition": "query.block_property('nubs:direction') == 1",
															"run_command": {
																"command": [
																	"setblock ~ ~1 ~ nubs:willow_door_tile [\"nubs:direction\": 1, \"nubs:upper_block_bit\": true, \"nubs:open_bit\": true]"
																],
																"target": "self"
															}
														},
														{
															"condition": "query.block_property('nubs:direction') == 2",
															"run_command": {
																"command": [
																	"setblock ~ ~1 ~ nubs:willow_door_tile [\"nubs:direction\": 2, \"nubs:upper_block_bit\": true, \"nubs:open_bit\": true]"
																],
																"target": "self"
															}
														},
														{
															"condition": "query.block_property('nubs:direction') == 3",
															"run_command": {
																"command": [
																	"setblock ~ ~1 ~ nubs:willow_door_tile [\"nubs:direction\": 3, \"nubs:upper_block_bit\": true, \"nubs:open_bit\": true]"
																],
																"target": "self"
															}
														}
													]
												}
											]
										},
										{
											"condition": "query.block_property('nubs:open_bit') && query.block_property('nubs:interacted') == true",
											"sequence": [
												{
													"condition": "query.block_property('nubs:door_hinge_bit') == true",
													"sequence": [
														{
															"set_block_property": {
																"nubs:open_bit": false
															}
														},
														{
															"condition": "query.block_property('nubs:direction') == 0",
															"run_command": {
																"command": [
																	"setblock ~ ~1 ~ nubs:willow_door_tile [\"nubs:direction\": 0, \"nubs:upper_block_bit\": true, \"nubs:open_bit\": false, \"nubs:door_hinge_bit\": true]"
																],
																"target": "self"
															}
														},
														{
															"condition": "query.block_property('nubs:direction') == 1",
															"run_command": {
																"command": [
																	"setblock ~ ~1 ~ nubs:willow_door_tile [\"nubs:direction\": 1, \"nubs:upper_block_bit\": true, \"nubs:open_bit\": false, \"nubs:door_hinge_bit\": true]"
																],
																"target": "self"
															}
														},
														{
															"condition": "query.block_property('nubs:direction') == 2",
															"run_command": {
																"command": [
																	"setblock ~ ~1 ~ nubs:willow_door_tile [\"nubs:direction\": 2, \"nubs:upper_block_bit\": true, \"nubs:open_bit\": false, \"nubs:door_hinge_bit\": true]"
																],
																"target": "self"
															}
														},
														{
															"condition": "query.block_property('nubs:direction') == 3",
															"run_command": {
																"command": [
																	"setblock ~ ~1 ~ nubs:willow_door_tile [\"nubs:direction\": 3, \"nubs:upper_block_bit\": true, \"nubs:open_bit\": false, \"nubs:door_hinge_bit\": true]"
																],
																"target": "self"
															}
														}
													]
												},
												{
													"condition": "query.block_property('nubs:door_hinge_bit') == false",
													"sequence": [
														{
															"set_block_property": {
																"nubs:open_bit": false
															}
														},
														{
															"condition": "query.block_property('nubs:direction') == 0",
															"run_command": {
																"command": [
																	"setblock ~ ~1 ~ nubs:willow_door_tile [\"nubs:direction\": 0, \"nubs:upper_block_bit\": true, \"nubs:open_bit\": false]"
																],
																"target": "self"
															}
														},
														{
															"condition": "query.block_property('nubs:direction') == 1",
															"run_command": {
																"command": [
																	"setblock ~ ~1 ~ nubs:willow_door_tile [\"nubs:direction\": 1, \"nubs:upper_block_bit\": true, \"nubs:open_bit\": false]"
																],
																"target": "self"
															}
														},
														{
															"condition": "query.block_property('nubs:direction') == 2",
															"run_command": {
																"command": [
																	"setblock ~ ~1 ~ nubs:willow_door_tile [\"nubs:direction\": 2, \"nubs:upper_block_bit\": true, \"nubs:open_bit\": false]"
																],
																"target": "self"
															}
														},
														{
															"condition": "query.block_property('nubs:direction') == 3",
															"run_command": {
																"command": [
																	"setblock ~ ~1 ~ nubs:willow_door_tile [\"nubs:direction\": 3, \"nubs:upper_block_bit\": true, \"nubs:open_bit\": false]"
																],
																"target": "self"
															}
														}
													]
												}
											]
										}
									]
								}
							}
						},
						"key": "components",
						"is_minified": true,
						"children": {
							"minecraft:creative_category": {
								"category": "commands",
								"group": "commands"
							},
							"minecraft:destroy_time": 0.8,
							"minecraft:geometry": "geometry.door_close",
							"minecraft:material_instances": {
								"*": {
									"texture": "nubs_willow_door_upper",
									"render_method": "alpha_test"
								}
							},
							"minecraft:on_player_placing": {
								"event": "nubs:setup",
								"target": "self"
							},
							"minecraft:on_placed": {
								"condition": "!query.block_property('nubs:upper_block_bit')",
								"event": "nubs:set_child",
								"target": "self"
							},
							"minecraft:on_interact": {
								"event": "interacted",
								"target": "self"
							},
							"minecraft:ticking": {
								"looping": true,
								"range": [
									0,
									0
								],
								"on_tick": {
									"event": "set_update",
									"target": "self",
									"condition": "query.block_property('nubs:interacted') == true"
								}
							},
							"minecraft:placement_filter": {
								"conditions": [
									{
										"allowed_faces": [
											"up"
										],
										"block_filter": [
											{
												"tags": "!query.any_tag('door')"
											}
										]
									}
								]
							},
							"tag:minecraft:wood": {},
							"tag:plank": {},
							"tag:door": {}
						}
					},
					{
						"key": "permutations",
						"children": [
							{
								"children": [
									{
										"data": "!query.block_property('nubs:upper_block_bit') && query.block_property('nubs:placed')",
										"key": "condition"
									},
									{
										"open": {
											"condition": "!query.block_property('nubs:upper_block_bit') && query.block_property('nubs:placed')",
											"components": {
												"minecraft:loot": "loot_tables/blocks/willow_door.json",
												"minecraft:placement_filter": {
													"conditions": [
														{
															"block_filter": [
																"nubs:willow_door_tile"
															],
															"allowed_faces": [
																"down"
															]
														}
													]
												}
											}
										},
										"key": "components",
										"children": [
											{
												"data": "loot_tables/blocks/willow_door.json",
												"key": "minecraft:loot"
											},
											{
												"key": "minecraft:placement_filter",
												"children": [
													{
														"key": "conditions",
														"children": [
															{
																"open": [
																	{
																		"block_filter": [
																			"nubs:willow_door_tile"
																		],
																		"allowed_faces": [
																			"down"
																		]
																	}
																],
																"children": [
																	{
																		"open": {
																			"block_filter": [
																				"nubs:willow_door_tile"
																			],
																			"allowed_faces": [
																				"down"
																			]
																		},
																		"key": "block_filter",
																		"is_minified": true,
																		"children": [
																			"nubs:willow_door_tile"
																		]
																	},
																	{
																		"open": {
																			"block_filter": [
																				"nubs:willow_door_tile"
																			],
																			"allowed_faces": [
																				"down"
																			]
																		},
																		"key": "allowed_faces",
																		"is_minified": true,
																		"children": [
																			"down"
																		]
																	}
																]
															}
														]
													}
												]
											}
										]
									}
								]
							},
							{
								"children": [
									{
										"data": "query.block_property('nubs:upper_block_bit')",
										"key": "condition"
									},
									{
										"key": "components",
										"children": [
											{
												"data": "loot_tables/empty.json",
												"key": "minecraft:loot"
											},
											{
												"open": {
													"minecraft:loot": "loot_tables/empty.json",
													"minecraft:material_instances": {
														"down": {
															"texture": "air",
															"ambient_occlusion": false,
															"render_method": "blend"
														},
														"*": {
															"texture": "nubs_willow_door_upper",
															"ambient_occlusion": false,
															"render_method": "blend"
														}
													},
													"minecraft:placement_filter": {
														"conditions": [
															{
																"block_filter": [
																	"nubs:willow_door_tile"
																],
																"allowed_faces": [
																	"up"
																]
															}
														]
													}
												},
												"key": "minecraft:material_instances",
												"is_minified": true,
												"children": {
													"down": {
														"texture": "air",
														"ambient_occlusion": false,
														"render_method": "blend"
													},
													"*": {
														"texture": "nubs_willow_door_upper",
														"ambient_occlusion": false,
														"render_method": "blend"
													}
												}
											},
											{
												"key": "minecraft:placement_filter",
												"is_minified": true,
												"children": {
													"conditions": [
														{
															"block_filter": [
																"nubs:willow_door_tile"
															],
															"allowed_faces": [
																"up"
															]
														}
													]
												}
											}
										]
									}
								]
							},
							{
								"children": [
									{
										"data": "!query.block_property('nubs:upper_block_bit')",
										"key": "condition"
									},
									{
										"open": {
											"condition": "!query.block_property('nubs:upper_block_bit')",
											"components": {
												"minecraft:material_instances": {
													"up": {
														"texture": "air",
														"ambient_occlusion": false,
														"render_method": "blend"
													},
													"*": {
														"texture": "nubs_willow_door_lower",
														"ambient_occlusion": false,
														"render_method": "blend"
													}
												}
											}
										},
										"key": "components",
										"is_minified": true,
										"children": {
											"minecraft:material_instances": {
												"up": {
													"texture": "air",
													"ambient_occlusion": false,
													"render_method": "blend"
												},
												"*": {
													"texture": "nubs_willow_door_lower",
													"ambient_occlusion": false,
													"render_method": "blend"
												}
											}
										}
									}
								]
							},
							{
								"children": [
									{
										"data": "!query.block_property('nubs:open_bit') && query.block_property('nubs:door_hinge_bit') == false",
										"key": "condition"
									},
									{
										"open": {
											"condition": "!query.block_property('nubs:open_bit') && query.block_property('nubs:door_hinge_bit') == false",
											"components": {
												"minecraft:geometry": "geometry.door_left_closed",
												"minecraft:collision_box": {
													"origin": [
														-8,
														0,
														-8
													],
													"size": [
														16,
														16,
														3
													]
												},
												"minecraft:selection_box": {
													"origin": [
														-8,
														0,
														-8
													],
													"size": [
														16,
														16,
														3
													]
												},
												"tag:left_door": {}
											}
										},
										"key": "components",
										"is_minified": true,
										"children": {
											"minecraft:geometry": "geometry.door_left_closed",
											"minecraft:collision_box": {
												"origin": [
													-8,
													0,
													-8
												],
												"size": [
													16,
													16,
													3
												]
											},
											"minecraft:selection_box": {
												"origin": [
													-8,
													0,
													-8
												],
												"size": [
													16,
													16,
													3
												]
											},
											"tag:left_door": {}
										}
									}
								]
							},
							{
								"children": [
									{
										"data": "!query.block_property('nubs:open_bit') && query.block_property('nubs:door_hinge_bit')",
										"key": "condition"
									},
									{
										"open": {
											"condition": "!query.block_property('nubs:open_bit') && query.block_property('nubs:door_hinge_bit')",
											"components": {
												"minecraft:geometry": "geometry.door_right_closed",
												"minecraft:collision_box": {
													"origin": [
														-8,
														0,
														-8
													],
													"size": [
														16,
														16,
														3
													]
												},
												"minecraft:selection_box": {
													"origin": [
														-8,
														0,
														-8
													],
													"size": [
														16,
														16,
														3
													]
												}
											}
										},
										"key": "components",
										"is_minified": true,
										"children": {
											"minecraft:geometry": "geometry.door_right_closed",
											"minecraft:collision_box": {
												"origin": [
													-8,
													0,
													-8
												],
												"size": [
													16,
													16,
													3
												]
											},
											"minecraft:selection_box": {
												"origin": [
													-8,
													0,
													-8
												],
												"size": [
													16,
													16,
													3
												]
											}
										}
									}
								]
							},
							{
								"children": [
									{
										"data": "query.block_property('nubs:open_bit') && query.block_property('nubs:door_hinge_bit') == false",
										"key": "condition"
									},
									{
										"open": {
											"condition": "query.block_property('nubs:open_bit') && query.block_property('nubs:door_hinge_bit') == false",
											"components": {
												"minecraft:geometry": "geometry.door_left_opened",
												"minecraft:collision_box": {
													"origin": [
														-8,
														0,
														-8
													],
													"size": [
														3,
														16,
														16
													]
												},
												"minecraft:selection_box": {
													"origin": [
														-8,
														0,
														-8
													],
													"size": [
														3,
														16,
														16
													]
												},
												"tag:left_door": {}
											}
										},
										"key": "components",
										"is_minified": true,
										"children": {
											"minecraft:geometry": "geometry.door_left_opened",
											"minecraft:collision_box": {
												"origin": [
													-8,
													0,
													-8
												],
												"size": [
													3,
													16,
													16
												]
											},
											"minecraft:selection_box": {
												"origin": [
													-8,
													0,
													-8
												],
												"size": [
													3,
													16,
													16
												]
											},
											"tag:left_door": {}
										}
									}
								]
							},
							{
								"children": [
									{
										"data": "query.block_property('nubs:open_bit') && query.block_property('nubs:door_hinge_bit')",
										"key": "condition"
									},
									{
										"open": {
											"condition": "query.block_property('nubs:open_bit') && query.block_property('nubs:door_hinge_bit')",
											"components": {
												"minecraft:geometry": "geometry.door_right_opened",
												"minecraft:collision_box": {
													"origin": [
														5,
														0,
														-8
													],
													"size": [
														3,
														16,
														16
													]
												},
												"minecraft:selection_box": {
													"origin": [
														5,
														0,
														-8
													],
													"size": [
														3,
														16,
														16
													]
												}
											}
										},
										"key": "components",
										"is_minified": true,
										"children": {
											"minecraft:geometry": "geometry.door_right_opened",
											"minecraft:collision_box": {
												"origin": [
													5,
													0,
													-8
												],
												"size": [
													3,
													16,
													16
												]
											},
											"minecraft:selection_box": {
												"origin": [
													5,
													0,
													-8
												],
												"size": [
													3,
													16,
													16
												]
											}
										}
									}
								]
							},
							{
								"children": [
									{
										"data": "query.block_property('nubs:direction') == 0",
										"key": "condition"
									},
									{
										"open": {
											"condition": "query.block_property('nubs:direction') == 0",
											"components": {
												"minecraft:rotation": [
													0,
													90,
													0
												]
											}
										},
										"key": "components",
										"children": [
											{
												"open": {
													"minecraft:rotation": [
														0,
														90,
														0
													]
												},
												"key": "minecraft:rotation",
												"is_minified": true,
												"children": [
													0,
													90,
													0
												]
											}
										]
									}
								]
							},
							{
								"children": [
									{
										"data": "query.block_property('nubs:direction') == 1",
										"key": "condition"
									},
									{
										"open": {
											"condition": "query.block_property('nubs:direction') == 1",
											"components": {
												"minecraft:rotation": [
													0,
													0,
													0
												]
											}
										},
										"key": "components",
										"children": [
											{
												"open": {
													"minecraft:rotation": [
														0,
														0,
														0
													]
												},
												"key": "minecraft:rotation",
												"is_minified": true,
												"children": [
													0,
													0,
													0
												]
											}
										]
									}
								]
							},
							{
								"children": [
									{
										"data": "query.block_property('nubs:direction') == 2",
										"key": "condition"
									},
									{
										"open": {
											"condition": "query.block_property('nubs:direction') == 2",
											"components": {
												"minecraft:rotation": [
													0,
													270,
													0
												]
											}
										},
										"key": "components",
										"children": [
											{
												"open": {
													"minecraft:rotation": [
														0,
														270,
														0
													]
												},
												"key": "minecraft:rotation",
												"is_minified": true,
												"children": [
													0,
													270,
													0
												]
											}
										]
									}
								]
							},
							{
								"children": [
									{
										"data": "query.block_property('nubs:direction') == 3",
										"key": "condition"
									},
									{
										"open": {
											"condition": "query.block_property('nubs:direction') == 3",
											"components": {
												"minecraft:rotation": [
													0,
													180,
													0
												]
											}
										},
										"key": "components",
										"children": [
											{
												"open": {
													"minecraft:rotation": [
														0,
														180,
														0
													]
												},
												"key": "minecraft:rotation",
												"is_minified": true,
												"children": [
													0,
													180,
													0
												]
											}
										]
									}
								]
							}
						]
					},
					{
						"key": "events",
						"is_minified": true,
						"children": {
							"nubs:setup": {
								"sequence": [
									{
										"set_block_property": {
											"nubs:direction": "(query.cardinal_facing_2d == 5 ? 0 : (query.cardinal_facing_2d == 2 ? 3 : query.cardinal_facing_2d-2))",
											"nubs:placed": true
										}
									},
									{
										"set_block_property": {
											"nubs:door_hinge_bit": "(query.block_neighbor_has_any_tag(0,0,-1,'left_door') && query.block_property('nubs:direction') == 0) || (query.block_neighbor_has_any_tag(1,0,0,'left_door') && query.block_property('nubs:direction') == 1) || (query.block_neighbor_has_any_tag(0,0,1,'left_door') && query.block_property('nubs:direction') == 2) || (query.block_neighbor_has_any_tag(-1,0,0,'left_door') && query.block_property('nubs:direction') == 3)"
										}
									}
								]
							},
							"nubs:set_child": {
								"sequence": [
									{
										"condition": "!query.block_property('nubs:door_hinge_bit')",
										"sequence": [
											{
												"condition": "query.block_property('nubs:direction') == 0",
												"run_command": {
													"command": [
														"setblock ~ ~1 ~ nubs:willow_door_tile [\"nubs:direction\": 0, \"nubs:upper_block_bit\": true]"
													],
													"target": "self"
												}
											},
											{
												"condition": "query.block_property('nubs:direction') == 1",
												"run_command": {
													"command": [
														"setblock ~ ~1 ~ nubs:willow_door_tile [\"nubs:direction\": 1, \"nubs:upper_block_bit\": true]"
													],
													"target": "self"
												}
											},
											{
												"condition": "query.block_property('nubs:direction') == 2",
												"run_command": {
													"command": [
														"setblock ~ ~1 ~ nubs:willow_door_tile [\"nubs:direction\": 2, \"nubs:upper_block_bit\": true]"
													],
													"target": "self"
												}
											},
											{
												"condition": "query.block_property('nubs:direction') == 3",
												"run_command": {
													"command": [
														"setblock ~ ~1 ~ nubs:willow_door_tile [\"nubs:direction\": 3, \"nubs:upper_block_bit\": true]"
													],
													"target": "self"
												}
											}
										]
									},
									{
										"condition": "query.block_property('nubs:door_hinge_bit')",
										"sequence": [
											{
												"condition": "query.block_property('nubs:direction') == 0",
												"run_command": {
													"command": [
														"setblock ~ ~1 ~ nubs:willow_door_tile [\"nubs:direction\": 0, \"nubs:upper_block_bit\": true, \"nubs:door_hinge_bit\": true]"
													],
													"target": "self"
												}
											},
											{
												"condition": "query.block_property('nubs:direction') == 1",
												"run_command": {
													"command": [
														"setblock ~ ~1 ~ nubs:willow_door_tile [\"nubs:direction\": 1, \"nubs:upper_block_bit\": true, \"nubs:door_hinge_bit\": true]"
													],
													"target": "self"
												}
											},
											{
												"condition": "query.block_property('nubs:direction') == 2",
												"run_command": {
													"command": [
														"setblock ~ ~1 ~ nubs:willow_door_tile [\"nubs:direction\": 2, \"nubs:upper_block_bit\": true, \"nubs:door_hinge_bit\": true]"
													],
													"target": "self"
												}
											},
											{
												"condition": "query.block_property('nubs:direction') == 3",
												"run_command": {
													"command": [
														"setblock ~ ~1 ~ nubs:willow_door_tile [\"nubs:direction\": 3, \"nubs:upper_block_bit\": true, \"nubs:door_hinge_bit\": true]"
													],
													"target": "self"
												}
											}
										]
									}
								]
							},
							"interacted": {
								"sequence": [
									{
										"condition": "!query.block_property('nubs:upper_block_bit')",
										"set_block_property": {
											"nubs:interacted": true
										},
										"run_command": {
											"command": [
												"playsound random.door_close @p ~ ~ ~ 100"
											],
											"target": "self"
										}
									},
									{
										"condition": "query.block_property('nubs:upper_block_bit') && query.block_property('nubs:open_bit') == true",
										"sequence": [
											{
												"run_command": {
													"command": [
														"playsound random.door_close @p ~ ~ ~ 100"
													],
													"target": "self"
												}
											},
											{
												"condition": "query.block_property('nubs:door_hinge_bit')",
												"sequence": [
													{
														"condition": "query.block_property('nubs:direction') == 0",
														"run_command": {
															"command": [
																"setblock ~ ~-1 ~ nubs:willow_door_tile [\"nubs:direction\": 0, \"nubs:interacted\": true, \"nubs:open_bit\": true, \"nubs:door_hinge_bit\": true]"
															],
															"target": "self"
														}
													},
													{
														"condition": "query.block_property('nubs:direction') == 1",
														"run_command": {
															"command": [
																"setblock ~ ~-1 ~ nubs:willow_door_tile [\"nubs:direction\": 1, \"nubs:interacted\": true, \"nubs:open_bit\": true, \"nubs:door_hinge_bit\": true]"
															],
															"target": "self"
														}
													},
													{
														"condition": "query.block_property('nubs:direction') == 2",
														"run_command": {
															"command": [
																"setblock ~ ~-1 ~ nubs:willow_door_tile [\"nubs:direction\": 2, \"nubs:interacted\": true, \"nubs:open_bit\": true, \"nubs:door_hinge_bit\": true]"
															],
															"target": "self"
														}
													},
													{
														"condition": "query.block_property('nubs:direction') == 3",
														"run_command": {
															"command": [
																"setblock ~ ~-1 ~ nubs:willow_door_tile [\"nubs:direction\": 3, \"nubs:interacted\": true, \"nubs:open_bit\": true, \"nubs:door_hinge_bit\": true]"
															],
															"target": "self"
														}
													}
												]
											},
											{
												"condition": "!query.block_property('nubs:door_hinge_bit')",
												"sequence": [
													{
														"condition": "query.block_property('nubs:direction') == 0",
														"run_command": {
															"command": [
																"setblock ~ ~-1 ~ nubs:willow_door_tile [\"nubs:direction\": 0, \"nubs:interacted\": true, \"nubs:open_bit\": true]"
															],
															"target": "self"
														}
													},
													{
														"condition": "query.block_property('nubs:direction') == 1",
														"run_command": {
															"command": [
																"setblock ~ ~-1 ~ nubs:willow_door_tile [\"nubs:direction\": 1, \"nubs:interacted\": true, \"nubs:open_bit\": true]"
															],
															"target": "self"
														}
													},
													{
														"condition": "query.block_property('nubs:direction') == 2",
														"run_command": {
															"command": [
																"setblock ~ ~-1 ~ nubs:willow_door_tile [\"nubs:direction\": 2, \"nubs:interacted\": true, \"nubs:open_bit\": true]"
															],
															"target": "self"
														}
													},
													{
														"condition": "query.block_property('nubs:direction') == 3",
														"run_command": {
															"command": [
																"setblock ~ ~-1 ~ nubs:willow_door_tile [\"nubs:direction\": 3, \"nubs:interacted\": true, \"nubs:open_bit\": true]"
															],
															"target": "self"
														}
													}
												]
											}
										]
									},
									{
										"condition": "query.block_property('nubs:upper_block_bit') && query.block_property('nubs:open_bit') == false",
										"sequence": [
											{
												"run_command": {
													"command": [
														"playsound random.door_open @p ~ ~ ~ 100"
													],
													"target": "self"
												}
											},
											{
												"condition": "query.block_property('nubs:door_hinge_bit')",
												"sequence": [
													{
														"condition": "query.block_property('nubs:direction') == 0",
														"run_command": {
															"command": [
																"setblock ~ ~-1 ~ nubs:willow_door_tile [\"nubs:direction\": 0, \"nubs:interacted\": true, \"nubs:door_hinge_bit\": true]"
															],
															"target": "self"
														}
													},
													{
														"condition": "query.block_property('nubs:direction') == 1",
														"run_command": {
															"command": [
																"setblock ~ ~-1 ~ nubs:willow_door_tile [\"nubs:direction\": 1, \"nubs:interacted\": true, \"nubs:door_hinge_bit\": true]"
															],
															"target": "self"
														}
													},
													{
														"condition": "query.block_property('nubs:direction') == 2",
														"run_command": {
															"command": [
																"setblock ~ ~-1 ~ nubs:willow_door_tile [\"nubs:direction\": 2, \"nubs:interacted\": true, \"nubs:door_hinge_bit\": true]"
															],
															"target": "self"
														}
													},
													{
														"condition": "query.block_property('nubs:direction') == 3",
														"run_command": {
															"command": [
																"setblock ~ ~-1 ~ nubs:willow_door_tile [\"nubs:direction\": 3, \"nubs:interacted\": true, \"nubs:door_hinge_bit\": true]"
															],
															"target": "self"
														}
													}
												]
											},
											{
												"condition": "!query.block_property('nubs:door_hinge_bit')",
												"sequence": [
													{
														"condition": "query.block_property('nubs:direction') == 0",
														"run_command": {
															"command": [
																"setblock ~ ~-1 ~ nubs:willow_door_tile [\"nubs:direction\": 0, \"nubs:interacted\": true]"
															],
															"target": "self"
														}
													},
													{
														"condition": "query.block_property('nubs:direction') == 1",
														"run_command": {
															"command": [
																"setblock ~ ~-1 ~ nubs:willow_door_tile [\"nubs:direction\": 1, \"nubs:interacted\": true]"
															],
															"target": "self"
														}
													},
													{
														"condition": "query.block_property('nubs:direction') == 2",
														"run_command": {
															"command": [
																"setblock ~ ~-1 ~ nubs:willow_door_tile [\"nubs:direction\": 2, \"nubs:interacted\": true]"
															],
															"target": "self"
														}
													},
													{
														"condition": "query.block_property('nubs:direction') == 3",
														"run_command": {
															"command": [
																"setblock ~ ~-1 ~ nubs:willow_door_tile [\"nubs:direction\": 3, \"nubs:interacted\": true]"
															],
															"target": "self"
														}
													}
												]
											}
										]
									}
								]
							},
							"set_update": {
								"sequence": [
									{
										"set_block_property": {
											"nubs:interacted": false,
											"nubs:placed": true
										}
									},
									{
										"condition": "query.block_property('nubs:open_bit') == false && query.block_property('nubs:interacted') == true",
										"sequence": [
											{
												"condition": "query.block_property('nubs:door_hinge_bit') == true",
												"sequence": [
													{
														"set_block_property": {
															"nubs:open_bit": true
														}
													},
													{
														"condition": "query.block_property('nubs:direction') == 0",
														"run_command": {
															"command": [
																"setblock ~ ~1 ~ nubs:willow_door_tile [\"nubs:direction\": 0, \"nubs:upper_block_bit\": true, \"nubs:open_bit\": true, \"nubs:door_hinge_bit\": true]"
															],
															"target": "self"
														}
													},
													{
														"condition": "query.block_property('nubs:direction') == 1",
														"run_command": {
															"command": [
																"setblock ~ ~1 ~ nubs:willow_door_tile [\"nubs:direction\": 1, \"nubs:upper_block_bit\": true, \"nubs:open_bit\": true, \"nubs:door_hinge_bit\": true]"
															],
															"target": "self"
														}
													},
													{
														"condition": "query.block_property('nubs:direction') == 2",
														"run_command": {
															"command": [
																"setblock ~ ~1 ~ nubs:willow_door_tile [\"nubs:direction\": 2, \"nubs:upper_block_bit\": true, \"nubs:open_bit\": true, \"nubs:door_hinge_bit\": true]"
															],
															"target": "self"
														}
													},
													{
														"condition": "query.block_property('nubs:direction') == 3",
														"run_command": {
															"command": [
																"setblock ~ ~1 ~ nubs:willow_door_tile [\"nubs:direction\": 3, \"nubs:upper_block_bit\": true, \"nubs:open_bit\": true, \"nubs:door_hinge_bit\": true]"
															],
															"target": "self"
														}
													}
												]
											},
											{
												"condition": "query.block_property('nubs:door_hinge_bit') == false",
												"sequence": [
													{
														"set_block_property": {
															"nubs:open_bit": true
														}
													},
													{
														"condition": "query.block_property('nubs:direction') == 0",
														"run_command": {
															"command": [
																"setblock ~ ~1 ~ nubs:willow_door_tile [\"nubs:direction\": 0, \"nubs:upper_block_bit\": true, \"nubs:open_bit\": true]"
															],
															"target": "self"
														}
													},
													{
														"condition": "query.block_property('nubs:direction') == 1",
														"run_command": {
															"command": [
																"setblock ~ ~1 ~ nubs:willow_door_tile [\"nubs:direction\": 1, \"nubs:upper_block_bit\": true, \"nubs:open_bit\": true]"
															],
															"target": "self"
														}
													},
													{
														"condition": "query.block_property('nubs:direction') == 2",
														"run_command": {
															"command": [
																"setblock ~ ~1 ~ nubs:willow_door_tile [\"nubs:direction\": 2, \"nubs:upper_block_bit\": true, \"nubs:open_bit\": true]"
															],
															"target": "self"
														}
													},
													{
														"condition": "query.block_property('nubs:direction') == 3",
														"run_command": {
															"command": [
																"setblock ~ ~1 ~ nubs:willow_door_tile [\"nubs:direction\": 3, \"nubs:upper_block_bit\": true, \"nubs:open_bit\": true]"
															],
															"target": "self"
														}
													}
												]
											}
										]
									},
									{
										"condition": "query.block_property('nubs:open_bit') && query.block_property('nubs:interacted') == true",
										"sequence": [
											{
												"condition": "query.block_property('nubs:door_hinge_bit') == true",
												"sequence": [
													{
														"set_block_property": {
															"nubs:open_bit": false
														}
													},
													{
														"condition": "query.block_property('nubs:direction') == 0",
														"run_command": {
															"command": [
																"setblock ~ ~1 ~ nubs:willow_door_tile [\"nubs:direction\": 0, \"nubs:upper_block_bit\": true, \"nubs:open_bit\": false, \"nubs:door_hinge_bit\": true]"
															],
															"target": "self"
														}
													},
													{
														"condition": "query.block_property('nubs:direction') == 1",
														"run_command": {
															"command": [
																"setblock ~ ~1 ~ nubs:willow_door_tile [\"nubs:direction\": 1, \"nubs:upper_block_bit\": true, \"nubs:open_bit\": false, \"nubs:door_hinge_bit\": true]"
															],
															"target": "self"
														}
													},
													{
														"condition": "query.block_property('nubs:direction') == 2",
														"run_command": {
															"command": [
																"setblock ~ ~1 ~ nubs:willow_door_tile [\"nubs:direction\": 2, \"nubs:upper_block_bit\": true, \"nubs:open_bit\": false, \"nubs:door_hinge_bit\": true]"
															],
															"target": "self"
														}
													},
													{
														"condition": "query.block_property('nubs:direction') == 3",
														"run_command": {
															"command": [
																"setblock ~ ~1 ~ nubs:willow_door_tile [\"nubs:direction\": 3, \"nubs:upper_block_bit\": true, \"nubs:open_bit\": false, \"nubs:door_hinge_bit\": true]"
															],
															"target": "self"
														}
													}
												]
											},
											{
												"condition": "query.block_property('nubs:door_hinge_bit') == false",
												"sequence": [
													{
														"set_block_property": {
															"nubs:open_bit": false
														}
													},
													{
														"condition": "query.block_property('nubs:direction') == 0",
														"run_command": {
															"command": [
																"setblock ~ ~1 ~ nubs:willow_door_tile [\"nubs:direction\": 0, \"nubs:upper_block_bit\": true, \"nubs:open_bit\": false]"
															],
															"target": "self"
														}
													},
													{
														"condition": "query.block_property('nubs:direction') == 1",
														"run_command": {
															"command": [
																"setblock ~ ~1 ~ nubs:willow_door_tile [\"nubs:direction\": 1, \"nubs:upper_block_bit\": true, \"nubs:open_bit\": false]"
															],
															"target": "self"
														}
													},
													{
														"condition": "query.block_property('nubs:direction') == 2",
														"run_command": {
															"command": [
																"setblock ~ ~1 ~ nubs:willow_door_tile [\"nubs:direction\": 2, \"nubs:upper_block_bit\": true, \"nubs:open_bit\": false]"
															],
															"target": "self"
														}
													},
													{
														"condition": "query.block_property('nubs:direction') == 3",
														"run_command": {
															"command": [
																"setblock ~ ~1 ~ nubs:willow_door_tile [\"nubs:direction\": 3, \"nubs:upper_block_bit\": true, \"nubs:open_bit\": false]"
															],
															"target": "self"
														}
													}
												]
											}
										]
									}
								]
							}
						}
					}
				]
			}
		]
	}
}