{
	"format_version": "1.20.20",
	"minecraft:block": {
		"description": {
			"identifier": "nubs:load_block_vehicle",
			"menu_category": {
				"group": "commands",
				"category": "commands"
			}
		},
		"components": {
			"minecraft:destructible_by_mining": {
				"seconds_to_destroy": 1
			},
			"minecraft:on_placed": {
				"event": "load"
			}
		},
		"events": {
			"load": {
				"randomize": [
					{
						"weight": 1,
						"run_command": {
							"command": [
								"summon nubs:broken_car"
							]
						},
						"set_block": {
							"block_type": "minecraft:air"
						}
					},
					{
						"weight": 1,
						"run_command": {
							"command": [
								"summon nubs:broken_truck"
							]
						},
						"set_block": {
							"block_type": "minecraft:air"
						}
					},
					{
						"weight": 1,
						"run_command": {
							"command": [
								"summon nubs:broken_motorcycle"
							]
						},
						"set_block": {
							"block_type": "minecraft:air"
						}
					},
					{
						"weight": 1,
						"set_block": {
							"block_type": "minecraft:air"
						}
					}
				]
			}
		}
	}
}