{
	"format_version": "1.20.20",
	"minecraft:block": {
		"description": {
			"identifier": "nubs:load_block_terminant",
			"menu_category": {
				"group": "commands",
				"category": "commands"
			}
		},
		"components": {
			"minecraft:destructible_by_mining": {
				"seconds_to_destroy": 1
			},
			"minecraft:on_placed": {
				"event": "load"
			}
		},
		"events": {
			"load": {
				"run_command": {
					"command": [
						"function terminant"
					]
				},
				"set_block": {
					"block_type": "minecraft:air"
				}
			}
		}
	}
}