{
	"format_version": "1.20.20",
	"minecraft:block": {
		"description": {
			"identifier": "nubs:aloe_vera",
			"menu_category": {
				"group": "commands",
				"category": "commands"
			}
		},
		"components": {
			"minecraft:destructible_by_mining": {
				"seconds_to_destroy": 0.1
			},
			"minecraft:destructible_by_explosion": true,
			"minecraft:flammable": true,
			"minecraft:loot": "loot_tables/blocks/aloe_vera.json",
			"minecraft:material_instances": {
				"*": {
					"texture": "nubs_aloe_vera",
					"render_method": "alpha_test"
				}
			},
			"minecraft:geometry": "geometry.aloe_vera",
			"minecraft:collision_box": false,
			"minecraft:selection_box": {
				"origin": [
					-6,
					0,
					-6
				],
				"size": [
					12,
					16,
					12
				]
			},
			"minecraft:placement_filter": {
				"conditions": [
					{
						"block_filter": [
							"minecraft:dirt",
							"minecraft:grass",
							"minecraft:podzol",
							"nubs:irradiated_dirt",
							"nubs:everglades_grass"
						],
						"allowed_faces": [
							"up"
						]
					}
				]
			}
		},
		"events": {}
	}
}