{
	"format_version": "1.20.20",
	"minecraft:block": {
		"description": {
			"identifier": "nubs:everglades_tulip",
			"menu_category": {
				"category": "commands",
				"group": "commands"
			}
		},
		"components": {
			"minecraft:destructible_by_mining": {
				"seconds_to_destroy": 0.1
			},
			"minecraft:destructible_by_explosion": true,
			"minecraft:flammable": true,
			"minecraft:loot": "loot_tables/blocks/everglades_tulip.json",
			"minecraft:material_instances": {
				"*": {
					"texture": "nubs_everglades_tulip",
					"render_method": "alpha_test"
				}
			},
			"minecraft:geometry": "geometry.shortx",
			"minecraft:collision_box": false,
			"minecraft:selection_box": {
				"origin": [
					-4,
					0,
					-4
				],
				"size": [
					8,
					11,
					8
				]
			},
			"minecraft:placement_filter": {
				"conditions": [
					{
						"block_filter": [
							"minecraft:dirt",
							"minecraft:grass",
							"minecraft:podzol",
							"nubs:everglades_grass"
						],
						"allowed_faces": [
							"up"
						]
					}
				]
			}
		},
		"events": {}
	}
}