{
	"format_version": "1.20.20",
	"minecraft:block": {
		"description": {
			"identifier": "nubs:everglades_moss",
			"menu_category": {
				"group": "itemGroup.name.nature",
				"category": "nature"
			}
		},
		"components": {
			"minecraft:destructible_by_mining": {
				"seconds_to_destroy": 0.1
			},
			"minecraft:destructible_by_explosion": true,
			"minecraft:flammable": true,
			"minecraft:material_instances": {
				"*": {
					"texture": "nubs_everglades_moss",
					"render_method": "alpha_test"
				}
			},
			"minecraft:geometry": "geometry.carpet",
			"minecraft:collision_box": {
				"origin": [
					-8,
					0,
					-8
				],
				"size": [
					16,
					1,
					16
				]
			},
			"minecraft:selection_box": {
				"origin": [
					-8,
					0,
					-8
				],
				"size": [
					16,
					1,
					16
				]
			}
		},
		"events": {}
	}
}