{
	"format_version": "1.20.20",
	"minecraft:block": {
		"description": {
			"identifier": "nubs:load_block_windmill_farm_1",
			"menu_category": {
				"group": "commands",
				"category": "commands"
			}
		},
		"components": {
			"minecraft:destructible_by_mining": {
				"seconds_to_destroy": 1
			},
			"minecraft:on_interact": {
				"event": "load"
			},
			"minecraft:on_placed": {
				"event": "load"
			}
		},
		"events": {
			"load": {
				"run_command": {
					"command": [
						"structure load mystructure:windmill_farm_1 ~-32 ~-3 ~-32",
						"fill ~ ~ ~ ~ ~ ~ air"
					]
				}
			}
		}
	}
}