{
	"format_version": "1.20.20",
	"minecraft:block": {
		"description": {
			"identifier": "nubs:load_block_city",
			"menu_category": {
				"group": "commands",
				"category": "commands"
			}
		},
		"components": {
			"minecraft:on_placed": {
				"event": "switch"
			},
			"minecraft:on_interact": {
				"event": "switch"
			},
			"minecraft:queued_ticking": {
				"interval_range": [
					10,
					10
				],
				"on_tick": {
					"event": "switch"
				}
			},
			"minecraft:placement_filter": {
				"conditions": [
					{
						"block_filter": [
							"minecraft:dirt"
						],
						"allowed_faces": [
							"up"
						]
					}
				]
			}
		},
		"events": {
			"switch": {
				"set_block": {
					"block_type": "nubs:load_block_city_0"
				}
			}
		}
	}
}