{
	"format_version": "1.20.20",
	"minecraft:block": {
		"description": {
			"identifier": "nubs:dead_chair",
			"menu_category": {
				"category": "items",
				"group": "itemGroup.name.bed"
			},
			"states": {
				"nubs:block_rotate": [
					2,
					3,
					4,
					5
				]
			}
		},
		"components": {
			"minecraft:destructible_by_mining": {
				"seconds_to_destroy": 0.5
			},
			"minecraft:destructible_by_explosion": true,
			"minecraft:flammable": true,
			"minecraft:geometry": "geometry.chair",
			"minecraft:material_instances": {
				"*": {
					"texture": "nubs_dead_planks",
					"render_method": "opaque"
				}
			},
			"minecraft:selection_box": {
				"origin": [
					-6,
					0,
					-6
				],
				"size": [
					12,
					10,
					12
				]
			},
			"minecraft:collision_box": {
				"origin": [
					-6,
					0,
					-6
				],
				"size": [
					12,
					10,
					12
				]
			},
			"minecraft:on_interact": {
				"condition": "!query.is_sneaking",
				"event": "seat"
			},
			"minecraft:on_player_placing": {
				"event": "nubs:rotation"
			},
			"minecraft:queued_ticking": {
				"looping": false,
				"interval_range": [
					0,
					0
				],
				"on_tick": {
					"event": "seat"
				}
			}
		},
		"permutations": [
			{
				"condition": "query.block_state('nubs:block_rotate') == 2",
				"components": {
					"minecraft:transformation": {
						"rotation": [
							0,
							180,
							0
						]
					}
				}
			},
			{
				"condition": "query.block_state('nubs:block_rotate') == 3",
				"components": {
					"minecraft:transformation": {
						"rotation": [
							0,
							0,
							0
						]
					}
				}
			},
			{
				"condition": "query.block_state('nubs:block_rotate') == 4",
				"components": {
					"minecraft:transformation": {
						"rotation": [
							0,
							-90,
							0
						]
					}
				}
			},
			{
				"condition": "query.block_state('nubs:block_rotate') == 5",
				"components": {
					"minecraft:transformation": {
						"rotation": [
							0,
							90,
							0
						]
					}
				}
			}
		],
		"events": {
			"in_seat": {
				"sequence": [
					{
						"run_command": {
							"command": [
								"ride @s start_riding @e [type=nubs:seat,r=2] teleport_rider"
							],
							"target": "other"
						}
					}
				]
			},
			"seat": {
				"sequence": [
					{
						"run_command": {
							"command": [
								"summon nubs:seat"
							]
						}
					},
					{
						"trigger": "in_seat"
					}
				]
			},
			"nubs:rotation": {
				"set_block_state": {
					"nubs:block_rotate": "query.cardinal_facing_2d"
				}
			}
		}
	}
}