{
	"format_version": "1.20.20",
	"minecraft:block": {
		"description": {
			"identifier": "nubs:dead_stairs",
			"menu_category": {
				"category": "construction",
				"group": "itemGroup.name.stairs"
			},
			"states": {
				"nubs:direction": [
					0,
					1,
					2,
					3
				],
				"nubs:shape": [
					"straight",
					"inner_right",
					"inner_left",
					"outer_right",
					"outer_left"
				],
				"nubs:upside_down": [
					false,
					true
				],
				"nubs:placed_bit": [
					false,
					true
				]
			}
		},
		"components": {
			"minecraft:destructible_by_mining": {
				"seconds_to_destroy": 2
			},
			"minecraft:destructible_by_explosion": true,
			"minecraft:flammable": true,
			"minecraft:geometry": {
				"identifier": "geometry.custom_stairs",
				"bone_visibility": {
					"normaln": "query.block_state('nubs:direction') == 0 && (query.block_state('nubs:shape') == 'straight' && query.block_state('nubs:upside_down') == false)",
					"upsiden": "query.block_state('nubs:direction') == 0 && (query.block_state('nubs:shape') == 'straight' && query.block_state('nubs:upside_down') == true)",
					"normals": "query.block_state('nubs:direction') == 1 && (query.block_state('nubs:shape') == 'straight' && query.block_state('nubs:upside_down') == false)",
					"upsides": "query.block_state('nubs:direction') == 1 && (query.block_state('nubs:shape') == 'straight' && query.block_state('nubs:upside_down') == true)",
					"normalw": "query.block_state('nubs:direction') == 2 && (query.block_state('nubs:shape') == 'straight' && query.block_state('nubs:upside_down') == false)",
					"upsidew": "query.block_state('nubs:direction') == 2 && (query.block_state('nubs:shape') == 'straight' && query.block_state('nubs:upside_down') == true)",
					"normale": "query.block_state('nubs:direction') == 3 && (query.block_state('nubs:shape') == 'straight' && query.block_state('nubs:upside_down') == false)",
					"upsidee": "query.block_state('nubs:direction') == 3 && (query.block_state('nubs:shape') == 'straight' && query.block_state('nubs:upside_down') == true)",
					"inner_right0": "(query.block_state('nubs:direction') == 0 && (query.block_state('nubs:upside_down') == false && query.block_state('nubs:shape') == 'inner_right')) || (query.block_state('nubs:direction') == 3 && (query.block_state('nubs:upside_down') == false && query.block_state('nubs:shape') == 'inner_left'))",
					"inner_left0": "(query.block_state('nubs:direction') == 0 && (query.block_state('nubs:upside_down') == false && query.block_state('nubs:shape') == 'inner_left')) || (query.block_state('nubs:direction') == 2 && (query.block_state('nubs:upside_down') == false && query.block_state('nubs:shape') == 'inner_right'))",
					"inner_right1": "(query.block_state('nubs:direction') == 1 || query.block_state('nubs:direction') == 3) && (query.block_state('nubs:upside_down') == false && query.block_state('nubs:shape') == 'inner_right')",
					"inner_left1": "(query.block_state('nubs:direction') == 1 || query.block_state('nubs:direction') == 2) && (query.block_state('nubs:upside_down') == false && query.block_state('nubs:shape') == 'inner_left')",
					"outer_right0": "(query.block_state('nubs:direction') == 0 || query.block_state('nubs:direction') == 2) && (query.block_state('nubs:upside_down') == false && query.block_state('nubs:shape') == 'outer_right')",
					"outer_left0": "(query.block_state('nubs:direction') == 0 || query.block_state('nubs:direction') == 3) && (query.block_state('nubs:upside_down') == false && query.block_state('nubs:shape') == 'outer_left')",
					"outer_right1": "(query.block_state('nubs:direction') == 1 && (query.block_state('nubs:upside_down') == false && query.block_state('nubs:shape') == 'outer_right')) || (query.block_state('nubs:direction') == 2 && (query.block_state('nubs:upside_down') == false && query.block_state('nubs:shape') == 'outer_left'))",
					"outer_left1": "(query.block_state('nubs:direction') == 1 && (query.block_state('nubs:upside_down') == false && query.block_state('nubs:shape') == 'outer_left')) || (query.block_state('nubs:direction') == 3 && (query.block_state('nubs:upside_down') == false && query.block_state('nubs:shape') == 'outer_right'))",
					"inner_right0u": "(query.block_state('nubs:direction') == 0 && (query.block_state('nubs:upside_down') == true && query.block_state('nubs:shape') == 'inner_right')) || (query.block_state('nubs:direction') == 3 && (query.block_state('nubs:upside_down') == true && query.block_state('nubs:shape') == 'inner_left'))",
					"inner_left0u": "(query.block_state('nubs:direction') == 0 && (query.block_state('nubs:upside_down') == true && query.block_state('nubs:shape') == 'inner_left')) || (query.block_state('nubs:direction') == 2 && (query.block_state('nubs:upside_down') == true && query.block_state('nubs:shape') == 'inner_right'))",
					"inner_right1u": "(query.block_state('nubs:direction') == 1 || query.block_state('nubs:direction') == 3) && (query.block_state('nubs:upside_down') == true && query.block_state('nubs:shape') == 'inner_right')",
					"inner_left1u": "(query.block_state('nubs:direction') == 1 || query.block_state('nubs:direction') == 2) && (query.block_state('nubs:upside_down') == true && query.block_state('nubs:shape') == 'inner_left')",
					"outer_right0u": "(query.block_state('nubs:direction') == 0 || query.block_state('nubs:direction') == 2) && (query.block_state('nubs:upside_down') == true && query.block_state('nubs:shape') == 'outer_right')",
					"outer_left0u": "(query.block_state('nubs:direction') == 0 || query.block_state('nubs:direction') == 3) && (query.block_state('nubs:upside_down') == true && query.block_state('nubs:shape') == 'outer_left')",
					"outer_right1u": "(query.block_state('nubs:direction') == 1 && (query.block_state('nubs:upside_down') == true && query.block_state('nubs:shape') == 'outer_right')) || (query.block_state('nubs:direction') == 2 && (query.block_state('nubs:upside_down') == true && query.block_state('nubs:shape') == 'outer_left'))",
					"outer_left1u": "(query.block_state('nubs:direction') == 1 && (query.block_state('nubs:upside_down') == true && query.block_state('nubs:shape') == 'outer_left')) || (query.block_state('nubs:direction') == 3 && (query.block_state('nubs:upside_down') == true && query.block_state('nubs:shape') == 'outer_right'))"
				}
			},
			"minecraft:material_instances": {
				"*": {
					"texture": "nubs_dead_planks",
					"render_method": "alpha_test"
				}
			},
			"minecraft:on_player_placing": {
				"event": "direction",
				"target": "self"
			},
			"minecraft:on_placed": {
				"event": "connect",
				"target": "self"
			},
			"minecraft:queued_ticking": {
				"looping": true,
				"interval_range": [
					0,
					0
				],
				"on_tick": {
					"event": "connect",
					"target": "self"
				}
			},
			"tag:stairs": {}
		},
		"permutations": [
			{
				"condition": "query.block_state('nubs:upside_down') == false",
				"components": {
					"minecraft:collision_box": {
						"origin": [
							-7,
							0,
							-7
						],
						"size": [
							14,
							8,
							14
						]
					},
					"minecraft:on_step_on": {
						"event": "nubs:upper_collision",
						"target": "self"
					}
				}
			},
			{
				"condition": "query.block_state('nubs:upside_down') == true",
				"components": {
					"minecraft:collision_box": {
						"origin": [
							-7,
							8,
							-7
						],
						"size": [
							14,
							8,
							14
						]
					}
				}
			},
			{
				"condition": "query.block_state('nubs:shape') != 'straight'",
				"components": {
					"tag:custom_stairs_shape": {}
				}
			},
			{
				"condition": "query.block_state('nubs:direction') == 0",
				"components": {
					"tag:custom_stairs_north": {}
				}
			},
			{
				"condition": "query.block_state('nubs:direction') == 1",
				"components": {
					"tag:custom_stairs_south": {}
				}
			},
			{
				"condition": "query.block_state('nubs:direction') == 2",
				"components": {
					"tag:custom_stairs_west": {}
				}
			},
			{
				"condition": "query.block_state('nubs:direction') == 3",
				"components": {
					"tag:custom_stairs_east": {}
				}
			}
		],
		"events": {
			"direction": {
				"sequence": [
					{
						"set_block_state": {
							"nubs:direction": "query.cardinal_facing_2d-2"
						}
					},
					{
						"condition": "q.is_sneaking==1",
						"set_block_state": {
							"nubs:upside_down": true
						}
					}
				]
			},
			"connect": {
				"sequence": [
					{
						"condition": "q.block_neighbor_has_any_tag(0,0,1,'custom_stairs_east')&&query.block_state('nubs:shape')=='straight'&&query.block_state('nubs:direction')==0",
						"set_block_state": {
							"nubs:shape": "'inner_right'"
						}
					},
					{
						"condition": "!q.block_neighbor_has_any_tag(0,0,1,'custom_stairs_east')&&query.block_state('nubs:shape')=='inner_right'&&query.block_state('nubs:direction')==0",
						"set_block_state": {
							"nubs:shape": "'straight'"
						}
					},
					{
						"condition": "q.block_neighbor_has_any_tag(0,0,1,'custom_stairs_west')&&query.block_state('nubs:shape')=='straight'&&query.block_state('nubs:direction')==0",
						"set_block_state": {
							"nubs:shape": "'inner_left'"
						}
					},
					{
						"condition": "!q.block_neighbor_has_any_tag(0,0,1,'custom_stairs_west')&&query.block_state('nubs:shape')=='inner_left'&&query.block_state('nubs:direction')==0",
						"set_block_state": {
							"nubs:shape": "'straight'"
						}
					},
					{
						"condition": "q.block_neighbor_has_any_tag(0,0,-1,'custom_stairs_west')&&query.block_state('nubs:shape')=='straight'&&query.block_state('nubs:direction')==1",
						"set_block_state": {
							"nubs:shape": "'inner_left'"
						}
					},
					{
						"condition": "!q.block_neighbor_has_any_tag(0,0,-1,'custom_stairs_west')&&query.block_state('nubs:shape')=='inner_left'&&query.block_state('nubs:direction')==1",
						"set_block_state": {
							"nubs:shape": "'straight'"
						}
					},
					{
						"condition": "q.block_neighbor_has_any_tag(0,0,-1,'custom_stairs_east')&&query.block_state('nubs:shape')=='straight'&&query.block_state('nubs:direction')==1",
						"set_block_state": {
							"nubs:shape": "'inner_right'"
						}
					},
					{
						"condition": "!q.block_neighbor_has_any_tag(0,0,-1,'custom_stairs_east')&&query.block_state('nubs:shape')=='inner_right'&&query.block_state('nubs:direction')==1",
						"set_block_state": {
							"nubs:shape": "'straight'"
						}
					},
					{
						"condition": "q.block_neighbor_has_any_tag(1,0,0,'custom_stairs_south')&&query.block_state('nubs:shape')=='straight'&&query.block_state('nubs:direction')==2",
						"set_block_state": {
							"nubs:shape": "'inner_left'"
						}
					},
					{
						"condition": "!q.block_neighbor_has_any_tag(1,0,0,'custom_stairs_south')&&query.block_state('nubs:shape')=='inner_left'&&query.block_state('nubs:direction')==2",
						"set_block_state": {
							"nubs:shape": "'straight'"
						}
					},
					{
						"condition": "q.block_neighbor_has_any_tag(1,0,0,'custom_stairs_north')&&query.block_state('nubs:shape')=='straight'&&query.block_state('nubs:direction')==2",
						"set_block_state": {
							"nubs:shape": "'inner_right'"
						}
					},
					{
						"condition": "!q.block_neighbor_has_any_tag(1,0,0,'custom_stairs_north')&&query.block_state('nubs:shape')=='inner_right'&&query.block_state('nubs:direction')==2",
						"set_block_state": {
							"nubs:shape": "'straight'"
						}
					},
					{
						"condition": "q.block_neighbor_has_any_tag(-1,0,0,'custom_stairs_north')&&query.block_state('nubs:shape')=='straight'&&query.block_state('nubs:direction')==3",
						"set_block_state": {
							"nubs:shape": "'inner_left'"
						}
					},
					{
						"condition": "!q.block_neighbor_has_any_tag(-1,0,0,'custom_stairs_north')&&query.block_state('nubs:shape')=='inner_left'&&query.block_state('nubs:direction')==3",
						"set_block_state": {
							"nubs:shape": "'straight'"
						}
					},
					{
						"condition": "q.block_neighbor_has_any_tag(-1,0,0,'custom_stairs_south')&&query.block_state('nubs:shape')=='straight'&&query.block_state('nubs:direction')==3",
						"set_block_state": {
							"nubs:shape": "'inner_right'"
						}
					},
					{
						"condition": "!q.block_neighbor_has_any_tag(-1,0,0,'custom_stairs_south')&&query.block_state('nubs:shape')=='inner_right'&&query.block_state('nubs:direction')==3",
						"set_block_state": {
							"nubs:shape": "'straight'"
						}
					},
					{
						"condition": "q.block_neighbor_has_any_tag(0,0,-1,'custom_stairs_west')&&query.block_state('nubs:shape')=='straight'&&query.block_state('nubs:direction')==0",
						"set_block_state": {
							"nubs:shape": "'outer_right'"
						}
					},
					{
						"condition": "!q.block_neighbor_has_any_tag(0,0,-1,'custom_stairs_west')&&query.block_state('nubs:shape')=='outer_right'&&query.block_state('nubs:direction')==0",
						"set_block_state": {
							"nubs:shape": "'straight'"
						}
					},
					{
						"condition": "q.block_neighbor_has_any_tag(0,0,-1,'custom_stairs_east')&&query.block_state('nubs:shape')=='straight'&&query.block_state('nubs:direction')==0",
						"set_block_state": {
							"nubs:shape": "'outer_left'"
						}
					},
					{
						"condition": "!q.block_neighbor_has_any_tag(0,0,-1,'custom_stairs_east')&&query.block_state('nubs:shape')=='outer_left'&&query.block_state('nubs:direction')==0",
						"set_block_state": {
							"nubs:shape": "'straight'"
						}
					},
					{
						"condition": "q.block_neighbor_has_any_tag(0,0,1,'custom_stairs_west')&&query.block_state('nubs:shape')=='straight'&&query.block_state('nubs:direction')==1",
						"set_block_state": {
							"nubs:shape": "'outer_right'"
						}
					},
					{
						"condition": "!q.block_neighbor_has_any_tag(0,0,1,'custom_stairs_west')&&query.block_state('nubs:shape')=='outer_right'&&query.block_state('nubs:direction')==1",
						"set_block_state": {
							"nubs:shape": "'straight'"
						}
					},
					{
						"condition": "q.block_neighbor_has_any_tag(0,0,1,'custom_stairs_east')&&query.block_state('nubs:shape')=='straight'&&query.block_state('nubs:direction')==1",
						"set_block_state": {
							"nubs:shape": "'outer_left'"
						}
					},
					{
						"condition": "!q.block_neighbor_has_any_tag(0,0,1,'custom_stairs_east')&&query.block_state('nubs:shape')=='outer_left'&&query.block_state('nubs:direction')==1",
						"set_block_state": {
							"nubs:shape": "'straight'"
						}
					},
					{
						"condition": "q.block_neighbor_has_any_tag(-1,0,0,'custom_stairs_north')&&query.block_state('nubs:shape')=='straight'&&query.block_state('nubs:direction')==2",
						"set_block_state": {
							"nubs:shape": "'outer_right'"
						}
					},
					{
						"condition": "!q.block_neighbor_has_any_tag(-1,0,0,'custom_stairs_north')&&query.block_state('nubs:shape')=='outer_right'&&query.block_state('nubs:direction')==2",
						"set_block_state": {
							"nubs:shape": "'straight'"
						}
					},
					{
						"condition": "q.block_neighbor_has_any_tag(-1,0,0,'custom_stairs_south')&&query.block_state('nubs:shape')=='straight'&&query.block_state('nubs:direction')==2",
						"set_block_state": {
							"nubs:shape": "'outer_left'"
						}
					},
					{
						"condition": "!q.block_neighbor_has_any_tag(-1,0,0,'custom_stairs_south')&&query.block_state('nubs:shape')=='outer_left'&&query.block_state('nubs:direction')==2",
						"set_block_state": {
							"nubs:shape": "'straight'"
						}
					},
					{
						"condition": "q.block_neighbor_has_any_tag(1,0,0,'custom_stairs_south')&&query.block_state('nubs:shape')=='straight'&&query.block_state('nubs:direction')==3",
						"set_block_state": {
							"nubs:shape": "'outer_right'"
						}
					},
					{
						"condition": "!q.block_neighbor_has_any_tag(1,0,0,'custom_stairs_south')&&query.block_state('nubs:shape')=='outer_right'&&query.block_state('nubs:direction')==3",
						"set_block_state": {
							"nubs:shape": "'straight'"
						}
					},
					{
						"condition": "q.block_neighbor_has_any_tag(1,0,0,'custom_stairs_north')&&query.block_state('nubs:shape')=='straight'&&query.block_state('nubs:direction')==3",
						"set_block_state": {
							"nubs:shape": "'outer_left'"
						}
					},
					{
						"condition": "!q.block_neighbor_has_any_tag(1,0,0,'custom_stairs_north')&&query.block_state('nubs:shape')=='outer_left'&&query.block_state('nubs:direction')==3",
						"set_block_state": {
							"nubs:shape": "'straight'"
						}
					}
				]
			},
			"nubs:upper_collision": {
				"sequence": [
					{
						"condition": "query.block_state('nubs:direction')==0",
						"run_command": {
							"command": [
								"setblock ~ ~1 ~ nubs:stairs_collision[\"nubs:direction\"=0]"
							]
						}
					},
					{
						"condition": "query.block_state('nubs:direction')==1",
						"run_command": {
							"command": [
								"setblock ~ ~1 ~ nubs:stairs_collision[\"nubs:direction\"=1]"
							]
						}
					},
					{
						"condition": "query.block_state('nubs:direction')==2",
						"run_command": {
							"command": [
								"setblock ~ ~1 ~ nubs:stairs_collision[\"nubs:direction\"=2]"
							]
						}
					},
					{
						"condition": "query.block_state('nubs:direction')==3",
						"run_command": {
							"command": [
								"setblock ~ ~1 ~ nubs:stairs_collision[\"nubs:direction\"=3]"
							]
						}
					}
				]
			},
			"nubs:remove": {
				"run_command": {
					"command": [
						"fill ~ ~1 ~ ~ ~1 ~ air  replace nubs:stairs_collision"
					]
				}
			}
		}
	}
}