{
	"format_version": "1.20.20",
	"minecraft:block": {
		"description": {
			"identifier": "nubs:dead_boards",
			"menu_category": {
				"group": "itemGroup.name.planks",
				"category": "construction"
			},
			"states": {
				"nubs:direction": [
					0,
					1,
					2,
					3
				]
			}
		},
		"components": {
			"minecraft:destructible_by_mining": {
				"seconds_to_destroy": 0.5
			},
			"minecraft:destructible_by_explosion": true,
			"minecraft:flammable": true,
			"minecraft:geometry": "geometry.boards",
			"minecraft:material_instances": {
				"*": {
					"texture": "nubs_dead_planks",
					"render_method": "opaque"
				}
			},
			"minecraft:placement_filter": {
				"conditions": [
					{
						"allowed_faces": [
							"side"
						]
					}
				]
			},
			"minecraft:collision_box": {
				"origin": [
					-8,
					0,
					6
				],
				"size": [
					16,
					16,
					2
				]
			},
			"minecraft:selection_box": {
				"origin": [
					-8,
					0,
					6
				],
				"size": [
					16,
					16,
					2
				]
			},
			"minecraft:on_player_placing": {
				"event": "facing_direction",
				"target": "self"
			},
			"minecraft:on_placed": {
				"event": "facing_direction",
				"target": "self"
			}
		},
		"permutations": [
			{
				"condition": "query.block_state('nubs:direction') == 0",
				"components": {
					"minecraft:transformation": {
						"rotation": [
							0,
							180,
							0
						]
					}
				}
			},
			{
				"condition": "query.block_state('nubs:direction') == 1",
				"components": {
					"minecraft:transformation": {
						"rotation": [
							0,
							0,
							0
						]
					}
				}
			},
			{
				"condition": "query.block_state('nubs:direction') == 2",
				"components": {
					"minecraft:transformation": {
						"rotation": [
							0,
							-90,
							0
						]
					}
				}
			},
			{
				"condition": "query.block_state('nubs:direction') == 3",
				"components": {
					"minecraft:transformation": {
						"rotation": [
							0,
							90,
							0
						]
					}
				}
			}
		],
		"events": {
			"facing_direction": {
				"set_block_state": {
					"nubs:direction": "query.cardinal_facing_2d-2"
				}
			}
		}
	}
}