{
	"format_version": "1.20.20",
	"minecraft:block": {
		"description": {
			"identifier": "nubs:dead_fence",
			"menu_category": {
				"category": "construction",
				"group": "itemGroup.name.fence"
			},
			"states": {
				"nubs:placed_bit": [
					0,
					1
				],
				"nubs:north": [
					false,
					true
				],
				"nubs:south": [
					false,
					true
				],
				"nubs:west": [
					false,
					true
				],
				"nubs:east": [
					false,
					true
				]
			}
		},
		"components": {
			"minecraft:destructible_by_mining": {
				"seconds_to_destroy": 0.5
			},
			"minecraft:destructible_by_explosion": true,
			"minecraft:flammable": true,
			"minecraft:geometry": {
				"identifier": "geometry.custom_fence",
				"bone_visibility": {
					"render": "query.block_state('nubs:placed_bit') == 0",
					"fence": "query.block_state('nubs:placed_bit') == 1",
					"north": "query.block_state('nubs:north') == true && query.block_state('nubs:placed_bit') == 1",
					"south": "query.block_state('nubs:south') == true && query.block_state('nubs:placed_bit') == 1",
					"west": "query.block_state('nubs:west') == true && query.block_state('nubs:placed_bit') == 1",
					"east": "query.block_state('nubs:east') == true && query.block_state('nubs:placed_bit') == 1"
				}
			},
			"minecraft:material_instances": {
				"*": {
					"texture": "nubs_dead_planks",
					"render_method": "opaque"
				}
			},
			"minecraft:on_player_placing": {
				"event": "placed_bit"
			},
			"minecraft:on_placed": {
				"event": "placed_bit"
			},
			"minecraft:queued_ticking": {
				"looping": true,
				"interval_range": [
					0,
					0
				],
				"on_tick": {
					"event": "detect"
				}
			},
			"tag:custom_fence": {}
		},
		"permutations": [
			{
				"condition": "query.block_state('nubs:north') == false && query.block_state('nubs:south') == false && query.block_state('nubs:west') == false && query.block_state('nubs:east') == false",
				"components": {
					"minecraft:collision_box": {
						"origin": [
							-2,
							0,
							-2
						],
						"size": [
							4,
							16,
							4
						]
					},
					"minecraft:selection_box": {
						"origin": [
							-2,
							0,
							-2
						],
						"size": [
							4,
							16,
							4
						]
					}
				}
			},
			{
				"condition": "query.block_state('nubs:north') == true && query.block_state('nubs:south') == false && query.block_state('nubs:west') == false && query.block_state('nubs:east') == false",
				"components": {
					"minecraft:collision_box": {
						"origin": [
							-2,
							0,
							-8
						],
						"size": [
							4,
							16,
							10
						]
					},
					"minecraft:selection_box": {
						"origin": [
							-2,
							0,
							-8
						],
						"size": [
							4,
							16,
							10
						]
					}
				}
			},
			{
				"condition": "query.block_state('nubs:north') == false && query.block_state('nubs:south') == true && query.block_state('nubs:west') == false && query.block_state('nubs:east') == false",
				"components": {
					"minecraft:collision_box": {
						"origin": [
							-2,
							0,
							-2
						],
						"size": [
							4,
							16,
							10
						]
					},
					"minecraft:selection_box": {
						"origin": [
							-2,
							0,
							-2
						],
						"size": [
							4,
							16,
							10
						]
					}
				}
			},
			{
				"condition": "query.block_state('nubs:north') == false && query.block_state('nubs:south') == false && query.block_state('nubs:west') == false && query.block_state('nubs:east') == true",
				"components": {
					"minecraft:collision_box": {
						"origin": [
							-8,
							0,
							-2
						],
						"size": [
							10,
							16,
							4
						]
					},
					"minecraft:selection_box": {
						"origin": [
							-8,
							0,
							-2
						],
						"size": [
							10,
							16,
							4
						]
					}
				}
			},
			{
				"condition": "query.block_state('nubs:north') == false && query.block_state('nubs:south') == false && query.block_state('nubs:west') == true && query.block_state('nubs:east') == false",
				"components": {
					"minecraft:collision_box": {
						"origin": [
							-2,
							0,
							-2
						],
						"size": [
							10,
							16,
							4
						]
					},
					"minecraft:selection_box": {
						"origin": [
							-2,
							0,
							-2
						],
						"size": [
							10,
							16,
							4
						]
					}
				}
			},
			{
				"condition": "query.block_state('nubs:north') == true && query.block_state('nubs:south') == true && query.block_state('nubs:west') == false && query.block_state('nubs:east') == false",
				"components": {
					"minecraft:collision_box": {
						"origin": [
							-2,
							0,
							-8
						],
						"size": [
							4,
							16,
							16
						]
					},
					"minecraft:selection_box": {
						"origin": [
							-2,
							0,
							-8
						],
						"size": [
							4,
							16,
							16
						]
					}
				}
			},
			{
				"condition": "query.block_state('nubs:north') == false && query.block_state('nubs:south') == false && query.block_state('nubs:west') == true && query.block_state('nubs:east') == true",
				"components": {
					"minecraft:collision_box": {
						"origin": [
							-8,
							0,
							-2
						],
						"size": [
							16,
							16,
							4
						]
					},
					"minecraft:selection_box": {
						"origin": [
							-8,
							0,
							-2
						],
						"size": [
							16,
							16,
							4
						]
					}
				}
			},
			{
				"condition": "query.block_state('nubs:north') == true && query.block_state('nubs:south') == false && query.block_state('nubs:west') == false && query.block_state('nubs:east') == true",
				"components": {
					"minecraft:collision_box": {
						"origin": [
							-2,
							0,
							-2
						],
						"size": [
							4,
							16,
							4
						]
					},
					"minecraft:selection_box": {
						"origin": [
							-8,
							0,
							-8
						],
						"size": [
							10,
							16,
							10
						]
					}
				}
			},
			{
				"condition": "query.block_state('nubs:north') == true && query.block_state('nubs:south') == false && query.block_state('nubs:west') == true && query.block_state('nubs:east') == false",
				"components": {
					"minecraft:collision_box": {
						"origin": [
							-2,
							0,
							-2
						],
						"size": [
							4,
							16,
							4
						]
					},
					"minecraft:selection_box": {
						"origin": [
							-2,
							0,
							-8
						],
						"size": [
							10,
							16,
							10
						]
					}
				}
			},
			{
				"condition": "query.block_state('nubs:north') == false && query.block_state('nubs:south') == true && query.block_state('nubs:west') == false && query.block_state('nubs:east') == true",
				"components": {
					"minecraft:collision_box": {
						"origin": [
							-2,
							0,
							-2
						],
						"size": [
							4,
							16,
							4
						]
					},
					"minecraft:selection_box": {
						"origin": [
							-8,
							0,
							-2
						],
						"size": [
							10,
							16,
							10
						]
					}
				}
			},
			{
				"condition": "query.block_state('nubs:north') == false && query.block_state('nubs:south') == true && query.block_state('nubs:west') == true && query.block_state('nubs:east') == false",
				"components": {
					"minecraft:collision_box": {
						"origin": [
							-2,
							0,
							-2
						],
						"size": [
							4,
							16,
							4
						]
					},
					"minecraft:selection_box": {
						"origin": [
							-2,
							0,
							-2
						],
						"size": [
							10,
							16,
							10
						]
					}
				}
			},
			{
				"condition": "query.block_state('nubs:north') == true && query.block_state('nubs:south') == true && query.block_state('nubs:west') == true && query.block_state('nubs:east') == false",
				"components": {
					"minecraft:collision_box": {
						"origin": [
							-2,
							0,
							-8
						],
						"size": [
							4,
							16,
							16
						]
					},
					"minecraft:selection_box": {
						"origin": [
							-2,
							0,
							-8
						],
						"size": [
							10,
							16,
							16
						]
					}
				}
			},
			{
				"condition": "query.block_state('nubs:north') == true && query.block_state('nubs:south') == true && query.block_state('nubs:west') == false && query.block_state('nubs:east') == true",
				"components": {
					"minecraft:collision_box": {
						"origin": [
							-2,
							0,
							-8
						],
						"size": [
							4,
							16,
							16
						]
					},
					"minecraft:selection_box": {
						"origin": [
							-8,
							0,
							-8
						],
						"size": [
							10,
							16,
							16
						]
					}
				}
			},
			{
				"condition": "query.block_state('nubs:north') == true && query.block_state('nubs:south') == false && query.block_state('nubs:west') == true && query.block_state('nubs:east') == true",
				"components": {
					"minecraft:collision_box": {
						"origin": [
							-8,
							0,
							-2
						],
						"size": [
							16,
							16,
							4
						]
					},
					"minecraft:selection_box": {
						"origin": [
							-8,
							0,
							-8
						],
						"size": [
							16,
							16,
							10
						]
					}
				}
			},
			{
				"condition": "query.block_state('nubs:north') == false && query.block_state('nubs:south') == true && query.block_state('nubs:west') == true && query.block_state('nubs:east') == true",
				"components": {
					"minecraft:collision_box": {
						"origin": [
							-8,
							0,
							-2
						],
						"size": [
							16,
							16,
							4
						]
					},
					"minecraft:selection_box": {
						"origin": [
							-8,
							0,
							-2
						],
						"size": [
							16,
							16,
							10
						]
					}
				}
			},
			{
				"condition": "query.block_state('nubs:north') == true && query.block_state('nubs:south') == true && query.block_state('nubs:west') == true && query.block_state('nubs:east') == true",
				"components": {
					"minecraft:collision_box": {
						"origin": [
							-8,
							0,
							-2
						],
						"size": [
							16,
							16,
							4
						]
					}
				}
			}
		],
		"events": {
			"detect": {
				"sequence": [
					{
						"condition": "query.block_neighbor_has_any_tag(0,0,-1,'custom_fence','metal','wood','stone','wood_pick_diggable','stone_pick_diggable','iron_pick_diggable','diamond_pick_diggable','netherite_pick_diggable','dirt','sand','gravel','grass','snow')",
						"set_block_state": {
							"nubs:north": true
						}
					},
					{
						"condition": "!query.block_neighbor_has_any_tag(0,0,-1,'custom_fence','metal','wood','stone','wood_pick_diggable','stone_pick_diggable','iron_pick_diggable','diamond_pick_diggable','netherite_pick_diggable','dirt','sand','gravel','grass','snow')",
						"set_block_state": {
							"nubs:north": false
						}
					},
					{
						"condition": "query.block_neighbor_has_any_tag(0,0,1,'custom_fence','metal','wood','stone','wood_pick_diggable','stone_pick_diggable','iron_pick_diggable','diamond_pick_diggable','netherite_pick_diggable','dirt','sand','gravel','grass','snow')",
						"set_block_state": {
							"nubs:south": true
						}
					},
					{
						"condition": "!query.block_neighbor_has_any_tag(0,0,1,'custom_fence','metal','wood','stone','wood_pick_diggable','stone_pick_diggable','iron_pick_diggable','diamond_pick_diggable','netherite_pick_diggable','dirt','sand','gravel','grass','snow')",
						"set_block_state": {
							"nubs:south": false
						}
					},
					{
						"condition": "query.block_neighbor_has_any_tag(-1,0,0,'custom_fence','metal','wood','stone','wood_pick_diggable','stone_pick_diggable','iron_pick_diggable','diamond_pick_diggable','netherite_pick_diggable','dirt','sand','gravel','grass','snow')",
						"set_block_state": {
							"nubs:west": true
						}
					},
					{
						"condition": "!query.block_neighbor_has_any_tag(-1,0,0,'custom_fence','metal','wood','stone','wood_pick_diggable','stone_pick_diggable','iron_pick_diggable','diamond_pick_diggable','netherite_pick_diggable','dirt','sand','gravel','grass','snow')",
						"set_block_state": {
							"nubs:west": false
						}
					},
					{
						"condition": "query.block_neighbor_has_any_tag(1,0,0,'custom_fence','metal','wood','stone','wood_pick_diggable','stone_pick_diggable','iron_pick_diggable','diamond_pick_diggable','netherite_pick_diggable','dirt','sand','gravel','grass','snow')",
						"set_block_state": {
							"nubs:east": true
						}
					},
					{
						"condition": "!query.block_neighbor_has_any_tag(1,0,0,'custom_fence','metal','wood','stone','wood_pick_diggable','stone_pick_diggable','iron_pick_diggable','diamond_pick_diggable','netherite_pick_diggable','dirt','sand','gravel','grass','snow')",
						"set_block_state": {
							"nubs:east": false
						}
					}
				]
			},
			"placed_bit": {
				"set_block_state": {
					"nubs:placed_bit": 1
				}
			}
		}
	}
}