{
	"format_version": "1.20.20",
	"minecraft:block": {
		"description": {
			"identifier": "nubs:dead_wood",
			"menu_category": {
				"group": "itemGroup.name.wood",
				"category": "nature"
			},
			"states": {
				"nubs:pillar_axis": [
					0,
					1,
					2
				]
			}
		},
		"components": {
			"minecraft:destructible_by_mining": {
				"seconds_to_destroy": 1
			},
			"minecraft:destructible_by_explosion": true,
			"minecraft:flammable": true,
			"minecraft:unit_cube": {},
			"minecraft:material_instances": {
				"*": {
					"texture": "nubs_dead_log",
					"render_method": "opaque"
				}
			},
			"minecraft:on_player_placing": {
				"event": "facing"
			},
			"minecraft:on_interact": {
				"event": "turn_stripped",
				"condition": "t.stripped=query.block_state('nubs:pillar_axis');return 1&&query.equipped_item_any_tag('slot.weapon.mainhand','minecraft:is_axe');"
			}
		},
		"permutations": [
			{
				"condition": "query.block_state('nubs:pillar_axis') == 1",
				"components": {
					"minecraft:transformation": {
						"rotation": [
							90,
							0,
							0
						]
					}
				}
			},
			{
				"condition": "query.block_state('nubs:pillar_axis') == 2",
				"components": {
					"minecraft:transformation": {
						"rotation": [
							0,
							0,
							90
						]
					}
				}
			}
		],
		"events": {
			"facing": {
				"sequence": [
					{
						"condition": "query.block_face==3||query.block_face==2",
						"set_block_state": {
							"nubs:pillar_axis": 1
						}
					},
					{
						"condition": "query.block_face==4||query.block_face==5",
						"set_block_state": {
							"nubs:pillar_axis": 2
						}
					},
					{
						"condition": "query.block_face==1||query.block_face==0",
						"set_block_state": {
							"nubs:pillar_axis": 0
						}
					}
				]
			},
			"turn_stripped": {
				"sequence": [
					{
						"condition": "t.stripped==0",
						"set_block": {
							"block_type": "nubs:stripped_dead_wood"
						},
						"run_command": {
							"command": [
								"playsound fall.wood @a ~ ~ ~"
							]
						}
					},
					{
						"condition": "t.stripped==1",
						"set_block": {
							"block_type": "nubs:stripped_dead_wood"
						},
						"run_command": {
							"command": [
								"playsound fall.wood @a ~ ~ ~"
							]
						}
					},
					{
						"condition": "t.stripped==2",
						"set_block": {
							"block_type": "nubs:stripped_dead_wood"
						},
						"run_command": {
							"command": [
								"playsound fall.wood @a ~ ~ ~"
							]
						}
					}
				]
			}
		}
	}
}