{
	"format_version": "1.10.0",
	"animation_controllers": {
		"controller.animation.rad": {
			"initial_state": "default",
			"states": {
				"default": {
					"transitions": [
						{
							"gasmask": "query.equipped_item_any_tag('slot.armor.head','gasmask')"
						},
						{
							"rad_suit": "query.equipped_item_any_tag('slot.armor.head','rad_suit')&&query.equipped_item_any_tag('slot.armor.chest','rad_suit')&&query.equipped_item_any_tag('slot.armor.legs','rad_suit')&&query.equipped_item_any_tag('slot.armor.feet','rad_suit')"
						}
					],
					"on_entry": [
						"/event entity @s nubs:no_protection_sensor"
					]
				},
				"gasmask": {
					"transitions": [
						{
							"default": "!query.equipped_item_any_tag('slot.armor.head','gasmask')"
						},
						{
							"rad_suit": "query.equipped_item_any_tag('slot.armor.head','rad_suit')&&query.equipped_item_any_tag('slot.armor.chest','rad_suit')&&query.equipped_item_any_tag('slot.armor.legs','rad_suit')&&query.equipped_item_any_tag('slot.armor.feet','rad_suit')"
						}
					],
					"on_entry": [
						"/event entity @s nubs:gasmask_sensor"
					]
				},
				"rad_suit": {
					"transitions": [
						{
							"default": "!query.equipped_item_any_tag('slot.armor.head','rad_suit')||!query.equipped_item_any_tag('slot.armor.chest','rad_suit')||!query.equipped_item_any_tag('slot.armor.legs','rad_suit')||!query.equipped_item_any_tag('slot.armor.feet','rad_suit')"
						}
					],
					"on_entry": [
						"/event entity @s nubs:rad_suit_sensor"
					]
				}
			}
		}
	}
}