{
	"format_version": "1.10.0",
	"animation_controllers": {
		"controller.animation.gun_scoped": {
			"initial_state": "default",
			"states": {
				"scoped": {
					"on_entry": [
						"/event entity @s nubs:scoped"
					],
					"transitions": [
						{
							"default": "!query.equipped_item_any_tag('slot.weapon.mainhand','scope')||!query.is_sneaking"
						}
					]
				},
				"default": {
					"transitions": [
						{
							"scoped": "query.equipped_item_any_tag('slot.weapon.mainhand','scope')&&query.is_sneaking"
						}
					],
					"on_entry": [
						"/event entity @s nubs:scoped_out"
					]
				}
			}
		}
	}
}