{
	"format_version": "1.10.0",
	"animation_controllers": {
		"controller.animation.scrap_spear.thrown": {
			"initial_state": "default",
			"states": {
				"0": {
					"on_entry": [
						"/loot spawn ~~~ loot \"entities/scrap_spear_0\"",
						"/kill @s"
					]
				},
				"1": {
					"on_entry": [
						"/loot spawn ~~~ loot \"entities/scrap_spear_1\"",
						"/kill @s"
					]
				},
				"2": {
					"on_entry": [
						"/loot spawn ~~~ loot \"entities/scrap_spear_2\"",
						"/kill @s"
					]
				},
				"3": {
					"on_entry": [
						"/loot spawn ~~~ loot \"entities/scrap_spear_3\"",
						"/kill @s"
					]
				},
				"4": {
					"on_entry": [
						"/loot spawn ~~~ loot \"entities/scrap_spear_4\"",
						"/kill @s"
					]
				},
				"5": {
					"on_entry": [
						"/kill @s"
					]
				},
				"default": {
					"transitions": [
						{
							"0": "query.mark_variant==0"
						},
						{
							"1": "query.mark_variant==1"
						},
						{
							"2": "query.mark_variant==2"
						},
						{
							"3": "query.mark_variant==3"
						},
						{
							"4": "query.mark_variant==4"
						},
						{
							"5": "query.mark_variant==5"
						}
					]
				}
			}
		}
	}
}