{
	"file_path": "C:\\Users\\jepco\\AppData\\Local\\Packages\\Microsoft.MinecraftUWP_8wekyb3d8bbwe\\LocalState\\games\\com.mojang\\development_behavior_packs\\WasteLanders BP\\biomes\\meadow.biome.json",
	"file_type": "biome",
	"format_version": 1,
	"file_uuid": "1b5fb0f6_7433_4e82_904c_1034345139d4",
	"file_version": 2,
	"cache_content": {
		"children": [
			{
				"data": "1.13.0",
				"key": "format_version"
			},
			{
				"open": {
					"format_version": "1.13.0",
					"minecraft:biome": {
						"description": {
							"identifier": "meadow"
						},
						"components": {
							"minecraft:climate": {
								"downfall": 0.8,
								"temperature": 0.3
							},
							"minecraft:surface_parameters": {
								"sea_floor_depth": 7,
								"sea_floor_material": "minecraft:gravel",
								"foundation_material": "minecraft:stone",
								"top_material": "nubs:scorched_grass",
								"sea_material": "minecraft:water",
								"mid_material": {
									"name": "minecraft:dirt",
									"states": {
										"dirt_type": "coarse"
									}
								}
							},
							"minecraft:mountain_parameters": {
								"top_slide": {
									"enabled": false
								}
							},
							"minecraft:surface_material_adjustments": {
								"adjustments": [
									{
										"materials": {
											"top_material": "nubs:bloodstone"
										},
										"noise_frequency_scale": 0.0625,
										"noise_range": [
											0.212,
											1
										]
									}
								]
							},
							"monster": {},
							"overworld": {},
							"scorched_lands": {}
						}
					}
				},
				"key": "minecraft:biome",
				"children": [
					{
						"key": "description",
						"is_minified": true,
						"children": {
							"identifier": "meadow"
						}
					},
					{
						"open": {
							"description": {
								"identifier": "meadow"
							},
							"components": {
								"minecraft:climate": {
									"downfall": 0.8,
									"temperature": 0.3
								},
								"minecraft:surface_parameters": {
									"sea_floor_depth": 7,
									"sea_floor_material": "minecraft:gravel",
									"foundation_material": "minecraft:stone",
									"top_material": "nubs:scorched_grass",
									"sea_material": "minecraft:water",
									"mid_material": {
										"name": "minecraft:dirt",
										"states": {
											"dirt_type": "coarse"
										}
									}
								},
								"minecraft:mountain_parameters": {
									"top_slide": {
										"enabled": false
									}
								},
								"minecraft:surface_material_adjustments": {
									"adjustments": [
										{
											"materials": {
												"top_material": "nubs:bloodstone"
											},
											"noise_frequency_scale": 0.0625,
											"noise_range": [
												0.212,
												1
											]
										}
									]
								},
								"monster": {},
								"overworld": {},
								"scorched_lands": {}
							}
						},
						"key": "components",
						"children": [
							{
								"key": "minecraft:climate",
								"is_minified": true,
								"children": {
									"downfall": 0.8,
									"temperature": 0.3
								}
							},
							{
								"open": {
									"minecraft:climate": {
										"downfall": 0.8,
										"temperature": 0.3
									},
									"minecraft:surface_parameters": {
										"sea_floor_depth": 7,
										"sea_floor_material": "minecraft:gravel",
										"foundation_material": "minecraft:stone",
										"top_material": "nubs:scorched_grass",
										"sea_material": "minecraft:water",
										"mid_material": {
											"name": "minecraft:dirt",
											"states": {
												"dirt_type": "coarse"
											}
										}
									},
									"minecraft:mountain_parameters": {
										"top_slide": {
											"enabled": false
										}
									},
									"minecraft:surface_material_adjustments": {
										"adjustments": [
											{
												"materials": {
													"top_material": "nubs:bloodstone"
												},
												"noise_frequency_scale": 0.0625,
												"noise_range": [
													0.212,
													1
												]
											}
										]
									},
									"monster": {},
									"overworld": {},
									"scorched_lands": {}
								},
								"key": "minecraft:surface_parameters",
								"children": [
									{
										"data": "7",
										"key": "sea_floor_depth"
									},
									{
										"data": "minecraft:gravel",
										"key": "sea_floor_material"
									},
									{
										"data": "minecraft:stone",
										"key": "foundation_material"
									},
									{
										"data": "nubs:scorched_grass",
										"key": "top_material"
									},
									{
										"data": "minecraft:water",
										"key": "sea_material"
									},
									{
										"key": "mid_material",
										"children": [
											{
												"data": "minecraft:dirt",
												"key": "name"
											},
											{
												"open": {
													"name": "minecraft:dirt",
													"states": {
														"dirt_type": "coarse"
													}
												},
												"key": "states",
												"is_minified": true,
												"children": {
													"dirt_type": "coarse"
												}
											}
										]
									}
								]
							},
							{
								"key": "minecraft:mountain_parameters",
								"is_minified": true,
								"children": {
									"top_slide": {
										"enabled": false
									}
								}
							},
							{
								"key": "minecraft:surface_material_adjustments",
								"is_minified": true,
								"children": {
									"adjustments": [
										{
											"materials": {
												"top_material": "nubs:bloodstone"
											},
											"noise_frequency_scale": 0.0625,
											"noise_range": [
												0.212,
												1
											]
										}
									]
								}
							},
							{
								"key": "monster",
								"is_minified": true,
								"children": {}
							},
							{
								"key": "overworld",
								"is_minified": true,
								"children": {}
							},
							{
								"key": "scorched_lands",
								"is_minified": true,
								"children": {}
							}
						]
					}
				]
			}
		]
	}
}