{
	"file_path": "C:\\Users\\jepco\\AppData\\Local\\Packages\\Microsoft.MinecraftUWP_8wekyb3d8bbwe\\LocalState\\games\\com.mojang\\development_behavior_packs\\WasteLanders BP\\biomes\\roofed_forest.biome.json",
	"file_type": "biome",
	"format_version": 1,
	"file_uuid": "bc757dcb_a86d_48f7_b4f4_26770685ed53",
	"file_version": 0,
	"cache_content": {
		"children": [
			{
				"data": "1.13.0",
				"key": "format_version"
			},
			{
				"open": {
					"format_version": "1.13.0",
					"minecraft:biome": {
						"description": {
							"identifier": "roofed_forest"
						},
						"components": {
							"minecraft:climate": {
								"downfall": 0.8,
								"snow_accumulation": [
									0,
									0.125
								],
								"temperature": 0.7
							},
							"minecraft:overworld_height": {
								"noise_type": "default"
							},
							"minecraft:surface_parameters": {
								"sea_floor_depth": 7,
								"sea_floor_material": "minecraft:gravel",
								"foundation_material": "minecraft:stone",
								"mid_material": "nubs:irradiated_dirt",
								"sea_material": "minecraft:water",
								"top_material": "nubs:irradiated_dirt"
							},
							"minecraft:overworld_generation_rules": {
								"hills_transformation": "plains",
								"mutate_transformation": "roofed_forest_mutated",
								"generate_for_climates": [
									[
										"medium",
										1
									]
								]
							},
							"minecraft:surface_material_adjustments": {
								"adjustments": [
									{
										"materials": {
											"top_material": {
												"name": "nubs:mud_block"
											}
										},
										"noise_frequency_scale": 0.1,
										"noise_range": [
											0.25,
											1
										]
									}
								]
							},
							"monster": {},
							"overworld": {},
							"wastelands": {}
						}
					}
				},
				"key": "minecraft:biome",
				"children": [
					{
						"key": "description",
						"is_minified": true,
						"children": {
							"identifier": "roofed_forest"
						}
					},
					{
						"open": {
							"description": {
								"identifier": "roofed_forest"
							},
							"components": {
								"minecraft:climate": {
									"downfall": 0.8,
									"snow_accumulation": [
										0,
										0.125
									],
									"temperature": 0.7
								},
								"minecraft:overworld_height": {
									"noise_type": "default"
								},
								"minecraft:surface_parameters": {
									"sea_floor_depth": 7,
									"sea_floor_material": "minecraft:gravel",
									"foundation_material": "minecraft:stone",
									"mid_material": "nubs:irradiated_dirt",
									"sea_material": "minecraft:water",
									"top_material": "nubs:irradiated_dirt"
								},
								"minecraft:overworld_generation_rules": {
									"hills_transformation": "plains",
									"mutate_transformation": "roofed_forest_mutated",
									"generate_for_climates": [
										[
											"medium",
											1
										]
									]
								},
								"minecraft:surface_material_adjustments": {
									"adjustments": [
										{
											"materials": {
												"top_material": {
													"name": "nubs:mud_block"
												}
											},
											"noise_frequency_scale": 0.1,
											"noise_range": [
												0.25,
												1
											]
										}
									]
								},
								"monster": {},
								"overworld": {},
								"wastelands": {}
							}
						},
						"key": "components",
						"children": [
							{
								"key": "minecraft:climate",
								"is_minified": true,
								"children": {
									"downfall": 0.8,
									"snow_accumulation": [
										0,
										0.125
									],
									"temperature": 0.7
								}
							},
							{
								"key": "minecraft:overworld_height",
								"is_minified": true,
								"children": {
									"noise_type": "default"
								}
							},
							{
								"open": {
									"minecraft:climate": {
										"downfall": 0.8,
										"snow_accumulation": [
											0,
											0.125
										],
										"temperature": 0.7
									},
									"minecraft:overworld_height": {
										"noise_type": "default"
									},
									"minecraft:surface_parameters": {
										"sea_floor_depth": 7,
										"sea_floor_material": "minecraft:gravel",
										"foundation_material": "minecraft:stone",
										"mid_material": "nubs:irradiated_dirt",
										"sea_material": "minecraft:water",
										"top_material": "nubs:irradiated_dirt"
									},
									"minecraft:overworld_generation_rules": {
										"hills_transformation": "plains",
										"mutate_transformation": "roofed_forest_mutated",
										"generate_for_climates": [
											[
												"medium",
												1
											]
										]
									},
									"minecraft:surface_material_adjustments": {
										"adjustments": [
											{
												"materials": {
													"top_material": {
														"name": "nubs:mud_block"
													}
												},
												"noise_frequency_scale": 0.1,
												"noise_range": [
													0.25,
													1
												]
											}
										]
									},
									"monster": {},
									"overworld": {},
									"wastelands": {}
								},
								"key": "minecraft:surface_parameters",
								"is_minified": true,
								"children": {
									"sea_floor_depth": 7,
									"sea_floor_material": "minecraft:gravel",
									"foundation_material": "minecraft:stone",
									"mid_material": "nubs:irradiated_dirt",
									"sea_material": "minecraft:water",
									"top_material": "nubs:irradiated_dirt"
								}
							},
							{
								"key": "minecraft:overworld_generation_rules",
								"is_minified": true,
								"children": {
									"hills_transformation": "plains",
									"mutate_transformation": "roofed_forest_mutated",
									"generate_for_climates": [
										[
											"medium",
											1
										]
									]
								}
							},
							{
								"key": "minecraft:surface_material_adjustments",
								"is_minified": true,
								"children": {
									"adjustments": [
										{
											"materials": {
												"top_material": {
													"name": "nubs:mud_block"
												}
											},
											"noise_frequency_scale": 0.1,
											"noise_range": [
												0.25,
												1
											]
										}
									]
								}
							},
							{
								"key": "monster",
								"is_minified": true,
								"children": {}
							},
							{
								"key": "overworld",
								"is_minified": true,
								"children": {}
							},
							{
								"key": "wastelands",
								"is_minified": true,
								"children": {}
							}
						]
					}
				]
			}
		]
	}
}