{
	"file_path": "C:\\Users\\jepco\\AppData\\Local\\Packages\\Microsoft.MinecraftUWP_8wekyb3d8bbwe\\LocalState\\games\\com.mojang\\development_behavior_packs\\WasteLanders BP\\biomes\\roofed_forest_mutated.biome.json",
	"file_type": "biome",
	"format_version": 1,
	"file_uuid": "c2a69045_fc77_4c54_87ab_07c01f2a18cb",
	"file_version": 0,
	"cache_content": {
		"children": [
			{
				"data": "1.13.0",
				"key": "format_version"
			},
			{
				"open": {
					"format_version": "1.13.0",
					"minecraft:biome": {
						"description": {
							"identifier": "roofed_forest_mutated"
						},
						"components": {
							"minecraft:climate": {
								"downfall": 0.8,
								"snow_accumulation": [
									0,
									0.125
								],
								"temperature": 0.7
							},
							"minecraft:overworld_height": {
								"noise_type": "default_mutated"
							},
							"minecraft:surface_parameters": {
								"sea_floor_depth": 7,
								"sea_floor_material": "minecraft:gravel",
								"foundation_material": "minecraft:stone",
								"mid_material": "nubs:irradiated_dirt",
								"sea_material": "minecraft:water",
								"top_material": "nubs:irradiated_dirt"
							},
							"minecraft:surface_material_adjustments": {
								"adjustments": [
									{
										"materials": {
											"top_material": {
												"name": "nubs:mud_block"
											}
										},
										"noise_frequency_scale": 0.1,
										"noise_range": [
											0.25,
											1
										]
									}
								]
							},
							"monster": {},
							"overworld": {},
							"wastelands": {}
						}
					}
				},
				"key": "minecraft:biome",
				"children": [
					{
						"key": "description",
						"is_minified": true,
						"children": {
							"identifier": "roofed_forest_mutated"
						}
					},
					{
						"open": {
							"description": {
								"identifier": "roofed_forest_mutated"
							},
							"components": {
								"minecraft:climate": {
									"downfall": 0.8,
									"snow_accumulation": [
										0,
										0.125
									],
									"temperature": 0.7
								},
								"minecraft:overworld_height": {
									"noise_type": "default_mutated"
								},
								"minecraft:surface_parameters": {
									"sea_floor_depth": 7,
									"sea_floor_material": "minecraft:gravel",
									"foundation_material": "minecraft:stone",
									"mid_material": "nubs:irradiated_dirt",
									"sea_material": "minecraft:water",
									"top_material": "nubs:irradiated_dirt"
								},
								"minecraft:surface_material_adjustments": {
									"adjustments": [
										{
											"materials": {
												"top_material": {
													"name": "nubs:mud_block"
												}
											},
											"noise_frequency_scale": 0.1,
											"noise_range": [
												0.25,
												1
											]
										}
									]
								},
								"monster": {},
								"overworld": {},
								"wastelands": {}
							}
						},
						"key": "components",
						"is_minified": true,
						"children": {
							"minecraft:climate": {
								"downfall": 0.8,
								"snow_accumulation": [
									0,
									0.125
								],
								"temperature": 0.7
							},
							"minecraft:overworld_height": {
								"noise_type": "default_mutated"
							},
							"minecraft:surface_parameters": {
								"sea_floor_depth": 7,
								"sea_floor_material": "minecraft:gravel",
								"foundation_material": "minecraft:stone",
								"mid_material": "nubs:irradiated_dirt",
								"sea_material": "minecraft:water",
								"top_material": "nubs:irradiated_dirt"
							},
							"minecraft:surface_material_adjustments": {
								"adjustments": [
									{
										"materials": {
											"top_material": {
												"name": "nubs:mud_block"
											}
										},
										"noise_frequency_scale": 0.1,
										"noise_range": [
											0.25,
											1
										]
									}
								]
							},
							"monster": {},
							"overworld": {},
							"wastelands": {}
						}
					}
				]
			}
		]
	}
}