{
	"file_path": "C:\\Users\\jepco\\AppData\\Local\\Packages\\Microsoft.MinecraftUWP_8wekyb3d8bbwe\\LocalState\\games\\com.mojang\\development_behavior_packs\\WasteLanders BP\\biomes\\sunflower_plains.biome.json",
	"file_type": "biome",
	"format_version": 1,
	"file_uuid": "541a0da5_8a95_402a_8924_bcb6f808fa54",
	"file_version": 1,
	"cache_content": {
		"children": [
			{
				"data": "1.13.0",
				"key": "format_version"
			},
			{
				"open": {
					"format_version": "1.13.0",
					"minecraft:biome": {
						"description": {
							"identifier": "sunflower_plains"
						},
						"components": {
							"minecraft:climate": {
								"downfall": 0.8,
								"temperature": 0.3
							},
							"minecraft:surface_parameters": {
								"sea_floor_depth": 7,
								"sea_floor_material": "minecraft:gravel",
								"foundation_material": "minecraft:stone",
								"top_material": "nubs:scorched_grass",
								"sea_material": "minecraft:water",
								"mid_material": {
									"name": "minecraft:dirt",
									"states": {
										"dirt_type": "coarse"
									}
								}
							},
							"minecraft:overworld_height": {
								"noise_type": "lowlands"
							},
							"minecraft:surface_material_adjustments": {
								"adjustments": [
									{
										"materials": {
											"top_material": "nubs:bloodstone"
										},
										"noise_frequency_scale": 0.0625,
										"noise_range": [
											0.212,
											1
										]
									}
								]
							},
							"monster": {},
							"overworld": {},
							"scorched_lands": {}
						}
					}
				},
				"key": "minecraft:biome",
				"children": [
					{
						"key": "description",
						"is_minified": true,
						"children": {
							"identifier": "sunflower_plains"
						}
					},
					{
						"open": {
							"description": {
								"identifier": "sunflower_plains"
							},
							"components": {
								"minecraft:climate": {
									"downfall": 0.8,
									"temperature": 0.3
								},
								"minecraft:surface_parameters": {
									"sea_floor_depth": 7,
									"sea_floor_material": "minecraft:gravel",
									"foundation_material": "minecraft:stone",
									"top_material": "nubs:scorched_grass",
									"sea_material": "minecraft:water",
									"mid_material": {
										"name": "minecraft:dirt",
										"states": {
											"dirt_type": "coarse"
										}
									}
								},
								"minecraft:overworld_height": {
									"noise_type": "lowlands"
								},
								"minecraft:surface_material_adjustments": {
									"adjustments": [
										{
											"materials": {
												"top_material": "nubs:bloodstone"
											},
											"noise_frequency_scale": 0.0625,
											"noise_range": [
												0.212,
												1
											]
										}
									]
								},
								"monster": {},
								"overworld": {},
								"scorched_lands": {}
							}
						},
						"key": "components",
						"is_minified": true,
						"children": {
							"minecraft:climate": {
								"downfall": 0.8,
								"temperature": 0.3
							},
							"minecraft:surface_parameters": {
								"sea_floor_depth": 7,
								"sea_floor_material": "minecraft:gravel",
								"foundation_material": "minecraft:stone",
								"top_material": "nubs:scorched_grass",
								"sea_material": "minecraft:water",
								"mid_material": {
									"name": "minecraft:dirt",
									"states": {
										"dirt_type": "coarse"
									}
								}
							},
							"minecraft:overworld_height": {
								"noise_type": "lowlands"
							},
							"minecraft:surface_material_adjustments": {
								"adjustments": [
									{
										"materials": {
											"top_material": "nubs:bloodstone"
										},
										"noise_frequency_scale": 0.0625,
										"noise_range": [
											0.212,
											1
										]
									}
								]
							},
							"monster": {},
							"overworld": {},
							"scorched_lands": {}
						}
					}
				]
			}
		]
	}
}