{
	"format_version": "1.16.100",
	"minecraft:block": {
		"description": {
			"identifier": "nubs:auto_stone",
			"is_experimental": false,
			"register_to_creative_menu": true
		},
		"components": {
			"minecraft:destroy_time": 2,
			"minecraft:friction": 0.6,
			"minecraft:map_color": "#FFFFFF",
			"minecraft:flammable": {
				"flame_odds": 0,
				"burn_odds": 0
			},
			"minecraft:block_light_absorption": 15,
			"minecraft:block_light_emission": 0,
			"minecraft:explosion_resistance": 6,
			"minecraft:ticking": {
				"range": [
					0.5,
					0.5
				],
				"on_tick": {
					"event": "auto"
				}
			},
			"minecraft:creative_category": {
				"group": "commands",
				"category": "commands"
			}
		},
		"events": {
			"auto": {
				"randomize": [
					{
						"weight": 3,
						"run_command": {
							"command": [
								"fill ~ ~ ~ ~ ~ ~ stone 0"
							]
						}
					},
					{
						"set_block": {
							"block_type": "nubs:dirty_stone"
						},
						"weight": 3
					},
					{
						"set_block": {
							"block_type": "minecraft:air"
						},
						"weight": 1
					}
				]
			}
		}
	}
}