{
	"file_path": "C:\\Users\\jepco\\AppData\\Local\\Packages\\Microsoft.MinecraftUWP_8wekyb3d8bbwe\\LocalState\\games\\com.mojang\\development_behavior_packs\\WasteLanders BP\\entities\\player.json",
	"file_type": "entity",
	"format_version": 1,
	"file_uuid": "063dd460_62f7_4088_8da5_7d23fa244f9e",
	"file_version": 37,
	"cache_content": {
		"children": [
			{
				"data": "1.17.0",
				"key": "format_version"
			},
			{
				"open": {
					"format_version": "1.17.0",
					"minecraft:entity": {
						"description": {
							"is_spawnable": false,
							"is_summonable": false,
							"is_experimental": false,
							"identifier": "minecraft:player"
						},
						"component_groups": {
							"minecraft:add_bad_omen": {
								"minecraft:spell_effects": {
									"add_effects": [
										{
											"effect": "bad_omen",
											"duration": 6000,
											"display_on_screen_animation": true
										}
									]
								},
								"minecraft:timer": {
									"time": [
										0,
										0
									],
									"looping": false,
									"time_down_event": {
										"event": "minecraft:clear_add_bad_omen",
										"target": "self"
									}
								}
							},
							"minecraft:clear_bad_omen_spell_effect": {
								"minecraft:spell_effects": {}
							},
							"minecraft:raid_trigger": {
								"minecraft:raid_trigger": {
									"triggered_event": {
										"event": "minecraft:remove_raid_trigger",
										"target": "self"
									}
								},
								"minecraft:spell_effects": {
									"remove_effects": "bad_omen"
								}
							},
							"lit_cigarette": {
								"minecraft:is_sheared": {}
							}
						},
						"components": {
							"minecraft:experience_reward": {
								"on_death": "Math.Min(query.player_level * 7, 100)"
							},
							"minecraft:type_family": {
								"family": [
									"player"
								]
							},
							"minecraft:is_hidden_when_invisible": {},
							"minecraft:loot": {
								"table": "loot_tables/empty.json"
							},
							"minecraft:collision_box": {
								"width": 0.6,
								"height": 1.8
							},
							"minecraft:can_climb": {},
							"minecraft:movement": {
								"value": 0.1
							},
							"minecraft:hurt_on_condition": {
								"damage_conditions": [
									{
										"filters": {
											"test": "in_lava",
											"subject": "self",
											"operator": "==",
											"value": true
										},
										"cause": "lava",
										"damage_per_tick": 4
									}
								]
							},
							"minecraft:attack": {
								"damage": 1
							},
							"minecraft:player.saturation": {
								"value": 20
							},
							"minecraft:player.exhaustion": {
								"value": 0,
								"max": 4
							},
							"minecraft:player.level": {
								"value": 0,
								"max": 24791
							},
							"minecraft:player.experience": {
								"value": 0,
								"max": 1
							},
							"minecraft:breathable": {
								"total_supply": 15,
								"suffocate_time": -1,
								"inhale_time": 3.75,
								"generates_bubbles": false
							},
							"minecraft:nameable": {
								"always_show": true,
								"allow_name_tag_renaming": false
							},
							"minecraft:physics": {},
							"minecraft:pushable": {
								"is_pushable": false,
								"is_pushable_by_piston": true
							},
							"minecraft:insomnia": {
								"days_until_insomnia": 3
							},
							"minecraft:rideable": {
								"seat_count": 2,
								"family_types": [
									"parrot_tame"
								],
								"pull_in_entities": true,
								"seats": [
									{
										"position": [
											0.4,
											-0.2,
											-0.1
										],
										"min_rider_count": 0,
										"max_rider_count": 0,
										"lock_rider_rotation": 0
									},
									{
										"position": [
											-0.4,
											-0.2,
											-0.1
										],
										"min_rider_count": 1,
										"max_rider_count": 2,
										"lock_rider_rotation": 0
									}
								]
							},
							"minecraft:conditional_bandwidth_optimization": {},
							"minecraft:scaffolding_climber": {},
							"minecraft:environment_sensor": {
								"triggers": [
									{
										"filters": {
											"all_of": [
												{
													"test": "has_mob_effect",
													"subject": "self",
													"value": "bad_omen"
												},
												{
													"test": "is_in_village",
													"subject": "self",
													"value": true
												}
											]
										},
										"event": "minecraft:trigger_raid"
									},
									{
										"event": "gasmask",
										"target": "self"
									},
									{
										"event": "rad_rain",
										"target": "self"
									},
									{
										"event": "rad_suit",
										"target": "self"
									}
								]
							},
							"minecraft:jump.dynamic": {}
						},
						"events": {
							"minecraft:gain_bad_omen": {
								"add": {
									"component_groups": [
										"minecraft:add_bad_omen"
									]
								}
							},
							"minecraft:clear_add_bad_omen": {
								"remove": {
									"component_groups": [
										"minecraft:add_bad_omen"
									]
								},
								"add": {
									"component_groups": [
										"minecraft:clear_bad_omen_spell_effect"
									]
								}
							},
							"minecraft:trigger_raid": {
								"add": {
									"component_groups": [
										"minecraft:raid_trigger"
									]
								}
							},
							"minecraft:remove_raid_trigger": {
								"remove": {
									"component_groups": [
										"minecraft:raid_trigger"
									]
								}
							},
							"lit_cigarette": {
								"add": {
									"component_groups": [
										"lit_cigarette"
									]
								}
							},
							"put_out_cigarette": {
								"remove": {
									"component_groups": [
										"lit_cigarette"
									]
								}
							},
							"gasmask": {
								"sequence": [
									{
										"filters": {
											"any_of": [
												{
													"test": "has_equipment",
													"operator": "==",
													"subject": "self",
													"value": "nubs:gasmask",
													"domain": "head"
												}
											]
										},
										"run_command": {
											"command": [
												"execute @a[m=!1] ~ ~ ~ detect ~ ~-1 ~ nubs:scorched_grass 0 scoreboard players remove @s timer 1",
												"execute @a[m=!1] ~ ~ ~ detect ~ ~-1 ~ nubs:irradiated_dirt 0 scoreboard players remove @s timer 1"
											]
										}
									}
								]
							},
							"rad_suit": {
								"sequence": [
									{
										"filters": {
											"all_of": [
												{
													"test": "has_equipment",
													"operator": "==",
													"subject": "self",
													"value": "nubs:rad_helmet",
													"domain": "head"
												},
												{
													"test": "has_equipment",
													"operator": "==",
													"subject": "self",
													"value": "nubs:rad_chestplate",
													"domain": "torso"
												},
												{
													"test": "has_equipment",
													"operator": "==",
													"subject": "self",
													"value": "nubs:rad_leggings",
													"domain": "leg"
												},
												{
													"test": "has_equipment",
													"operator": "==",
													"subject": "self",
													"value": "nubs:rad_boots",
													"domain": "feet"
												}
											]
										},
										"run_command": {
											"command": [
												"execute @a[m=!1] ~ ~ ~ detect ~ ~-1 ~ nubs:scorched_grass 0 scoreboard players remove @s timer 1",
												"execute @a[m=!1] ~ ~ ~ detect ~ ~-1 ~ nubs:irradiated_dirt 0 scoreboard players remove @s timer 1"
											]
										}
									}
								]
							},
							"rad_rain": {
								"sequence": [
									{
										"filters": {
											"all_of": [
												{
													"test": "in_water_or_rain",
													"operator": "==",
													"subject": "self"
												},
												{
													"any_of": [
														{
															"test": "has_equipment",
															"operator": "!=",
															"subject": "self",
															"value": "nubs:rad_helmet",
															"domain": "head"
														},
														{
															"test": "has_equipment",
															"operator": "!=",
															"subject": "self",
															"value": "nubs:rad_chestplate",
															"domain": "torso"
														},
														{
															"test": "has_equipment",
															"operator": "!=",
															"subject": "self",
															"value": "nubs:rad_leggings",
															"domain": "leg"
														},
														{
															"test": "has_equipment",
															"operator": "!=",
															"subject": "self",
															"value": "nubs:rad_boots",
															"domain": "feet"
														}
													]
												}
											]
										},
										"run_command": {
											"command": [
												"scoreboard players add @s [m=s] timer 1"
											]
										}
									}
								]
							}
						}
					}
				},
				"key": "minecraft:entity",
				"children": [
					{
						"key": "description",
						"is_minified": true,
						"children": {
							"is_spawnable": false,
							"is_summonable": false,
							"is_experimental": false,
							"identifier": "minecraft:player"
						}
					},
					{
						"key": "component_groups",
						"is_minified": true,
						"children": {
							"minecraft:add_bad_omen": {
								"minecraft:spell_effects": {
									"add_effects": [
										{
											"effect": "bad_omen",
											"duration": 6000,
											"display_on_screen_animation": true
										}
									]
								},
								"minecraft:timer": {
									"time": [
										0,
										0
									],
									"looping": false,
									"time_down_event": {
										"event": "minecraft:clear_add_bad_omen",
										"target": "self"
									}
								}
							},
							"minecraft:clear_bad_omen_spell_effect": {
								"minecraft:spell_effects": {}
							},
							"minecraft:raid_trigger": {
								"minecraft:raid_trigger": {
									"triggered_event": {
										"event": "minecraft:remove_raid_trigger",
										"target": "self"
									}
								},
								"minecraft:spell_effects": {
									"remove_effects": "bad_omen"
								}
							},
							"lit_cigarette": {
								"minecraft:is_sheared": {}
							}
						}
					},
					{
						"open": {
							"description": {
								"is_spawnable": false,
								"is_summonable": false,
								"is_experimental": false,
								"identifier": "minecraft:player"
							},
							"component_groups": {
								"minecraft:add_bad_omen": {
									"minecraft:spell_effects": {
										"add_effects": [
											{
												"effect": "bad_omen",
												"duration": 6000,
												"display_on_screen_animation": true
											}
										]
									},
									"minecraft:timer": {
										"time": [
											0,
											0
										],
										"looping": false,
										"time_down_event": {
											"event": "minecraft:clear_add_bad_omen",
											"target": "self"
										}
									}
								},
								"minecraft:clear_bad_omen_spell_effect": {
									"minecraft:spell_effects": {}
								},
								"minecraft:raid_trigger": {
									"minecraft:raid_trigger": {
										"triggered_event": {
											"event": "minecraft:remove_raid_trigger",
											"target": "self"
										}
									},
									"minecraft:spell_effects": {
										"remove_effects": "bad_omen"
									}
								},
								"lit_cigarette": {
									"minecraft:is_sheared": {}
								}
							},
							"components": {
								"minecraft:experience_reward": {
									"on_death": "Math.Min(query.player_level * 7, 100)"
								},
								"minecraft:type_family": {
									"family": [
										"player"
									]
								},
								"minecraft:is_hidden_when_invisible": {},
								"minecraft:loot": {
									"table": "loot_tables/empty.json"
								},
								"minecraft:collision_box": {
									"width": 0.6,
									"height": 1.8
								},
								"minecraft:can_climb": {},
								"minecraft:movement": {
									"value": 0.1
								},
								"minecraft:hurt_on_condition": {
									"damage_conditions": [
										{
											"filters": {
												"test": "in_lava",
												"subject": "self",
												"operator": "==",
												"value": true
											},
											"cause": "lava",
											"damage_per_tick": 4
										}
									]
								},
								"minecraft:attack": {
									"damage": 1
								},
								"minecraft:player.saturation": {
									"value": 20
								},
								"minecraft:player.exhaustion": {
									"value": 0,
									"max": 4
								},
								"minecraft:player.level": {
									"value": 0,
									"max": 24791
								},
								"minecraft:player.experience": {
									"value": 0,
									"max": 1
								},
								"minecraft:breathable": {
									"total_supply": 15,
									"suffocate_time": -1,
									"inhale_time": 3.75,
									"generates_bubbles": false
								},
								"minecraft:nameable": {
									"always_show": true,
									"allow_name_tag_renaming": false
								},
								"minecraft:physics": {},
								"minecraft:pushable": {
									"is_pushable": false,
									"is_pushable_by_piston": true
								},
								"minecraft:insomnia": {
									"days_until_insomnia": 3
								},
								"minecraft:rideable": {
									"seat_count": 2,
									"family_types": [
										"parrot_tame"
									],
									"pull_in_entities": true,
									"seats": [
										{
											"position": [
												0.4,
												-0.2,
												-0.1
											],
											"min_rider_count": 0,
											"max_rider_count": 0,
											"lock_rider_rotation": 0
										},
										{
											"position": [
												-0.4,
												-0.2,
												-0.1
											],
											"min_rider_count": 1,
											"max_rider_count": 2,
											"lock_rider_rotation": 0
										}
									]
								},
								"minecraft:conditional_bandwidth_optimization": {},
								"minecraft:scaffolding_climber": {},
								"minecraft:environment_sensor": {
									"triggers": [
										{
											"filters": {
												"all_of": [
													{
														"test": "has_mob_effect",
														"subject": "self",
														"value": "bad_omen"
													},
													{
														"test": "is_in_village",
														"subject": "self",
														"value": true
													}
												]
											},
											"event": "minecraft:trigger_raid"
										},
										{
											"event": "gasmask",
											"target": "self"
										},
										{
											"event": "rad_rain",
											"target": "self"
										},
										{
											"event": "rad_suit",
											"target": "self"
										}
									]
								},
								"minecraft:jump.dynamic": {}
							},
							"events": {
								"minecraft:gain_bad_omen": {
									"add": {
										"component_groups": [
											"minecraft:add_bad_omen"
										]
									}
								},
								"minecraft:clear_add_bad_omen": {
									"remove": {
										"component_groups": [
											"minecraft:add_bad_omen"
										]
									},
									"add": {
										"component_groups": [
											"minecraft:clear_bad_omen_spell_effect"
										]
									}
								},
								"minecraft:trigger_raid": {
									"add": {
										"component_groups": [
											"minecraft:raid_trigger"
										]
									}
								},
								"minecraft:remove_raid_trigger": {
									"remove": {
										"component_groups": [
											"minecraft:raid_trigger"
										]
									}
								},
								"lit_cigarette": {
									"add": {
										"component_groups": [
											"lit_cigarette"
										]
									}
								},
								"put_out_cigarette": {
									"remove": {
										"component_groups": [
											"lit_cigarette"
										]
									}
								},
								"gasmask": {
									"sequence": [
										{
											"filters": {
												"any_of": [
													{
														"test": "has_equipment",
														"operator": "==",
														"subject": "self",
														"value": "nubs:gasmask",
														"domain": "head"
													}
												]
											},
											"run_command": {
												"command": [
													"execute @a[m=!1] ~ ~ ~ detect ~ ~-1 ~ nubs:scorched_grass 0 scoreboard players remove @s timer 1",
													"execute @a[m=!1] ~ ~ ~ detect ~ ~-1 ~ nubs:irradiated_dirt 0 scoreboard players remove @s timer 1"
												]
											}
										}
									]
								},
								"rad_suit": {
									"sequence": [
										{
											"filters": {
												"all_of": [
													{
														"test": "has_equipment",
														"operator": "==",
														"subject": "self",
														"value": "nubs:rad_helmet",
														"domain": "head"
													},
													{
														"test": "has_equipment",
														"operator": "==",
														"subject": "self",
														"value": "nubs:rad_chestplate",
														"domain": "torso"
													},
													{
														"test": "has_equipment",
														"operator": "==",
														"subject": "self",
														"value": "nubs:rad_leggings",
														"domain": "leg"
													},
													{
														"test": "has_equipment",
														"operator": "==",
														"subject": "self",
														"value": "nubs:rad_boots",
														"domain": "feet"
													}
												]
											},
											"run_command": {
												"command": [
													"execute @a[m=!1] ~ ~ ~ detect ~ ~-1 ~ nubs:scorched_grass 0 scoreboard players remove @s timer 1",
													"execute @a[m=!1] ~ ~ ~ detect ~ ~-1 ~ nubs:irradiated_dirt 0 scoreboard players remove @s timer 1"
												]
											}
										}
									]
								},
								"rad_rain": {
									"sequence": [
										{
											"filters": {
												"all_of": [
													{
														"test": "in_water_or_rain",
														"operator": "==",
														"subject": "self"
													},
													{
														"any_of": [
															{
																"test": "has_equipment",
																"operator": "!=",
																"subject": "self",
																"value": "nubs:rad_helmet",
																"domain": "head"
															},
															{
																"test": "has_equipment",
																"operator": "!=",
																"subject": "self",
																"value": "nubs:rad_chestplate",
																"domain": "torso"
															},
															{
																"test": "has_equipment",
																"operator": "!=",
																"subject": "self",
																"value": "nubs:rad_leggings",
																"domain": "leg"
															},
															{
																"test": "has_equipment",
																"operator": "!=",
																"subject": "self",
																"value": "nubs:rad_boots",
																"domain": "feet"
															}
														]
													}
												]
											},
											"run_command": {
												"command": [
													"scoreboard players add @s [m=s] timer 1"
												]
											}
										}
									]
								}
							}
						},
						"key": "components",
						"is_minified": true,
						"children": {
							"minecraft:experience_reward": {
								"on_death": "Math.Min(query.player_level * 7, 100)"
							},
							"minecraft:type_family": {
								"family": [
									"player"
								]
							},
							"minecraft:is_hidden_when_invisible": {},
							"minecraft:loot": {
								"table": "loot_tables/empty.json"
							},
							"minecraft:collision_box": {
								"width": 0.6,
								"height": 1.8
							},
							"minecraft:can_climb": {},
							"minecraft:movement": {
								"value": 0.1
							},
							"minecraft:hurt_on_condition": {
								"damage_conditions": [
									{
										"filters": {
											"test": "in_lava",
											"subject": "self",
											"operator": "==",
											"value": true
										},
										"cause": "lava",
										"damage_per_tick": 4
									}
								]
							},
							"minecraft:attack": {
								"damage": 1
							},
							"minecraft:player.saturation": {
								"value": 20
							},
							"minecraft:player.exhaustion": {
								"value": 0,
								"max": 4
							},
							"minecraft:player.level": {
								"value": 0,
								"max": 24791
							},
							"minecraft:player.experience": {
								"value": 0,
								"max": 1
							},
							"minecraft:breathable": {
								"total_supply": 15,
								"suffocate_time": -1,
								"inhale_time": 3.75,
								"generates_bubbles": false
							},
							"minecraft:nameable": {
								"always_show": true,
								"allow_name_tag_renaming": false
							},
							"minecraft:physics": {},
							"minecraft:pushable": {
								"is_pushable": false,
								"is_pushable_by_piston": true
							},
							"minecraft:insomnia": {
								"days_until_insomnia": 3
							},
							"minecraft:rideable": {
								"seat_count": 2,
								"family_types": [
									"parrot_tame"
								],
								"pull_in_entities": true,
								"seats": [
									{
										"position": [
											0.4,
											-0.2,
											-0.1
										],
										"min_rider_count": 0,
										"max_rider_count": 0,
										"lock_rider_rotation": 0
									},
									{
										"position": [
											-0.4,
											-0.2,
											-0.1
										],
										"min_rider_count": 1,
										"max_rider_count": 2,
										"lock_rider_rotation": 0
									}
								]
							},
							"minecraft:conditional_bandwidth_optimization": {},
							"minecraft:scaffolding_climber": {},
							"minecraft:environment_sensor": {
								"triggers": [
									{
										"filters": {
											"all_of": [
												{
													"test": "has_mob_effect",
													"subject": "self",
													"value": "bad_omen"
												},
												{
													"test": "is_in_village",
													"subject": "self",
													"value": true
												}
											]
										},
										"event": "minecraft:trigger_raid"
									},
									{
										"event": "gasmask",
										"target": "self"
									},
									{
										"event": "rad_rain",
										"target": "self"
									},
									{
										"event": "rad_suit",
										"target": "self"
									}
								]
							},
							"minecraft:jump.dynamic": {}
						}
					},
					{
						"open": {
							"description": {
								"is_spawnable": false,
								"is_summonable": false,
								"is_experimental": false,
								"identifier": "minecraft:player"
							},
							"component_groups": {
								"minecraft:add_bad_omen": {
									"minecraft:spell_effects": {
										"add_effects": [
											{
												"effect": "bad_omen",
												"duration": 6000,
												"display_on_screen_animation": true
											}
										]
									},
									"minecraft:timer": {
										"time": [
											0,
											0
										],
										"looping": false,
										"time_down_event": {
											"event": "minecraft:clear_add_bad_omen",
											"target": "self"
										}
									}
								},
								"minecraft:clear_bad_omen_spell_effect": {
									"minecraft:spell_effects": {}
								},
								"minecraft:raid_trigger": {
									"minecraft:raid_trigger": {
										"triggered_event": {
											"event": "minecraft:remove_raid_trigger",
											"target": "self"
										}
									},
									"minecraft:spell_effects": {
										"remove_effects": "bad_omen"
									}
								},
								"lit_cigarette": {
									"minecraft:is_sheared": {}
								}
							},
							"components": {
								"minecraft:experience_reward": {
									"on_death": "Math.Min(query.player_level * 7, 100)"
								},
								"minecraft:type_family": {
									"family": [
										"player"
									]
								},
								"minecraft:is_hidden_when_invisible": {},
								"minecraft:loot": {
									"table": "loot_tables/empty.json"
								},
								"minecraft:collision_box": {
									"width": 0.6,
									"height": 1.8
								},
								"minecraft:can_climb": {},
								"minecraft:movement": {
									"value": 0.1
								},
								"minecraft:hurt_on_condition": {
									"damage_conditions": [
										{
											"filters": {
												"test": "in_lava",
												"subject": "self",
												"operator": "==",
												"value": true
											},
											"cause": "lava",
											"damage_per_tick": 4
										}
									]
								},
								"minecraft:attack": {
									"damage": 1
								},
								"minecraft:player.saturation": {
									"value": 20
								},
								"minecraft:player.exhaustion": {
									"value": 0,
									"max": 4
								},
								"minecraft:player.level": {
									"value": 0,
									"max": 24791
								},
								"minecraft:player.experience": {
									"value": 0,
									"max": 1
								},
								"minecraft:breathable": {
									"total_supply": 15,
									"suffocate_time": -1,
									"inhale_time": 3.75,
									"generates_bubbles": false
								},
								"minecraft:nameable": {
									"always_show": true,
									"allow_name_tag_renaming": false
								},
								"minecraft:physics": {},
								"minecraft:pushable": {
									"is_pushable": false,
									"is_pushable_by_piston": true
								},
								"minecraft:insomnia": {
									"days_until_insomnia": 3
								},
								"minecraft:rideable": {
									"seat_count": 2,
									"family_types": [
										"parrot_tame"
									],
									"pull_in_entities": true,
									"seats": [
										{
											"position": [
												0.4,
												-0.2,
												-0.1
											],
											"min_rider_count": 0,
											"max_rider_count": 0,
											"lock_rider_rotation": 0
										},
										{
											"position": [
												-0.4,
												-0.2,
												-0.1
											],
											"min_rider_count": 1,
											"max_rider_count": 2,
											"lock_rider_rotation": 0
										}
									]
								},
								"minecraft:conditional_bandwidth_optimization": {},
								"minecraft:scaffolding_climber": {},
								"minecraft:environment_sensor": {
									"triggers": [
										{
											"filters": {
												"all_of": [
													{
														"test": "has_mob_effect",
														"subject": "self",
														"value": "bad_omen"
													},
													{
														"test": "is_in_village",
														"subject": "self",
														"value": true
													}
												]
											},
											"event": "minecraft:trigger_raid"
										},
										{
											"event": "gasmask",
											"target": "self"
										},
										{
											"event": "rad_rain",
											"target": "self"
										},
										{
											"event": "rad_suit",
											"target": "self"
										}
									]
								},
								"minecraft:jump.dynamic": {}
							},
							"events": {
								"minecraft:gain_bad_omen": {
									"add": {
										"component_groups": [
											"minecraft:add_bad_omen"
										]
									}
								},
								"minecraft:clear_add_bad_omen": {
									"remove": {
										"component_groups": [
											"minecraft:add_bad_omen"
										]
									},
									"add": {
										"component_groups": [
											"minecraft:clear_bad_omen_spell_effect"
										]
									}
								},
								"minecraft:trigger_raid": {
									"add": {
										"component_groups": [
											"minecraft:raid_trigger"
										]
									}
								},
								"minecraft:remove_raid_trigger": {
									"remove": {
										"component_groups": [
											"minecraft:raid_trigger"
										]
									}
								},
								"lit_cigarette": {
									"add": {
										"component_groups": [
											"lit_cigarette"
										]
									}
								},
								"put_out_cigarette": {
									"remove": {
										"component_groups": [
											"lit_cigarette"
										]
									}
								},
								"gasmask": {
									"sequence": [
										{
											"filters": {
												"any_of": [
													{
														"test": "has_equipment",
														"operator": "==",
														"subject": "self",
														"value": "nubs:gasmask",
														"domain": "head"
													}
												]
											},
											"run_command": {
												"command": [
													"execute @a[m=!1] ~ ~ ~ detect ~ ~-1 ~ nubs:scorched_grass 0 scoreboard players remove @s timer 1",
													"execute @a[m=!1] ~ ~ ~ detect ~ ~-1 ~ nubs:irradiated_dirt 0 scoreboard players remove @s timer 1"
												]
											}
										}
									]
								},
								"rad_suit": {
									"sequence": [
										{
											"filters": {
												"all_of": [
													{
														"test": "has_equipment",
														"operator": "==",
														"subject": "self",
														"value": "nubs:rad_helmet",
														"domain": "head"
													},
													{
														"test": "has_equipment",
														"operator": "==",
														"subject": "self",
														"value": "nubs:rad_chestplate",
														"domain": "torso"
													},
													{
														"test": "has_equipment",
														"operator": "==",
														"subject": "self",
														"value": "nubs:rad_leggings",
														"domain": "leg"
													},
													{
														"test": "has_equipment",
														"operator": "==",
														"subject": "self",
														"value": "nubs:rad_boots",
														"domain": "feet"
													}
												]
											},
											"run_command": {
												"command": [
													"execute @a[m=!1] ~ ~ ~ detect ~ ~-1 ~ nubs:scorched_grass 0 scoreboard players remove @s timer 1",
													"execute @a[m=!1] ~ ~ ~ detect ~ ~-1 ~ nubs:irradiated_dirt 0 scoreboard players remove @s timer 1"
												]
											}
										}
									]
								},
								"rad_rain": {
									"sequence": [
										{
											"filters": {
												"all_of": [
													{
														"test": "in_water_or_rain",
														"operator": "==",
														"subject": "self"
													},
													{
														"any_of": [
															{
																"test": "has_equipment",
																"operator": "!=",
																"subject": "self",
																"value": "nubs:rad_helmet",
																"domain": "head"
															},
															{
																"test": "has_equipment",
																"operator": "!=",
																"subject": "self",
																"value": "nubs:rad_chestplate",
																"domain": "torso"
															},
															{
																"test": "has_equipment",
																"operator": "!=",
																"subject": "self",
																"value": "nubs:rad_leggings",
																"domain": "leg"
															},
															{
																"test": "has_equipment",
																"operator": "!=",
																"subject": "self",
																"value": "nubs:rad_boots",
																"domain": "feet"
															}
														]
													}
												]
											},
											"run_command": {
												"command": [
													"scoreboard players add @s [m=s] timer 1"
												]
											}
										}
									]
								}
							}
						},
						"key": "events",
						"children": [
							{
								"key": "minecraft:gain_bad_omen",
								"is_minified": true,
								"children": {
									"add": {
										"component_groups": [
											"minecraft:add_bad_omen"
										]
									}
								}
							},
							{
								"key": "minecraft:clear_add_bad_omen",
								"is_minified": true,
								"children": {
									"remove": {
										"component_groups": [
											"minecraft:add_bad_omen"
										]
									},
									"add": {
										"component_groups": [
											"minecraft:clear_bad_omen_spell_effect"
										]
									}
								}
							},
							{
								"key": "minecraft:trigger_raid",
								"is_minified": true,
								"children": {
									"add": {
										"component_groups": [
											"minecraft:raid_trigger"
										]
									}
								}
							},
							{
								"key": "minecraft:remove_raid_trigger",
								"is_minified": true,
								"children": {
									"remove": {
										"component_groups": [
											"minecraft:raid_trigger"
										]
									}
								}
							},
							{
								"key": "lit_cigarette",
								"is_minified": true,
								"children": {
									"add": {
										"component_groups": [
											"lit_cigarette"
										]
									}
								}
							},
							{
								"key": "put_out_cigarette",
								"is_minified": true,
								"children": {
									"remove": {
										"component_groups": [
											"lit_cigarette"
										]
									}
								}
							},
							{
								"key": "gasmask",
								"children": [
									{
										"open": {
											"sequence": [
												{
													"filters": {
														"any_of": [
															{
																"test": "has_equipment",
																"operator": "==",
																"subject": "self",
																"value": "nubs:gasmask",
																"domain": "head"
															}
														]
													},
													"run_command": {
														"command": [
															"execute @a[m=!1] ~ ~ ~ detect ~ ~-1 ~ nubs:scorched_grass 0 scoreboard players remove @s timer 1",
															"execute @a[m=!1] ~ ~ ~ detect ~ ~-1 ~ nubs:irradiated_dirt 0 scoreboard players remove @s timer 1"
														]
													}
												}
											]
										},
										"key": "sequence",
										"children": [
											{
												"open": [
													{
														"filters": {
															"any_of": [
																{
																	"test": "has_equipment",
																	"operator": "==",
																	"subject": "self",
																	"value": "nubs:gasmask",
																	"domain": "head"
																}
															]
														},
														"run_command": {
															"command": [
																"execute @a[m=!1] ~ ~ ~ detect ~ ~-1 ~ nubs:scorched_grass 0 scoreboard players remove @s timer 1",
																"execute @a[m=!1] ~ ~ ~ detect ~ ~-1 ~ nubs:irradiated_dirt 0 scoreboard players remove @s timer 1"
															]
														}
													}
												],
												"children": [
													{
														"key": "filters",
														"is_minified": true,
														"children": {
															"any_of": [
																{
																	"test": "has_equipment",
																	"operator": "==",
																	"subject": "self",
																	"value": "nubs:gasmask",
																	"domain": "head"
																}
															]
														}
													},
													{
														"open": {
															"filters": {
																"any_of": [
																	{
																		"test": "has_equipment",
																		"operator": "==",
																		"subject": "self",
																		"value": "nubs:gasmask",
																		"domain": "head"
																	}
																]
															},
															"run_command": {
																"command": [
																	"execute @a[m=!1] ~ ~ ~ detect ~ ~-1 ~ nubs:scorched_grass 0 scoreboard players remove @s timer 1",
																	"execute @a[m=!1] ~ ~ ~ detect ~ ~-1 ~ nubs:irradiated_dirt 0 scoreboard players remove @s timer 1"
																]
															}
														},
														"key": "run_command",
														"children": [
															{
																"open": {
																	"command": [
																		"execute @a[m=!1] ~ ~ ~ detect ~ ~-1 ~ nubs:scorched_grass 0 scoreboard players remove @s timer 1",
																		"execute @a[m=!1] ~ ~ ~ detect ~ ~-1 ~ nubs:irradiated_dirt 0 scoreboard players remove @s timer 1"
																	]
																},
																"key": "command",
																"is_minified": true,
																"children": [
																	"execute @a[m=!1] ~ ~ ~ detect ~ ~-1 ~ nubs:scorched_grass 0 scoreboard players remove @s timer 1",
																	"execute @a[m=!1] ~ ~ ~ detect ~ ~-1 ~ nubs:irradiated_dirt 0 scoreboard players remove @s timer 1"
																]
															}
														]
													}
												]
											}
										]
									}
								]
							},
							{
								"key": "rad_suit",
								"children": [
									{
										"open": {
											"sequence": [
												{
													"filters": {
														"all_of": [
															{
																"test": "has_equipment",
																"operator": "==",
																"subject": "self",
																"value": "nubs:rad_helmet",
																"domain": "head"
															},
															{
																"test": "has_equipment",
																"operator": "==",
																"subject": "self",
																"value": "nubs:rad_chestplate",
																"domain": "torso"
															},
															{
																"test": "has_equipment",
																"operator": "==",
																"subject": "self",
																"value": "nubs:rad_leggings",
																"domain": "leg"
															},
															{
																"test": "has_equipment",
																"operator": "==",
																"subject": "self",
																"value": "nubs:rad_boots",
																"domain": "feet"
															}
														]
													},
													"run_command": {
														"command": [
															"execute @a[m=!1] ~ ~ ~ detect ~ ~-1 ~ nubs:scorched_grass 0 scoreboard players remove @s timer 1",
															"execute @a[m=!1] ~ ~ ~ detect ~ ~-1 ~ nubs:irradiated_dirt 0 scoreboard players remove @s timer 1"
														]
													}
												}
											]
										},
										"key": "sequence",
										"children": [
											{
												"open": [
													{
														"filters": {
															"all_of": [
																{
																	"test": "has_equipment",
																	"operator": "==",
																	"subject": "self",
																	"value": "nubs:rad_helmet",
																	"domain": "head"
																},
																{
																	"test": "has_equipment",
																	"operator": "==",
																	"subject": "self",
																	"value": "nubs:rad_chestplate",
																	"domain": "torso"
																},
																{
																	"test": "has_equipment",
																	"operator": "==",
																	"subject": "self",
																	"value": "nubs:rad_leggings",
																	"domain": "leg"
																},
																{
																	"test": "has_equipment",
																	"operator": "==",
																	"subject": "self",
																	"value": "nubs:rad_boots",
																	"domain": "feet"
																}
															]
														},
														"run_command": {
															"command": [
																"execute @a[m=!1] ~ ~ ~ detect ~ ~-1 ~ nubs:scorched_grass 0 scoreboard players remove @s timer 1",
																"execute @a[m=!1] ~ ~ ~ detect ~ ~-1 ~ nubs:irradiated_dirt 0 scoreboard players remove @s timer 1"
															]
														}
													}
												],
												"children": [
													{
														"key": "filters",
														"is_minified": true,
														"children": {
															"all_of": [
																{
																	"test": "has_equipment",
																	"operator": "==",
																	"subject": "self",
																	"value": "nubs:rad_helmet",
																	"domain": "head"
																},
																{
																	"test": "has_equipment",
																	"operator": "==",
																	"subject": "self",
																	"value": "nubs:rad_chestplate",
																	"domain": "torso"
																},
																{
																	"test": "has_equipment",
																	"operator": "==",
																	"subject": "self",
																	"value": "nubs:rad_leggings",
																	"domain": "leg"
																},
																{
																	"test": "has_equipment",
																	"operator": "==",
																	"subject": "self",
																	"value": "nubs:rad_boots",
																	"domain": "feet"
																}
															]
														}
													},
													{
														"open": {
															"filters": {
																"all_of": [
																	{
																		"test": "has_equipment",
																		"operator": "==",
																		"subject": "self",
																		"value": "nubs:rad_helmet",
																		"domain": "head"
																	},
																	{
																		"test": "has_equipment",
																		"operator": "==",
																		"subject": "self",
																		"value": "nubs:rad_chestplate",
																		"domain": "torso"
																	},
																	{
																		"test": "has_equipment",
																		"operator": "==",
																		"subject": "self",
																		"value": "nubs:rad_leggings",
																		"domain": "leg"
																	},
																	{
																		"test": "has_equipment",
																		"operator": "==",
																		"subject": "self",
																		"value": "nubs:rad_boots",
																		"domain": "feet"
																	}
																]
															},
															"run_command": {
																"command": [
																	"execute @a[m=!1] ~ ~ ~ detect ~ ~-1 ~ nubs:scorched_grass 0 scoreboard players remove @s timer 1",
																	"execute @a[m=!1] ~ ~ ~ detect ~ ~-1 ~ nubs:irradiated_dirt 0 scoreboard players remove @s timer 1"
																]
															}
														},
														"key": "run_command",
														"children": [
															{
																"open": {
																	"command": [
																		"execute @a[m=!1] ~ ~ ~ detect ~ ~-1 ~ nubs:scorched_grass 0 scoreboard players remove @s timer 1",
																		"execute @a[m=!1] ~ ~ ~ detect ~ ~-1 ~ nubs:irradiated_dirt 0 scoreboard players remove @s timer 1"
																	]
																},
																"key": "command",
																"is_minified": true,
																"children": [
																	"execute @a[m=!1] ~ ~ ~ detect ~ ~-1 ~ nubs:scorched_grass 0 scoreboard players remove @s timer 1",
																	"execute @a[m=!1] ~ ~ ~ detect ~ ~-1 ~ nubs:irradiated_dirt 0 scoreboard players remove @s timer 1"
																]
															}
														]
													}
												]
											}
										]
									}
								]
							},
							{
								"open": {
									"minecraft:gain_bad_omen": {
										"add": {
											"component_groups": [
												"minecraft:add_bad_omen"
											]
										}
									},
									"minecraft:clear_add_bad_omen": {
										"remove": {
											"component_groups": [
												"minecraft:add_bad_omen"
											]
										},
										"add": {
											"component_groups": [
												"minecraft:clear_bad_omen_spell_effect"
											]
										}
									},
									"minecraft:trigger_raid": {
										"add": {
											"component_groups": [
												"minecraft:raid_trigger"
											]
										}
									},
									"minecraft:remove_raid_trigger": {
										"remove": {
											"component_groups": [
												"minecraft:raid_trigger"
											]
										}
									},
									"lit_cigarette": {
										"add": {
											"component_groups": [
												"lit_cigarette"
											]
										}
									},
									"put_out_cigarette": {
										"remove": {
											"component_groups": [
												"lit_cigarette"
											]
										}
									},
									"gasmask": {
										"sequence": [
											{
												"filters": {
													"any_of": [
														{
															"test": "has_equipment",
															"operator": "==",
															"subject": "self",
															"value": "nubs:gasmask",
															"domain": "head"
														}
													]
												},
												"run_command": {
													"command": [
														"execute @a[m=!1] ~ ~ ~ detect ~ ~-1 ~ nubs:scorched_grass 0 scoreboard players remove @s timer 1",
														"execute @a[m=!1] ~ ~ ~ detect ~ ~-1 ~ nubs:irradiated_dirt 0 scoreboard players remove @s timer 1"
													]
												}
											}
										]
									},
									"rad_suit": {
										"sequence": [
											{
												"filters": {
													"all_of": [
														{
															"test": "has_equipment",
															"operator": "==",
															"subject": "self",
															"value": "nubs:rad_helmet",
															"domain": "head"
														},
														{
															"test": "has_equipment",
															"operator": "==",
															"subject": "self",
															"value": "nubs:rad_chestplate",
															"domain": "torso"
														},
														{
															"test": "has_equipment",
															"operator": "==",
															"subject": "self",
															"value": "nubs:rad_leggings",
															"domain": "leg"
														},
														{
															"test": "has_equipment",
															"operator": "==",
															"subject": "self",
															"value": "nubs:rad_boots",
															"domain": "feet"
														}
													]
												},
												"run_command": {
													"command": [
														"execute @a[m=!1] ~ ~ ~ detect ~ ~-1 ~ nubs:scorched_grass 0 scoreboard players remove @s timer 1",
														"execute @a[m=!1] ~ ~ ~ detect ~ ~-1 ~ nubs:irradiated_dirt 0 scoreboard players remove @s timer 1"
													]
												}
											}
										]
									},
									"rad_rain": {
										"sequence": [
											{
												"filters": {
													"all_of": [
														{
															"test": "in_water_or_rain",
															"operator": "==",
															"subject": "self"
														},
														{
															"any_of": [
																{
																	"test": "has_equipment",
																	"operator": "!=",
																	"subject": "self",
																	"value": "nubs:rad_helmet",
																	"domain": "head"
																},
																{
																	"test": "has_equipment",
																	"operator": "!=",
																	"subject": "self",
																	"value": "nubs:rad_chestplate",
																	"domain": "torso"
																},
																{
																	"test": "has_equipment",
																	"operator": "!=",
																	"subject": "self",
																	"value": "nubs:rad_leggings",
																	"domain": "leg"
																},
																{
																	"test": "has_equipment",
																	"operator": "!=",
																	"subject": "self",
																	"value": "nubs:rad_boots",
																	"domain": "feet"
																}
															]
														}
													]
												},
												"run_command": {
													"command": [
														"scoreboard players add @s [m=s] timer 1"
													]
												}
											}
										]
									}
								},
								"key": "rad_rain",
								"children": [
									{
										"open": {
											"sequence": [
												{
													"filters": {
														"all_of": [
															{
																"test": "in_water_or_rain",
																"operator": "==",
																"subject": "self"
															},
															{
																"any_of": [
																	{
																		"test": "has_equipment",
																		"operator": "!=",
																		"subject": "self",
																		"value": "nubs:rad_helmet",
																		"domain": "head"
																	},
																	{
																		"test": "has_equipment",
																		"operator": "!=",
																		"subject": "self",
																		"value": "nubs:rad_chestplate",
																		"domain": "torso"
																	},
																	{
																		"test": "has_equipment",
																		"operator": "!=",
																		"subject": "self",
																		"value": "nubs:rad_leggings",
																		"domain": "leg"
																	},
																	{
																		"test": "has_equipment",
																		"operator": "!=",
																		"subject": "self",
																		"value": "nubs:rad_boots",
																		"domain": "feet"
																	}
																]
															}
														]
													},
													"run_command": {
														"command": [
															"scoreboard players add @s [m=s] timer 1"
														]
													}
												}
											]
										},
										"key": "sequence",
										"children": [
											{
												"open": [
													{
														"filters": {
															"all_of": [
																{
																	"test": "in_water_or_rain",
																	"operator": "==",
																	"subject": "self"
																},
																{
																	"any_of": [
																		{
																			"test": "has_equipment",
																			"operator": "!=",
																			"subject": "self",
																			"value": "nubs:rad_helmet",
																			"domain": "head"
																		},
																		{
																			"test": "has_equipment",
																			"operator": "!=",
																			"subject": "self",
																			"value": "nubs:rad_chestplate",
																			"domain": "torso"
																		},
																		{
																			"test": "has_equipment",
																			"operator": "!=",
																			"subject": "self",
																			"value": "nubs:rad_leggings",
																			"domain": "leg"
																		},
																		{
																			"test": "has_equipment",
																			"operator": "!=",
																			"subject": "self",
																			"value": "nubs:rad_boots",
																			"domain": "feet"
																		}
																	]
																}
															]
														},
														"run_command": {
															"command": [
																"scoreboard players add @s [m=s] timer 1"
															]
														}
													}
												],
												"children": [
													{
														"open": {
															"filters": {
																"all_of": [
																	{
																		"test": "in_water_or_rain",
																		"operator": "==",
																		"subject": "self"
																	},
																	{
																		"any_of": [
																			{
																				"test": "has_equipment",
																				"operator": "!=",
																				"subject": "self",
																				"value": "nubs:rad_helmet",
																				"domain": "head"
																			},
																			{
																				"test": "has_equipment",
																				"operator": "!=",
																				"subject": "self",
																				"value": "nubs:rad_chestplate",
																				"domain": "torso"
																			},
																			{
																				"test": "has_equipment",
																				"operator": "!=",
																				"subject": "self",
																				"value": "nubs:rad_leggings",
																				"domain": "leg"
																			},
																			{
																				"test": "has_equipment",
																				"operator": "!=",
																				"subject": "self",
																				"value": "nubs:rad_boots",
																				"domain": "feet"
																			}
																		]
																	}
																]
															},
															"run_command": {
																"command": [
																	"scoreboard players add @s [m=s] timer 1"
																]
															}
														},
														"key": "filters",
														"children": [
															{
																"open": {
																	"all_of": [
																		{
																			"test": "in_water_or_rain",
																			"operator": "==",
																			"subject": "self"
																		},
																		{
																			"any_of": [
																				{
																					"test": "has_equipment",
																					"operator": "!=",
																					"subject": "self",
																					"value": "nubs:rad_helmet",
																					"domain": "head"
																				},
																				{
																					"test": "has_equipment",
																					"operator": "!=",
																					"subject": "self",
																					"value": "nubs:rad_chestplate",
																					"domain": "torso"
																				},
																				{
																					"test": "has_equipment",
																					"operator": "!=",
																					"subject": "self",
																					"value": "nubs:rad_leggings",
																					"domain": "leg"
																				},
																				{
																					"test": "has_equipment",
																					"operator": "!=",
																					"subject": "self",
																					"value": "nubs:rad_boots",
																					"domain": "feet"
																				}
																			]
																		}
																	]
																},
																"key": "all_of",
																"is_minified": true,
																"children": [
																	{
																		"test": "in_water_or_rain",
																		"operator": "==",
																		"subject": "self"
																	},
																	{
																		"any_of": [
																			{
																				"test": "has_equipment",
																				"operator": "!=",
																				"subject": "self",
																				"value": "nubs:rad_helmet",
																				"domain": "head"
																			},
																			{
																				"test": "has_equipment",
																				"operator": "!=",
																				"subject": "self",
																				"value": "nubs:rad_chestplate",
																				"domain": "torso"
																			},
																			{
																				"test": "has_equipment",
																				"operator": "!=",
																				"subject": "self",
																				"value": "nubs:rad_leggings",
																				"domain": "leg"
																			},
																			{
																				"test": "has_equipment",
																				"operator": "!=",
																				"subject": "self",
																				"value": "nubs:rad_boots",
																				"domain": "feet"
																			}
																		]
																	}
																]
															}
														]
													},
													{
														"key": "run_command",
														"is_minified": true,
														"children": {
															"command": [
																"scoreboard players add @s [m=s] timer 1"
															]
														}
													}
												]
											}
										]
									}
								]
							}
						]
					}
				]
			}
		]
	}
}