{
	"file_path": "C:\\Users\\jepco\\AppData\\Local\\Packages\\Microsoft.MinecraftUWP_8wekyb3d8bbwe\\LocalState\\games\\com.mojang\\development_behavior_packs\\WasteLanders BP\\blocks\\scorched_lands\\nubs_scorched_grass_short.json",
	"file_type": "block",
	"format_version": 1,
	"file_uuid": "c29798ae_6188_4c32_8b99_d68fd1303334",
	"file_version": 0,
	"cache_content": {
		"children": [
			{
				"data": "1.16.100",
				"key": "format_version"
			},
			{
				"open": {
					"format_version": "1.16.100",
					"minecraft:block": {
						"description": {
							"identifier": "nubs:scorched_grass_short"
						},
						"components": {
							"minecraft:destroy_time": 0.1,
							"minecraft:block_light_emission": 0,
							"minecraft:block_light_absorption": 0,
							"minecraft:flammable": {
								"burn_odds": 5,
								"flame_odds": 5
							},
							"minecraft:explosion_resistance": 0,
							"minecraft:loot": "loot_tables/blocks/scorched_grass_short.json",
							"minecraft:material_instances": {
								"*": {
									"texture": "nubs_scorched_grass_short",
									"render_method": "alpha_test",
									"ambient_occlusion": false,
									"face_dimming": false
								}
							},
							"minecraft:geometry": "geometry.shortx",
							"minecraft:entity_collision": false,
							"minecraft:pick_collision": {
								"origin": [
									-6,
									0,
									-6
								],
								"size": [
									12,
									8,
									12
								]
							},
							"minecraft:placement_filter": {
								"conditions": [
									{
										"block_filter": [
											"minecraft:dirt",
											"minecraft:grass",
											"minecraft:podzol",
											"nubs:scorched_grass"
										],
										"allowed_faces": [
											"up"
										]
									}
								]
							},
							"minecraft:creative_category": {
								"category": "commands",
								"group": "commands"
							}
						},
						"events": {}
					}
				},
				"key": "minecraft:block",
				"children": [
					{
						"key": "description",
						"is_minified": true,
						"children": {
							"identifier": "nubs:scorched_grass_short"
						}
					},
					{
						"open": {
							"description": {
								"identifier": "nubs:scorched_grass_short"
							},
							"components": {
								"minecraft:destroy_time": 0.1,
								"minecraft:block_light_emission": 0,
								"minecraft:block_light_absorption": 0,
								"minecraft:flammable": {
									"burn_odds": 5,
									"flame_odds": 5
								},
								"minecraft:explosion_resistance": 0,
								"minecraft:loot": "loot_tables/blocks/scorched_grass_short.json",
								"minecraft:material_instances": {
									"*": {
										"texture": "nubs_scorched_grass_short",
										"render_method": "alpha_test",
										"ambient_occlusion": false,
										"face_dimming": false
									}
								},
								"minecraft:geometry": "geometry.shortx",
								"minecraft:entity_collision": false,
								"minecraft:pick_collision": {
									"origin": [
										-6,
										0,
										-6
									],
									"size": [
										12,
										8,
										12
									]
								},
								"minecraft:placement_filter": {
									"conditions": [
										{
											"block_filter": [
												"minecraft:dirt",
												"minecraft:grass",
												"minecraft:podzol",
												"nubs:scorched_grass"
											],
											"allowed_faces": [
												"up"
											]
										}
									]
								},
								"minecraft:creative_category": {
									"category": "commands",
									"group": "commands"
								}
							},
							"events": {}
						},
						"key": "components",
						"is_minified": true,
						"children": {
							"minecraft:destroy_time": 0.1,
							"minecraft:block_light_emission": 0,
							"minecraft:block_light_absorption": 0,
							"minecraft:flammable": {
								"burn_odds": 5,
								"flame_odds": 5
							},
							"minecraft:explosion_resistance": 0,
							"minecraft:loot": "loot_tables/blocks/scorched_grass_short.json",
							"minecraft:material_instances": {
								"*": {
									"texture": "nubs_scorched_grass_short",
									"render_method": "alpha_test",
									"ambient_occlusion": false,
									"face_dimming": false
								}
							},
							"minecraft:geometry": "geometry.shortx",
							"minecraft:entity_collision": false,
							"minecraft:pick_collision": {
								"origin": [
									-6,
									0,
									-6
								],
								"size": [
									12,
									8,
									12
								]
							},
							"minecraft:placement_filter": {
								"conditions": [
									{
										"block_filter": [
											"minecraft:dirt",
											"minecraft:grass",
											"minecraft:podzol",
											"nubs:scorched_grass"
										],
										"allowed_faces": [
											"up"
										]
									}
								]
							},
							"minecraft:creative_category": {
								"category": "commands",
								"group": "commands"
							}
						}
					},
					{
						"key": "events",
						"is_minified": true,
						"children": {}
					}
				]
			}
		]
	}
}