{
	"file_path": "C:\\Users\\jepco\\AppData\\Local\\Packages\\Microsoft.MinecraftUWP_8wekyb3d8bbwe\\LocalState\\games\\com.mojang\\development_behavior_packs\\WasteLanders 2.3 BP\\blocks\\scorched_lands\\nubs_scorched_vines.json",
	"file_type": "block",
	"format_version": 1,
	"file_uuid": "bdb1b594_0348_476f_8bfb_736e0ae111b3",
	"file_version": 0,
	"cache_content": {
		"children": [
			{
				"data": "1.16.100",
				"key": "format_version"
			},
			{
				"open": {
					"format_version": "1.16.100",
					"minecraft:block": {
						"description": {
							"identifier": "nubs:scorched_vines"
						},
						"components": {
							"minecraft:destroy_time": 0.1,
							"minecraft:block_light_emission": 0,
							"minecraft:block_light_absorption": 0,
							"minecraft:flammable": {
								"burn_odds": 5,
								"flame_odds": 5
							},
							"minecraft:explosion_resistance": 0,
							"minecraft:loot": "loot_tables/blocks/scorched_vines.json",
							"minecraft:material_instances": {
								"*": {
									"texture": "nubs_scorched_vines",
									"render_method": "alpha_test"
								}
							},
							"minecraft:geometry": "geometry.shortx",
							"minecraft:entity_collision": false,
							"minecraft:pick_collision": {
								"origin": [
									-4,
									0,
									-4
								],
								"size": [
									8,
									16,
									8
								]
							},
							"minecraft:creative_category": {
								"category": "commands",
								"group": "commands"
							}
						},
						"events": {}
					}
				},
				"key": "minecraft:block",
				"children": [
					{
						"key": "description",
						"is_minified": true,
						"children": {
							"identifier": "nubs:scorched_vines"
						}
					},
					{
						"open": {
							"description": {
								"identifier": "nubs:scorched_vines"
							},
							"components": {
								"minecraft:destroy_time": 0.1,
								"minecraft:block_light_emission": 0,
								"minecraft:block_light_absorption": 0,
								"minecraft:flammable": {
									"burn_odds": 5,
									"flame_odds": 5
								},
								"minecraft:explosion_resistance": 0,
								"minecraft:loot": "loot_tables/blocks/scorched_vines.json",
								"minecraft:material_instances": {
									"*": {
										"texture": "nubs_scorched_vines",
										"render_method": "alpha_test"
									}
								},
								"minecraft:geometry": "geometry.shortx",
								"minecraft:entity_collision": false,
								"minecraft:pick_collision": {
									"origin": [
										-4,
										0,
										-4
									],
									"size": [
										8,
										16,
										8
									]
								},
								"minecraft:creative_category": {
									"category": "commands",
									"group": "commands"
								}
							},
							"events": {}
						},
						"key": "components",
						"is_minified": true,
						"children": {
							"minecraft:destroy_time": 0.1,
							"minecraft:block_light_emission": 0,
							"minecraft:block_light_absorption": 0,
							"minecraft:flammable": {
								"burn_odds": 5,
								"flame_odds": 5
							},
							"minecraft:explosion_resistance": 0,
							"minecraft:loot": "loot_tables/blocks/scorched_vines.json",
							"minecraft:material_instances": {
								"*": {
									"texture": "nubs_scorched_vines",
									"render_method": "alpha_test"
								}
							},
							"minecraft:geometry": "geometry.shortx",
							"minecraft:entity_collision": false,
							"minecraft:pick_collision": {
								"origin": [
									-4,
									0,
									-4
								],
								"size": [
									8,
									16,
									8
								]
							},
							"minecraft:creative_category": {
								"category": "commands",
								"group": "commands"
							}
						}
					},
					{
						"key": "events",
						"is_minified": true,
						"children": {}
					}
				]
			}
		]
	}
}