{
	"format_version": "1.20.20",
	"minecraft:block": {
		"description": {
			"identifier": "nubs:briar_patch",
			"menu_category": {
				"category": "commands",
				"group": "commands"
			}
		},
		"components": {
			"minecraft:destructible_by_mining": {
				"seconds_to_destroy": 0.5
			},
			"minecraft:destructible_by_explosion": true,
			"minecraft:flammable": true,
			"minecraft:loot": "loot_tables/blocks/briar_patch.json",
			"minecraft:material_instances": {
				"*": {
					"texture": "nubs_briar_patch",
					"render_method": "alpha_test"
				}
			},
			"minecraft:geometry": "geometry.bush",
			"minecraft:selection_box": {
				"origin": [
					-8,
					0,
					-8
				],
				"size": [
					16,
					16,
					16
				]
			},
			"minecraft:placement_filter": {
				"conditions": [
					{
						"block_filter": [
							"minecraft:dirt",
							"minecraft:grass",
							"minecraft:sand",
							"nubs:briar_patch",
							"minecraft:podzol",
							"nubs:irradiated_dirt"
						],
						"allowed_faces": [
							"up"
						]
					}
				]
			},
			"minecraft:collision_box": {
				"origin": [
					-8,
					0,
					-8
				],
				"size": [
					16,
					4,
					16
				]
			},
			"minecraft:friction": 0.9,
			"minecraft:on_step_on": {
				"event": "thorns"
			},
			"minecraft:on_step_off": {
				"event": "thorns"
			}
		},
		"events": {
			"thorns": {
				"damage": {
					"amount": 2,
					"type": "magma"
				}
			}
		}
	}
}