{
	"format_version": "1.20.20",
	"minecraft:block": {
		"description": {
			"identifier": "nubs:dead_roots",
			"menu_category": {
				"category": "commands",
				"group": "commands"
			}
		},
		"components": {
			"minecraft:destructible_by_mining": {
				"seconds_to_destroy": 0.1
			},
			"minecraft:destructible_by_explosion": true,
			"minecraft:flammable": true,
			"minecraft:loot": "loot_tables/blocks/dead_roots.json",
			"minecraft:material_instances": {
				"*": {
					"texture": "nubs_dead_roots",
					"render_method": "alpha_test"
				}
			},
			"minecraft:geometry": "geometry.shortx",
			"minecraft:collision_box": false,
			"minecraft:selection_box": {
				"origin": [
					-6,
					8,
					-6
				],
				"size": [
					12,
					8,
					12
				]
			}
		},
		"events": {}
	}
}