{
	"format_version": "1.20.20",
	"minecraft:block": {
		"description": {
			"identifier": "nubs:dead_vines",
			"minecraft:creative_category": {
				"category": "commands",
				"group": "commands"
			}
		},
		"components": {
			"minecraft:destructible_by_mining": {
				"seconds_to_destroy": 0.1
			},
			"minecraft:destructible_by_explosion": true,
			"minecraft:flammable": true,
			"minecraft:loot": "loot_tables/blocks/dead_vines.json",
			"minecraft:material_instances": {
				"*": {
					"texture": "nubs_dead_vines",
					"render_method": "alpha_test"
				}
			},
			"minecraft:geometry": "geometry.shortx",
			"minecraft:collision_box": false,
			"minecraft:selection_box": {
				"origin": [
					-4,
					0,
					-4
				],
				"size": [
					8,
					16,
					8
				]
			}
		},
		"events": {}
	}
}