{
	"format_version": "1.20.20",
	"minecraft:block": {
		"description": {
			"identifier": "nubs:tall_dead_grass_upper",
			"menu_category": {
				"category": "commands",
				"group": "commands"
			}
		},
		"components": {
			"minecraft:destructible_by_mining": {
				"seconds_to_destroy": 0.1
			},
			"minecraft:destructible_by_explosion": true,
			"minecraft:flammable": true,
			"minecraft:collision_box": false,
			"minecraft:selection_box": {
				"origin": [
					-6,
					0,
					-6
				],
				"size": [
					12,
					12,
					12
				]
			},
			"minecraft:placement_filter": {
				"conditions": [
					{
						"block_filter": [
							"nubs:tall_dead_grass_lower"
						],
						"allowed_faces": [
							"up"
						]
					}
				]
			},
			"minecraft:on_player_destroyed": {
				"event": "destroy"
			},
			"minecraft:material_instances": {
				"*": {
					"texture": "nubs_tall_dead_grass_upper",
					"render_method": "alpha_test"
				}
			},
			"minecraft:geometry": "geometry.crop",
			"minecraft:loot": "loot_tables/null.json"
		},
		"events": {
			"destroy": {
				"run_command": {
					"command": [
						"setblock ~ ~-1 ~ air destroy"
					]
				}
			}
		}
	}
}