{
	"format_version": "1.20.20",
	"minecraft:block": {
		"description": {
			"identifier": "nubs:tall_dead_grass_lower",
			"menu_category": {
				"category": "commands",
				"group": "commands"
			}
		},
		"components": {
			"minecraft:destructible_by_mining": {
				"seconds_to_destroy": 0.1
			},
			"minecraft:destructible_by_explosion": true,
			"minecraft:flammable": true,
			"minecraft:loot": "loot_tables/blocks/tall_dead_grass.json",
			"minecraft:material_instances": {
				"*": {
					"texture": "nubs_tall_dead_grass_lower",
					"render_method": "alpha_test"
				}
			},
			"minecraft:geometry": "geometry.crop",
			"minecraft:collision_box": false,
			"minecraft:selection_box": {
				"origin": [
					-6,
					0,
					-6
				],
				"size": [
					12,
					16,
					12
				]
			},
			"minecraft:placement_filter": {
				"conditions": [
					{
						"block_filter": [
							"minecraft:dirt",
							"minecraft:podzol",
							"minecraft:sand",
							"nubs:irradiated_dirt"
						],
						"allowed_faces": [
							"up"
						]
					}
				]
			},
			"minecraft:on_placed": {
				"event": "collision"
			},
			"minecraft:on_player_placing": {
				"event": "collision"
			}
		},
		"events": {
			"collision": {
				"run_command": {
					"command": [
						"setblock ~ ~1 ~ nubs:tall_dead_grass_upper"
					]
				}
			}
		}
	}
}