{
	"format_version": "1.20.20",
	"minecraft:block": {
		"description": {
			"identifier": "nubs:fallen_leaves",
			"menu_category": {
				"group": "commands",
				"category": "commands"
			}
		},
		"components": {
			"minecraft:destructible_by_mining": {
				"seconds_to_destroy": 0.1
			},
			"minecraft:destructible_by_explosion": true,
			"minecraft:flammable": true,
			"minecraft:loot": "loot_tables/blocks/fallen_leaves.json",
			"minecraft:material_instances": {
				"*": {
					"texture": "nubs_fallen_leaves",
					"render_method": "alpha_test"
				}
			},
			"minecraft:geometry": "geometry.flat_block",
			"minecraft:collision_box": {
				"origin": [
					-8,
					0,
					-8
				],
				"size": [
					16,
					2,
					16
				]
			},
			"minecraft:selection_box": {
				"origin": [
					-8,
					0,
					-8
				],
				"size": [
					16,
					2,
					16
				]
			}
		},
		"events": {}
	}
}