{
	"format_version": "1.13.0",
	"minecraft:biome": {
		"description": {
			"identifier": "cherry_grove"
		},
		"components": {
			"minecraft:climate": {
				"downfall": 0.8,
				"temperature": 0.3
			},
			"minecraft:surface_parameters": {
				"sea_floor_depth": 7,
				"sea_floor_material": "minecraft:gravel",
				"foundation_material": "minecraft:stone",
				"mid_material": "minecraft:dirt",
				"sea_material": "minecraft:water",
				"top_material": {
					"name": "minecraft:dirt",
					"states": {
						"dirt_type": "coarse"
					}
				}
			},
			"minecraft:mountain_parameters": {
				"top_slide": {
					"enabled": false
				}
			},
			"mountains": {},
			"monster": {},
			"overworld": {},
			"bee_habitat": {},
			"animal": {},
			"forest": {}
		}
	}
}