{
	"format_version": "1.13.0",
	"minecraft:biome": {
		"description": {
			"identifier": "cold_ocean"
		},
		"components": {
			"minecraft:climate": {
				"downfall": 0.5,
				"snow_accumulation": [
					0,
					0.125
				],
				"temperature": 0.5
			},
			"minecraft:overworld_height": {
				"noise_type": "ocean"
			},
			"minecraft:surface_parameters": {
				"sea_floor_depth": 7,
				"sea_floor_material": "minecraft:gravel",
				"foundation_material": "minecraft:stone",
				"mid_material": "minecraft:dirt",
				"top_material": {
					"name": "minecraft:dirt",
					"states": {
						"dirt_type": "coarse"
					}
				},
				"sea_material": "minecraft:water"
			},
			"minecraft:overworld_generation_rules": {
				"generate_for_climates": [
					[
						"cold",
						1
					]
				]
			},
			"cold": {},
			"monster": {},
			"ocean": {},
			"overworld": {}
		}
	}
}