{
	"format_version": "1.13.0",
	"minecraft:biome": {
		"description": {
			"identifier": "cold_beach"
		},
		"components": {
			"minecraft:climate": {
				"downfall": 0.3,
				"snow_accumulation": [
					0.125,
					0.25
				],
				"temperature": 0.05
			},
			"minecraft:overworld_height": {
				"noise_type": "beach"
			},
			"minecraft:surface_parameters": {
				"sea_floor_depth": 7,
				"sea_floor_material": "minecraft:gravel",
				"foundation_material": "minecraft:stone",
				"mid_material": "minecraft:sand",
				"top_material": "minecraft:sand",
				"sea_material": "minecraft:water"
			},
			"beach": {},
			"cold": {},
			"monster": {},
			"overworld": {}
		}
	}
}