{
	"format_version": "1.13.0",
	"minecraft:biome": {
		"description": {
			"identifier": "frozen_ocean"
		},
		"components": {
			"minecraft:climate": {
				"downfall": 0.5,
				"snow_accumulation": [
					0.125,
					0.25
				],
				"temperature": 0
			},
			"minecraft:frozen_ocean_surface": {
				"sea_floor_depth": 7,
				"sea_floor_material": "minecraft:gravel",
				"foundation_material": "minecraft:stone",
				"mid_material": "minecraft:dirt",
				"top_material": {
					"name": "minecraft:dirt",
					"states": {
						"dirt_type": "coarse"
					}
				},
				"sea_material": "minecraft:water"
			},
			"minecraft:overworld_height": {
				"noise_type": "ocean"
			},
			"minecraft:overworld_generation_rules": {
				"generate_for_climates": [
					[
						"frozen",
						1
					]
				]
			},
			"frozen": {},
			"monster": {},
			"ocean": {},
			"overworld": {}
		}
	}
}