{
	"format_version": "1.13.0",
	"minecraft:biome": {
		"description": {
			"identifier": "ice_mountains"
		},
		"components": {
			"minecraft:climate": {
				"downfall": 0.5,
				"snow_accumulation": [
					0.375,
					1.5
				],
				"temperature": 0
			},
			"minecraft:overworld_height": {
				"noise_type": "mountains"
			},
			"minecraft:surface_parameters": {
				"sea_floor_depth": 7,
				"sea_floor_material": "minecraft:gravel",
				"foundation_material": "minecraft:stone",
				"mid_material": "minecraft:dirt",
				"top_material": {
					"name": "minecraft:dirt",
					"states": {
						"dirt_type": "coarse"
					}
				},
				"sea_material": "minecraft:water"
			},
			"frozen": {},
			"ice": {},
			"mountain": {},
			"overworld": {}
		}
	}
}