{
	"format_version": "1.13.0",
	"minecraft:biome": {
		"description": {
			"identifier": "jagged_peaks"
		},
		"components": {
			"minecraft:climate": {
				"downfall": 0.9,
				"temperature": -0.7
			},
			"minecraft:mountain_parameters": {
				"peaks_factor": 1,
				"steep_material_adjustment": {
					"material": "minecraft:stone",
					"north_slopes": true,
					"east_slopes": true
				},
				"top_slide": {
					"enabled": false
				}
			},
			"minecraft:surface_parameters": {
				"sea_floor_depth": 7,
				"sea_floor_material": "minecraft:stone",
				"foundation_material": "minecraft:stone",
				"mid_material": "minecraft:stone",
				"top_material": "minecraft:snow",
				"sea_material": "minecraft:ice"
			},
			"mountains": {},
			"monster": {},
			"overworld": {}
		}
	}
}