{
	"format_version": "1.13.0",
	"minecraft:biome": {
		"description": {
			"identifier": "mesa_plateau_mutated"
		},
		"components": {
			"minecraft:climate": {
				"downfall": 0,
				"snow_accumulation": [
					0,
					0.125
				],
				"temperature": 2
			},
			"minecraft:mesa_surface": {
				"bryce_pillars": false,
				"clay_material": "minecraft:stained_hardened_clay",
				"sea_floor_depth": 7,
				"sea_floor_material": "minecraft:gravel",
				"foundation_material": "minecraft:stone",
				"hard_clay_material": "minecraft:hardened_clay",
				"has_forest": false,
				"mid_material": "minecraft:hardened_clay",
				"top_material": {
					"name": "minecraft:sand",
					"states": {
						"sand_type": "red"
					}
				},
				"sea_material": "minecraft:water"
			},
			"minecraft:overworld_height": {
				"noise_type": "mountains"
			},
			"mesa": {},
			"monster": {},
			"mutated": {},
			"overworld": {},
			"plateau": {},
			"stone": {}
		}
	}
}