{
	"format_version": "1.13.0",
	"minecraft:biome": {
		"description": {
			"identifier": "mushroom_island"
		},
		"components": {
			"minecraft:climate": {
				"downfall": 1,
				"snow_accumulation": [
					0,
					0.125
				],
				"temperature": 0.9
			},
			"minecraft:overworld_height": {
				"noise_type": "mushroom"
			},
			"minecraft:surface_parameters": {
				"sea_floor_depth": 7,
				"sea_floor_material": "minecraft:gravel",
				"foundation_material": "minecraft:stone",
				"mid_material": "minecraft:dirt",
				"top_material": "minecraft:mycelium",
				"sea_material": "minecraft:water"
			},
			"mooshroom_island": {},
			"overworld": {}
		}
	}
}