{
	"format_version": "1.13.0",
	"minecraft:biome": {
		"description": {
			"identifier": "roofed_forest_mutated"
		},
		"components": {
			"minecraft:climate": {
				"downfall": 0.8,
				"snow_accumulation": [
					0,
					0.125
				],
				"temperature": 0.7
			},
			"minecraft:overworld_height": {
				"noise_type": "default_mutated"
			},
			"minecraft:surface_parameters": {
				"sea_floor_depth": 7,
				"sea_floor_material": "minecraft:gravel",
				"foundation_material": "minecraft:stone",
				"mid_material": "nubs:irradiated_dirt",
				"sea_material": "minecraft:water",
				"top_material": "nubs:irradiated_dirt"
			},
			"minecraft:surface_material_adjustments": {
				"adjustments": [
					{
						"materials": {
							"top_material": {
								"name": "minecraft:mud"
							}
						},
						"noise_frequency_scale": 0.1,
						"noise_range": [
							0.25,
							1
						]
					}
				]
			},
			"monster": {},
			"overworld": {},
			"wastelands": {}
		}
	}
}