{
	"format_version": "1.13.0",
	"minecraft:biome": {
		"description": {
			"identifier": "savanna_mutated"
		},
		"components": {
			"minecraft:climate": {
				"downfall": 0.5,
				"snow_accumulation": [
					0,
					0.125
				],
				"temperature": 1.1
			},
			"minecraft:overworld_height": {
				"noise_params": [
					0.3625,
					1.225
				]
			},
			"minecraft:surface_parameters": {
				"sea_floor_depth": 7,
				"sea_floor_material": "minecraft:gravel",
				"foundation_material": "minecraft:stone",
				"mid_material": "minecraft:dirt",
				"top_material": {
					"name": "minecraft:dirt",
					"states": {
						"dirt_type": "coarse"
					}
				},
				"sea_material": "minecraft:water"
			},
			"minecraft:surface_material_adjustments": {
				"adjustments": [
					{
						"materials": {
							"mid_material": "minecraft:stone",
							"top_material": "minecraft:stone"
						},
						"noise_frequency_scale": 0.0625,
						"noise_range": [
							0.212,
							1
						]
					},
					{
						"materials": {
							"top_material": {
								"name": "minecraft:dirt",
								"states": {
									"dirt_type": "coarse"
								}
							}
						},
						"noise_frequency_scale": 0.0625,
						"noise_range": [
							-0.061,
							0.212
						]
					}
				]
			},
			"animal": {},
			"monster": {},
			"mutated": {},
			"overworld": {},
			"savanna": {}
		}
	}
}