{
	"format_version": "1.13.0",
	"minecraft:biome": {
		"description": {
			"identifier": "sunflower_plains"
		},
		"components": {
			"minecraft:climate": {
				"downfall": 0.8,
				"temperature": 0.3,
				"white_ash": 0.1
			},
			"minecraft:surface_parameters": {
				"sea_floor_depth": 7,
				"sea_floor_material": "minecraft:gravel",
				"foundation_material": "minecraft:stone",
				"top_material": "nubs:scorched_grass",
				"sea_material": "minecraft:water",
				"mid_material": {
					"name": "minecraft:dirt",
					"states": {
						"dirt_type": "coarse"
					}
				}
			},
			"minecraft:overworld_height": {
				"noise_type": "lowlands"
			},
			"minecraft:surface_material_adjustments": {
				"adjustments": [
					{
						"materials": {
							"top_material": "nubs:bloodstone",
							"mid_material": "nubs:bloodstone"
						},
						"noise_frequency_scale": 0.0625,
						"noise_range": [
							0.212,
							1
						]
					}
				]
			},
			"monster": {},
			"overworld": {},
			"scorched_lands": {}
		}
	}
}