{
	"format_version": "1.13.0",
	"minecraft:biome": {
		"description": {
			"identifier": "swampland"
		},
		"components": {
			"minecraft:climate": {
				"downfall": 0.5,
				"snow_accumulation": [
					0,
					0.125
				],
				"temperature": 0.8
			},
			"minecraft:overworld_height": {
				"noise_type": "swamp"
			},
			"minecraft:swamp_surface": {
				"sea_floor_depth": 7,
				"sea_floor_material": "minecraft:gravel",
				"foundation_material": "minecraft:stone",
				"mid_material": "minecraft:dirt",
				"top_material": "minecraft:grass",
				"sea_material": "minecraft:water"
			},
			"minecraft:overworld_generation_rules": {
				"mutate_transformation": "swampland_mutated",
				"generate_for_climates": [
					[
						"medium",
						1
					]
				]
			},
			"minecraft:surface_material_adjustments": {
				"adjustments": [
					{
						"materials": {
							"top_material": "minecraft:mud",
							"mid_material": "minecraft:mud"
						},
						"noise_frequency_scale": 0.0625,
						"noise_range": [
							0.212,
							1
						]
					}
				]
			},
			"animal": {},
			"monster": {},
			"overworld": {},
			"everglades": {},
			"mangrove_swamp": {}
		}
	}
}