{
	"format_version": "1.20.20",
	"minecraft:block": {
		"description": {
			"identifier": "nubs:mossy_stone_rubble",
			"menu_category": {
				"group": "itemGroup.name.stone",
				"category": "nature"
			},
			"states": {
				"nubs:direction": [
					0,
					1,
					2,
					3
				]
			}
		},
		"components": {
			"minecraft:destructible_by_mining": {
				"seconds_to_destroy": 0.1
			},
			"minecraft:destructible_by_explosion": true,
			"minecraft:on_player_placing": {
				"event": "facing_direction"
			},
			"minecraft:geometry": "geometry.rubble",
			"minecraft:material_instances": {
				"*": {
					"texture": "nubs_mossy_stone",
					"render_method": "opaque"
				}
			},
			"minecraft:selection_box": {
				"origin": [
					-6,
					0,
					-6
				],
				"size": [
					12,
					4,
					12
				]
			},
			"minecraft:collision_box": {
				"origin": [
					-6,
					0,
					-6
				],
				"size": [
					12,
					4,
					12
				]
			}
		},
		"permutations": [
			{
				"condition": "query.block_state('nubs:direction') == 0",
				"components": {
					"minecraft:transformation": {
						"rotation": [
							0,
							180,
							0
						]
					}
				}
			},
			{
				"condition": "query.block_state('nubs:direction') == 1",
				"components": {
					"minecraft:transformation": {
						"rotation": [
							0,
							0,
							0
						]
					}
				}
			},
			{
				"condition": "query.block_state('nubs:direction') == 2",
				"components": {
					"minecraft:transformation": {
						"rotation": [
							0,
							-90,
							0
						]
					}
				}
			},
			{
				"condition": "query.block_state('nubs:direction') == 3",
				"components": {
					"minecraft:transformation": {
						"rotation": [
							0,
							90,
							0
						]
					}
				}
			}
		],
		"events": {
			"facing_direction": {
				"set_block_state": {
					"nubs:direction": "query.cardinal_facing_2d-2"
				}
			}
		}
	}
}