{
	"format_version": "1.16.100",
	"minecraft:block": {
		"description": {
			"identifier": "nubs:stairs_collision",
			"properties": {
				"nubs:sensor": [
					true,
					false
				],
				"nubs:direction": [
					0,
					1,
					2,
					3
				]
			}
		},
		"components": {
			"minecraft:block_light_absorption": 0,
			"minecraft:geometry": "geometry.custom_stairs",
			"minecraft:material_instances": {
				"*": {
					"texture": "nubs_air",
					"render_method": "alpha_test"
				}
			},
			"minecraft:entity_collision": {
				"origin": [
					-8,
					0,
					-8
				],
				"size": [
					16,
					0.1,
					8
				]
			},
			"minecraft:pick_collision": false,
			"minecraft:placement_filter": {
				"conditions": [
					{
						"block_filter": [
							{
								"tags": "query.any_tag('stairs')"
							}
						],
						"allowed_faces": [
							"up"
						]
					}
				]
			},
			"minecraft:loot": "loot_tables/empty.json",
			"minecraft:on_step_off": {
				"event": "nubs:removal",
				"target": "self"
			}
		},
		"permutations": [
			{
				"condition": "query.block_property('nubs:direction') == 0",
				"components": {
					"minecraft:rotation": [
						0,
						0,
						0
					]
				}
			},
			{
				"condition": "query.block_property('nubs:direction') == 1",
				"components": {
					"minecraft:rotation": [
						0,
						180,
						0
					]
				}
			},
			{
				"condition": "query.block_property('nubs:direction') == 2",
				"components": {
					"minecraft:rotation": [
						0,
						90,
						0
					]
				}
			},
			{
				"condition": "query.block_property('nubs:direction') == 3",
				"components": {
					"minecraft:rotation": [
						0,
						-90,
						0
					]
				}
			},
			{
				"condition": "query.block_property('nubs:sensor') == true",
				"components": {
					"minecraft:ticking": {
						"looping": true,
						"range": [
							1,
							1
						],
						"on_tick": {
							"event": "nubs:remove",
							"target": "self"
						}
					}
				}
			}
		],
		"events": {
			"nubs:direction": {
				"set_block_property": {
					"nubs:direction": "query.cardinal_facing_2d-2"
				}
			},
			"nubs:remove": {
				"run_command": {
					"command": [
						"fill ~ ~ ~ ~ ~ ~ air replace nubs:stairs_collision"
					]
				}
			},
			"nubs:removal": {
				"set_block_property": {
					"nubs:sensor": true
				}
			}
		}
	}
}