{
	"file_path": "C:\\Users\\jepco\\OneDrive\\Documents\\AddonDev\\projects\\WasteLanders 2.3\\BP\\items\\scrap_hook_thrower.json",
	"file_type": "item",
	"format_version": 1,
	"file_uuid": "fe30e68e_0f1d_4fa8_bed6_2040a487dc68",
	"file_version": 18,
	"cache_content": {
		"children": [
			{
				"data": "1.16.100",
				"key": "format_version"
			},
			{
				"open": {
					"format_version": "1.16.100",
					"minecraft:item": {
						"description": {
							"identifier": "nubs:scrap_hook_thrower",
							"category": "equipment"
						},
						"components": {
							"minecraft:display_name": {
								"value": "Scrap Hook"
							},
							"minecraft:max_stack_size": 1,
							"minecraft:hand_equipped": true,
							"minecraft:use_duration": 0,
							"minecraft:durability": {
								"max_durability": 50
							},
							"minecraft:icon": {
								"texture": "nubs:scrap_hook_thrower"
							},
							"minecraft:repairable": {
								"repair_items": [
									{
										"items": [
											"nubs:metal_scraps"
										],
										"repair_amount": "context.other->query.remaining_durability+0.05*context.other->query.max_durability"
									}
								]
							},
							"minecraft:on_use": {
								"on_use": {
									"event": "shoot"
								}
							},
							"minecraft:cooldown": {
								"category": "scrap_hook",
								"duration": 1
							},
							"minecraft:wearable": {
								"slot": "slot.weapon.mainhand"
							},
							"tag:gun": {}
						},
						"events": {
							"shoot": {
								"sequence": [
									{
										"damage": {
											"type": "none",
											"amount": 1,
											"target": "self"
										}
									},
									{
										"shoot": {
											"projectile": "nubs:scrap_hook",
											"launch_power": 1.35
										}
									}
								]
							}
						}
					}
				},
				"key": "minecraft:item",
				"children": [
					{
						"key": "description",
						"is_minified": true,
						"children": {
							"identifier": "nubs:scrap_hook_thrower",
							"category": "equipment"
						}
					},
					{
						"open": {
							"description": {
								"identifier": "nubs:scrap_hook_thrower",
								"category": "equipment"
							},
							"components": {
								"minecraft:display_name": {
									"value": "Scrap Hook"
								},
								"minecraft:max_stack_size": 1,
								"minecraft:hand_equipped": true,
								"minecraft:use_duration": 0,
								"minecraft:durability": {
									"max_durability": 50
								},
								"minecraft:icon": {
									"texture": "nubs:scrap_hook_thrower"
								},
								"minecraft:repairable": {
									"repair_items": [
										{
											"items": [
												"nubs:metal_scraps"
											],
											"repair_amount": "context.other->query.remaining_durability+0.05*context.other->query.max_durability"
										}
									]
								},
								"minecraft:on_use": {
									"on_use": {
										"event": "shoot"
									}
								},
								"minecraft:cooldown": {
									"category": "scrap_hook",
									"duration": 1
								},
								"minecraft:wearable": {
									"slot": "slot.weapon.mainhand"
								},
								"tag:gun": {}
							},
							"events": {
								"shoot": {
									"sequence": [
										{
											"damage": {
												"type": "none",
												"amount": 1,
												"target": "self"
											}
										},
										{
											"shoot": {
												"projectile": "nubs:scrap_hook",
												"launch_power": 1.35
											}
										}
									]
								}
							}
						},
						"key": "components",
						"is_minified": true,
						"children": {
							"minecraft:display_name": {
								"value": "Scrap Hook"
							},
							"minecraft:max_stack_size": 1,
							"minecraft:hand_equipped": true,
							"minecraft:use_duration": 0,
							"minecraft:durability": {
								"max_durability": 50
							},
							"minecraft:icon": {
								"texture": "nubs:scrap_hook_thrower"
							},
							"minecraft:repairable": {
								"repair_items": [
									{
										"items": [
											"nubs:metal_scraps"
										],
										"repair_amount": "context.other->query.remaining_durability+0.05*context.other->query.max_durability"
									}
								]
							},
							"minecraft:on_use": {
								"on_use": {
									"event": "shoot"
								}
							},
							"minecraft:cooldown": {
								"category": "scrap_hook",
								"duration": 1
							},
							"minecraft:wearable": {
								"slot": "slot.weapon.mainhand"
							},
							"tag:gun": {}
						}
					},
					{
						"key": "events",
						"is_minified": true,
						"children": {
							"shoot": {
								"sequence": [
									{
										"damage": {
											"type": "none",
											"amount": 1,
											"target": "self"
										}
									},
									{
										"shoot": {
											"projectile": "nubs:scrap_hook",
											"launch_power": 1.35
										}
									}
								]
							}
						}
					}
				]
			}
		]
	}
}